date,H,G,Rn,LE,Rn_subday_gaps,H_subday_gaps,LE_subday_gaps,G_subday_gaps,rso,flux,energy,ebr_5day_clim,ebc_cf,ebr_corr,flux_corr,H_corr,ebr,LE_corr,ET,ET_corr,gridMET_ETr,gridMET_ETo,gridMET_prcp,EToF,EToF_filtered,ET_fill,ET_gap,ET_fill_val
2004-01-01,,,,,,,,,130.0389587294922,,,1.0000000000000415,0.9999999999999584,1.0000000000000415,,,,16.355318337462773,,0.575886796842742,2.5,1.6,4.8,,0.3599292480267138,0.575886796842742,True,0.575886796842742
2004-01-02,9.024566873614344,-5.49580594361028,16.05406611111112,12.305082264434269,0.0,7.0,7.0,7.0,130.53843001845541,21.32964913804861,21.549872054721398,1.0000000000000246,0.9999999999999754,1.0000000000000246,21.329649138048087,9.024566873614123,0.9897807784606064,12.305082264433965,0.4332740130114031,0.4332740130113925,1.7,1.1,2.0,0.3938854663739931,0.33812404060836804,0.3719364446692049,False,
2004-01-03,14.811041221095259,-5.272366751038889,20.577227777777775,11.038553307715583,0.0,0.0,0.0,0.0,131.0780052605672,25.84959452881085,25.849594528816663,1.0000000000000224,0.9999999999999776,1.0000000000000224,25.849594528810268,14.811041221094928,0.9999999999997752,11.03855330771534,0.3886782864750004,0.38867828647499175,1.1,0.7,0.0,0.5552546949642739,0.3264207660481793,0.2284945362337255,False,
2004-01-04,22.05985641374097,-5.896379802245276,25.421186111111112,9.257709499615858,0.0,0.0,0.0,0.0,131.6575653914419,31.317565913356823,31.31756591335639,1.000000000000009,0.9999999999999908,1.000000000000009,31.317565913356532,22.059856413740764,1.0000000000000138,9.257709499615773,0.3259730296794375,0.3259730296794344,1.6,1.0,0.0,0.3259730296794344,0.3264207660481793,0.3264207660481793,False,
2004-01-05,26.22322743019945,-5.95131225785486,29.472595833333358,9.200680661002432,0.0,0.0,0.0,0.0,132.27698019453928,35.42390809120188,35.423908091188224,0.9999999999999788,1.000000000000021,0.9999999999999788,35.423908091202634,26.22322743020001,1.0000000000003857,9.200680661002627,0.32396498834883736,0.32396498834884424,1.8000001,1.1,0.0,0.29451362577167656,0.3145075508692031,0.3459583059561235,False,
2004-01-06,21.76571942910541,-4.850587556945834,29.325079166666665,12.409947294491547,0.0,0.0,0.0,0.0,132.9361080407329,34.175666723596954,34.1756667236125,0.9999999999999922,1.0000000000001246,0.9999999999998757,34.17566672360121,21.76571942910812,0.9999999999995453,12.409947294493096,0.4369664135513655,0.4369664135514199,2.4,1.5,0.5,0.2913109423676133,0.30517933333006064,0.457768999995091,False,
2004-01-07,21.49600239298563,-4.619514124126389,38.56730416666665,21.690815897772342,0.0,0.0,0.0,0.0,133.6347956191403,43.18681829075797,43.18681829079305,1.0000000000000024,1.000000000000049,0.9999999999999509,43.1868182907601,21.49600239298669,0.9999999999991878,21.69081589777341,0.7637548979808826,0.7637548979809202,2.2,1.4,0.0,0.5455392128435145,0.2834459040592862,0.3968242656830007,False,
2004-01-08,19.88054460678666,-4.340523870278194,29.18174444444444,13.641723707964466,0.0,0.0,0.0,0.0,134.37287766083693,33.522268314751116,33.52226831472263,1.0000000000000138,0.9999999999999902,1.0000000000000098,33.522268314750804,19.880544606786465,1.00000000000085,13.64172370796433,0.4803384689614104,0.4803384689614057,2.8,1.8000001,0.0,0.26685469015329816,0.2731613351959809,0.4916904306688992,False,
2004-01-09,23.53808458823705,-4.3519496695632895,38.909776388888886,19.723641470213014,0.0,0.0,0.0,0.0,135.15017665713086,43.26172605845006,43.26172605845217,1.0000000000000264,0.9999999999999882,1.0000000000000118,43.26172605844955,23.53808458823677,0.9999999999999509,19.723641470212783,0.6944887573565699,0.6944887573565618,3.2,2.0,0.0,0.3472443786782809,0.2741512665508628,0.5483025331017256,False,
2004-01-10,27.784828380753748,-4.5509080588032935,34.15418611111112,10.920265789135067,0.0,0.0,0.0,0.0,135.96650257410707,38.70509416988881,38.705094169914425,1.0000000000000342,0.9999999999999902,1.0000000000000098,38.70509416988843,27.784828380753474,0.9999999999993384,10.92026578913496,0.3845132669519149,0.3845132669519112,3.6000001000000004,2.2,0.0,0.17477875770541415,0.2630942134581924,0.5788072696080233,False,
2004-01-11,26.79239510991904,-5.243385119914304,35.058379166666654,13.509369176653856,0.0,0.0,0.0,0.0,136.82165256518323,40.3017642865729,40.30176428658096,1.0000000000000555,0.9999999999999862,1.0000000000000138,40.301764286572336,26.792395109918672,0.9999999999998,13.509369176653669,0.475678136125852,0.4756781361258455,2.9,1.8000001,0.0,0.2642656164996021,0.27792311422112903,0.5002616333903437,False,
2004-01-12,36.469234440492755,-5.086828588778611,48.4482875,17.065881648286382,0.0,0.0,0.0,0.0,137.7154106834344,53.53511608877914,53.53511608877861,1.0000000000000702,0.9999999999999264,1.0000000000000735,53.535116088775204,36.46923444049008,1.0000000000000098,17.065881648285128,0.6009064278019802,0.6009064278019361,3.3,2.0,0.0,0.3004532139009681,0.2797678515657675,0.559535703131535,False,
2004-01-13,43.54464019522372,-5.193195961823054,57.15451111111112,18.528566877727922,0.0,6.0,6.0,6.0,138.64754759545664,62.073207072951654,62.34770707293418,1.0000000000000795,0.9999999999999264,1.0000000000000735,62.07320707294709,43.54464019522053,0.9955972719307636,18.528566877726554,0.652409009053661,0.652409009053613,4.8,2.9,0.0,0.2249686238115907,0.2939602252115307,0.8524846531134391,False,
2004-01-14,41.902828289661215,-5.561285023958887,55.09744722222222,18.755903956538155,0.0,0.0,0.0,0.0,139.61782029853606,60.65873224619937,60.65873224618112,1.0000000000000888,0.9999999999998934,1.0000000000001066,60.65873224619289,41.902828289656746,1.0000000000003009,18.75590395653616,0.6604137705274705,0.6604137705274001,2.9,1.8000001,0.0,0.3668965187987489,0.31779651871275405,0.5720337654626092,False,
2004-01-15,38.58822794049375,-4.895303912052501,51.15724444444446,17.464320416024307,0.0,0.0,0.0,0.0,140.62597184288416,56.05254835651806,56.052548356496935,1.0000000000000957,0.9999999999998604,1.0000000000001397,56.05254835651023,38.588227940488366,1.0000000000003768,17.464320416021867,0.6149358475268769,0.614935847526791,1.5,1.0,0.0,0.614935847526791,0.32085831792656394,0.32085831792656394,False,
2004-01-16,38.003602115263995,-5.387853342070611,49.80805805555554,17.19230928236623,0.0,0.0,0.0,0.0,141.67173106068154,55.19591139763021,55.195911397626155,1.0000000000001008,0.9999999999998876,1.0000000000001124,55.19591139762402,38.00360211525972,1.0000000000000735,17.192309282364302,0.6053580687740721,0.6053580687740041,2.2,1.4,0.0,0.4323986205528601,0.3259595939329629,0.456343431506148,False,
2004-01-17,44.89240300204903,-4.943953713711153,56.82691250000001,16.878463211645727,0.0,0.0,0.0,0.0,142.75481230364494,61.77086621369475,61.77086621371117,1.0000000000000997,0.9999999999998876,1.0000000000001124,61.77086621368781,44.892403002043984,0.9999999999997344,16.87846321164383,0.5943072408635619,0.5943072408634951,1.6,1.1,0.0,0.5402793098759046,0.35962325064008704,0.3955855757040957,False,
2004-01-18,22.186675570340807,-3.948123539387458,30.94252597222223,12.703973941273755,0.0,0.0,0.0,0.0,143.8749151908016,34.890649511614555,34.890649511609695,1.0000000000000964,0.9999999999998876,1.0000000000001124,34.89064951161064,22.186675570338306,1.0000000000001397,12.703973941272327,0.4473193801098928,0.4473193801098425,2.4,1.6,0.0,0.2795746125686515,0.3825708584496179,0.6121133735193887,False,
2004-01-19,46.22414124166958,-5.051097312453797,61.855454166666696,20.68241023746323,0.0,0.0,0.0,0.0,145.03172436811042,66.90655147913283,66.90655147912051,1.0000000000000946,0.9999999999998876,1.0000000000001124,66.90655147912528,46.224141241664384,1.000000000000184,20.682410237460907,0.7282479458292199,0.7282479458291381,1.8000001,1.2,0.0,0.6068732881909484,0.39965383422134537,0.4795846010656144,False,
2004-01-20,-8.371686164325348,-4.450689424210557,9.311031666666675,22.133407255208343,0.0,0.0,0.0,0.0,146.22490928152263,13.761721090882995,13.761721090877232,1.0000000000000857,0.9999999999998876,1.0000000000001124,13.761721090881453,-8.371686164324405,1.0000000000004188,22.133407255205857,0.7793389736854979,0.7793389736854103,1.2,0.8,8.5,0.9741737171067628,0.3405265730711036,0.2724212584568829,False,
2004-01-21,31.98004035799651,-4.221948457598334,46.275087499999984,14.85011782181524,0.0,6.0,6.0,6.0,147.45412396502113,46.830158179811754,50.49703595759832,1.0000000000000768,0.9999999999999152,1.0000000000000848,46.830158179807775,31.980040357993804,0.9273842967562376,14.850117821813981,0.5228872106728544,0.5228872106728101,1.8000001,1.2,0.0,0.4357393422273417,0.3405265730711036,0.40863188768532427,False,
2004-01-22,45.849034558040415,-5.731802260376109,58.04527222222222,17.92803992458861,0.0,0.0,0.0,0.0,148.71900684511183,63.777074482629025,63.77707448259832,1.0000000000000675,0.9999999999999264,1.0000000000000735,63.77707448262434,45.84903455803704,1.0000000000004812,17.92803992458729,0.6312638661511853,0.6312638661511389,2.2,1.4,0.0,0.4509027615365279,0.3608438932385876,0.5051814505340225,False,
2004-01-23,48.01817476006436,-7.2322833307704135,59.70114305555554,18.91525162626728,0.0,0.0,0.0,0.0,150.0191805631803,66.93342638633163,66.93342638632596,1.0000000000000582,0.9999999999999438,1.0000000000000562,66.93342638632788,48.018174760061655,1.0000000000000848,18.915251626266212,0.6660245582364731,0.6660245582364357,5.6,3.4,0.0,0.19588957595189285,0.34412620189585474,1.1700290864459062,False,
2004-01-24,19.87234410399405,-2.2854317175030108,47.92865277777778,30.34174039127992,0.0,0.0,0.0,0.0,151.35425181704903,50.21408449527397,50.2140844952808,1.0000000000000482,0.9999999999999613,1.0000000000000389,50.214084495272026,19.872344103993274,0.999999999999864,30.341740391278744,1.068362432576101,1.0683624325760597,2.4,1.5,0.0,0.7122416217173729,0.34412620189585474,0.5161893028437821,False,
2004-01-25,26.300237663229733,-2.6146516546663903,43.288352777777746,19.602766769179144,0.0,0.0,0.0,0.0,152.72381122299862,45.903004432408885,45.90300443244414,1.0000000000000318,0.9999999999999152,1.0000000000000848,45.90300443240498,26.300237663227506,0.999999999999232,19.602766769177478,0.6902326406022864,0.6902326406022278,1.8000001,1.2,0.0,0.5751938671685232,0.3135884884520257,0.3763061861424309,False,
2004-01-26,3.281668276556694,-5.583347896851389,12.72635,15.02802962028894,0.0,0.0,0.0,0.0,154.12743319943436,18.309697896845638,18.309697896851393,1.0000000000000242,0.9999999999999613,1.0000000000000389,18.309697896844927,3.2816682765565663,0.9999999999996856,15.028029620288356,0.5291516595591147,0.529151659559094,2.9,1.8000001,0.0,0.2939731278676562,0.2449313519097747,0.4408764579307297,False,
2004-01-27,10.65872188418749,-2.811558394043695,33.474511111111106,25.627347620948697,0.0,0.0,0.0,0.0,155.56467587329587,36.28606950513618,36.28606950515479,1.0000000000000178,0.9999999999999821,1.000000000000018,36.28606950513553,10.658721884187297,0.9999999999994871,25.62734762094824,0.9023640401543608,0.9023640401543446,2.5,1.6,0.0,0.5639775250964654,0.30419952115420146,0.4867192338467223,False,
2004-01-28,44.27415442306122,-2.4804885664290697,62.11483333333336,20.32116747670134,0.0,0.0,0.0,0.0,157.03508101022086,64.59532189976254,64.59532189976242,1.0000000000000135,0.99999999999999,1.00000000000001,64.5953218997619,44.27415442306078,1.000000000000002,20.321167476701135,0.7155282339847076,0.7155282339847004,1.4,1.0,0.0,0.7155282339847004,0.3634676903986282,0.3634676903986282,False,
2004-01-29,44.718392484728746,-0.2631147132724991,64.90241666666665,20.447138895212927,0.0,0.0,0.0,0.0,158.5381739693856,65.16553137994168,65.16553137993914,1.0000000000000115,0.99999999999999,1.00000000000001,65.16553137994103,44.71839248472832,1.0000000000000389,20.44713889521272,0.7199638111592713,0.7199638111592641,1.8000001,1.3000001,0.0,0.5538182736749513,0.3317434318316655,0.4312664945555084,False,
2004-01-30,6.4735076427343206,0.30504373608527746,41.11684027777777,34.33828889889473,0.0,0.0,0.0,0.0,160.07346368385132,40.81179654162905,40.8117965416925,1.0000000000000056,0.9999999999999979,1.000000000000002,40.81179654162897,6.473507642734307,0.9999999999984452,34.33828889889466,1.2090848245826866,1.2090848245826842,2.6000001,1.7,0.0,0.7112263674015792,0.2834888074875916,0.4819309727289057,False,
2004-01-31,36.683573877955844,-2.0263856641644447,50.64228611111113,15.985097897349426,0.0,0.0,0.0,0.0,161.6404426671545,52.66867177530527,52.66867177527558,1.0000000000000038,1.000000000000067,0.9999999999999328,52.6686717753088,36.683573877958295,1.0000000000005642,15.9850978973505,0.5628509721046674,0.562850972104705,2.0,1.3000001,0.0,0.4329622529295998,0.2834888074875916,0.3685354780827497,False,
2004-02-01,29.384881140906483,-0.8088094047370838,43.053383333333336,14.477311597168308,0.0,0.0,0.0,0.0,163.23858704678602,43.86219273807479,43.86219273807042,0.999999999999979,0.9999999999999979,1.000000000000002,43.862192738074704,29.38488114090642,1.0000000000000997,14.477311597168276,0.5097603379257072,0.5097603379257062,2.9,1.9,0.0,0.2682949146977401,0.2834888074875916,0.538628734226424,False,
2004-02-02,10.28578489268307,-3.82880845432861,15.779646666666661,9.322670228312553,0.0,0.0,0.0,0.0,164.86735662510426,19.60845512099562,19.60845512099527,0.99999999999993,0.9999999999999979,1.000000000000002,19.608455120995586,10.285784892683047,1.000000000000018,9.322670228312537,0.3282603606379564,0.3282603606379558,3.4,2.2,5.4,0.14920925483543446,0.2834888074875916,0.6236753764727015,False,
2004-02-03,21.207558044108666,-3.066218566645416,48.24650833333335,30.10516885584307,0.0,1.0,1.0,1.0,166.5261949681375,51.31272689995173,51.31272689997877,0.9999999999999222,0.99999999999999,1.00000000000001,51.31272689995122,21.207558044108453,0.9999999999994731,30.105168855842766,1.0600325168290723,1.0600325168290616,2.4,1.6,1.4,0.6625203230181634,0.2834888074875916,0.4535820919801466,False,
2004-02-04,,,,,,,,,168.21452952263368,,,0.9999999999999132,0.9999999999999821,1.000000000000018,,,,7.707190381357559,,0.2713777310717722,2.0,1.3000001,0.0,,0.20875208476658744,0.2713777310717722,True,0.2713777310717722
2004-02-05,,,76.46126666666666,,0.0,72.0,72.0,72.0,169.93177176161655,,,0.9999999999999108,0.9999999999999821,1.000000000000018,,,,9.815327444076212,,0.34560730430934494,2.4,1.6,0.0,,0.2160045651933406,0.34560730430934494,True,0.34560730430934494
2004-02-06,,,62.3972263888889,,0.0,72.0,72.0,72.0,171.67731735862012,,,0.9999999999998976,0.9999999999999821,1.000000000000018,,,,15.217324261157598,,0.5358169094882249,3.7,2.4,0.0,,0.2232570456200937,0.5358169094882249,True,0.5358169094882249
2004-02-07,,,33.02703055555553,,0.0,72.0,72.0,72.0,173.45054639067382,,,0.9999999999998804,1.0000000000002545,0.9999999999997456,,,,11.129090627308962,,0.3918661942796397,2.6000001,1.7,1.1,,0.2305095260468469,0.3918661942796397,True,0.3918661942796397
2004-02-08,,,72.4523913888889,,0.0,72.0,72.0,72.0,175.25082357001895,,,0.9999999999998546,1.0000000000005271,0.9999999999994731,,,,10.128744032027607,,0.3566430097104,2.3,1.5,0.0,,0.2377620064736,0.3566430097104,True,0.3566430097104
2004-02-09,,,,,0.0,72.0,72.0,72.0,177.0774985044506,,,0.9999999999998136,1.0000000000001863,0.9999999999998136,,,,11.829395845286953,,0.4165246277306003,2.6000001,1.7,0.0,,0.2450144869003532,0.4165246277306003,True,0.4165246277306003
2004-02-10,,,65.69854166666667,,0.0,72.0,72.0,72.0,178.92990598608262,,,0.9999999999997456,1.0000000000002545,0.9999999999997456,,,,13.612436507720172,,0.4793072379215019,3.0,1.9,0.0,,0.2522669673271063,0.4793072379215019,True,0.4793072379215019
2004-02-11,,,82.40337500000003,,0.0,72.0,72.0,72.0,180.807366308253,,,0.9999999999996092,1.0000000000003908,0.9999999999996092,,,,15.47786675636852,,0.5449908662350497,3.3,2.1000001,0.0,,0.2595194477538595,0.5449908662350497,True,0.5449908662350497
2004-02-12,,,,,0.0,72.0,72.0,72.0,182.70918561019573,,,0.9999999999994731,1.0000000000005271,0.9999999999994731,,,,14.395130574872045,,0.5068666635431639,2.9,1.9,0.0,,0.26677192818061257,0.5068666635431639,True,0.5068666635431639
2004-02-13,,,,,0.0,72.0,72.0,72.0,184.6346562490261,,,,,,,,,19.455891590063136,,0.6850610215184144,3.8,2.5,0.0,,0.27402440860736577,0.6850610215184144,True,0.6850610215184144
2004-02-14,,,64.35614166666667,,0.0,72.0,72.0,72.0,186.58305719850296,,,,,,,,,16.77549119264878,,0.5906814950993384,3.2,2.1000001,0.0,,0.28127688903411885,0.5906814950993384,True,0.5906814950993384
2004-02-15,,,45.87196805555557,,0.0,72.0,72.0,72.0,188.55365447395542,,,,,,,,,15.569171675599849,,0.5482058019756568,2.9,1.9,0.0,,0.28852936946087204,0.5482058019756568,True,0.5482058019756568
2004-02-16,,,19.336504166666668,,0.0,72.0,72.0,72.0,190.5457015826828,,,,,,,,,20.16065521159047,,0.7098764397303005,3.7,2.4,3.0,,0.2957818498876252,0.7098764397303005,True,0.7098764397303005
2004-02-17,,,,,0.0,72.0,72.0,72.0,192.5584399990693,,,,,,,,,31.84310697272705,,1.1212270221632,5.8,3.7,0.0,,0.3030343303143783,1.1212270221632,True,1.1212270221632
2004-02-18,,,28.58614444444443,,0.0,72.0,72.0,72.0,194.5910996635777,,,,,,,,,18.50565710768914,,0.6516023335850571,3.2,2.1000001,2.9,,0.31028681074113146,0.6516023335850571,True,0.6516023335850571
2004-02-19,,,,,0.0,72.0,72.0,72.0,196.64289950472732,,,,,,,,,16.232741774359187,,0.5715707558561214,2.6000001,1.8000001,0.0,,0.3175392911678846,0.5715707558561214,True,0.5715707558561214
2004-02-20,,,57.27907916666667,,0.0,72.0,72.0,72.0,198.7130479830913,,,,,,,,,15.681074544165895,,0.5521460117108842,2.5,1.7,0.0,,0.3247917715946377,0.5521460117108842,True,0.5521460117108842
2004-02-21,,,,,0.0,72.0,72.0,72.0,200.80074365629432,,,,,,,,,12.259174648367102,,0.4316575608322334,1.8000001,1.3000001,1.0,,0.3320442520213909,0.4316575608322334,True,0.4316575608322334
2004-02-22,,,,,0.0,72.0,72.0,72.0,202.9051757639272,,,,,,,,,16.381379762143883,,0.5768044451618448,2.4,1.7,1.8000001,,0.33929673244814396,0.5768044451618448,True,0.5768044451618448
2004-02-23,,,,,0.0,72.0,72.0,72.0,205.02552483124973,,,1.0000000000003817,0.9999999999996184,1.0000000000003817,,,,18.69994794420733,,0.6584435044623046,2.6000001,1.9,1.1,,0.34654921287489715,0.6584435044623046,True,0.6584435044623046
2004-02-24,,,,,0.0,72.0,72.0,72.0,207.16096329049557,,,1.0000000000003122,0.9999999999996878,1.0000000000003122,,,,28.13453996725956,,0.9906447412446208,4.3,2.8,0.0,,0.3538016933016503,0.9906447412446208,True,0.9906447412446208
2004-02-25,,,1.8474305555555528,,0.0,72.0,72.0,72.0,209.31065611855053,,,1.0000000000002431,0.9999999999997568,1.0000000000002431,,,,28.711261911476733,,1.0109516864395296,4.3,2.8,19.9,,0.3610541737284034,1.0109516864395296,True,1.0109516864395296
2004-02-26,,,,,0.0,72.0,72.0,72.0,211.47376148973248,,,1.0000000000002096,0.9999999999997904,1.0000000000002096,,,,24.0579867386057,,0.8471053045568602,3.5,2.3,3.3,,0.3683066541551566,0.8471053045568602,True,0.8471053045568602
2004-02-27,,,,,0.0,72.0,72.0,72.0,213.64943144235855,,,1.0000000000001887,0.9999999999998112,1.0000000000001887,,,,19.1987405093966,,0.6760064798033509,2.7,1.8000001,0.5,,0.3755591345819097,0.6760064798033509,True,0.6760064798033509
2004-02-28,,,75.4759013888889,,0.0,72.0,72.0,72.0,215.8368125577544,,,1.0000000000001756,0.9999999999998244,1.0000000000001756,,,,21.743876960091594,,0.7656232300173258,2.9,2.0,0.0,,0.3828116150086629,0.7656232300173258,True,0.7656232300173258
2004-02-29,,,,,0.0,72.0,72.0,72.0,218.03504665032293,,,1.0000000000001654,0.9999999999996184,1.0000000000003817,,,,27.694776507451248,,0.9751602385885401,3.6000001000000004,2.5,0.0,,0.39006409543541604,0.9751602385885401,True,0.9751602385885401
2004-03-01,,,49.76659305555553,,0.0,72.0,72.0,72.0,220.24327146726824,,,1.0000000000001583,0.9999999999997568,1.0000000000002431,,,,23.696154852810196,,0.8343648490422129,3.1000001,2.1000001,4.0,,0.3973165758621692,0.8343648490422129,True,0.8343648490422129
2004-03-02,,,,,0.0,72.0,72.0,72.0,222.46062139653895,,,1.0000000000001523,0.9999999999998952,1.0000000000001048,,,,20.681739876915312,,0.7282243417769657,2.7,1.8000001,3.2,,0.4045690562889223,0.7282243417769657,True,0.7282243417769657
2004-03-03,,,,,0.0,72.0,72.0,72.0,224.68622818154114,,,1.0000000000001483,0.9999999999998904,1.0000000000001097,,,,25.730819337926132,,0.906007380774486,3.1000001,2.2,0.0,,0.41182153671567545,0.906007380774486,True,0.906007380774486
2004-03-04,,,,,0.0,32.0,32.0,32.0,226.91922164114933,,,1.000000000000144,0.9999999999998952,1.0000000000001048,,,,27.37413791785441,,0.9638702394275857,3.3,2.3,0.0,,0.4190740171424286,0.9638702394275857,True,0.9638702394275857
2004-03-05,48.127226031375145,4.1140206643376365,86.4540263888889,34.212779693207544,0.0,0.0,0.0,0.0,229.1587303935369,82.3400057245827,82.34000572455128,1.0000000000001197,0.9999999999998904,1.0000000000001097,82.34000572457367,48.12722603136989,1.0000000000003817,34.2127796932038,1.2046655223749203,1.2046655223747884,3.2,2.3,0.0,0.5237676184238211,0.3812248894488859,0.8768172457324376,False,
2004-03-06,54.94072044957765,8.138188363141284,96.17895833333336,33.100049520623635,0.0,0.0,0.0,0.0,231.40388258233241,88.0407699702013,88.04076997019207,1.0000000000001068,0.9999999999998952,1.0000000000001048,88.04076997019207,54.9407204495719,1.0000000000001048,33.10004952062017,1.1654852018444528,1.1654852018443311,3.6000001000000004,2.6000001,0.0,0.4482635219299918,0.3622550236897913,0.9418630978189596,False,
2004-03-07,74.16335842938379,2.192758006694997,111.78910972222221,35.432993286156496,0.0,0.0,0.0,0.0,233.6538066036081,109.5963517155403,109.5963517155272,1.0000000000001068,0.9999999999998904,1.0000000000001097,109.5963517155283,74.16335842937569,1.0000000000001192,35.432993286152616,1.2476304395357043,1.247630439535568,4.6,3.2,0.0,0.389884512354865,0.33650504370727885,1.0768161398632925,False,
2004-03-08,80.34571728008815,4.4352740661036085,117.75369444444443,32.97270309823295,0.0,0.0,0.0,0.0,235.90763183220488,113.31842037832114,113.31842037834082,1.0000000000001072,0.9999999999998952,1.0000000000001048,113.31842037830923,80.34571728007974,0.9999999999998259,32.9727030982295,1.1610012094349649,1.161001209434843,5.4,3.8,0.0,0.3055266340618008,0.32031374622422343,1.217192235652049,False,
2004-03-09,73.07748681070694,7.563239903402503,119.66419027777788,39.0234635636752,0.0,0.0,0.0,0.0,238.1644893458994,112.10095037438214,112.1009503743754,1.000000000000104,0.9999999999998904,1.0000000000001097,112.10095037436987,73.07748681069894,1.0000000000000602,39.02346356367094,1.3740544188564323,1.3740544188562824,6.7000003,4.5,0.0,0.3053454264125072,0.32816470756918337,1.4767411840613252,False,
2004-03-10,72.02580584717279,2.060036828203331,106.58068055555556,32.49483788019137,0.0,0.0,0.0,0.0,240.4235126459285,104.52064372736416,104.52064372735222,1.0000000000001,0.9999999999998952,1.0000000000001048,104.52064372735322,72.02580584716523,1.000000000000114,32.49483788018797,1.1441751065085437,1.1441751065084238,7.5,4.9,0.0,0.2335051237772293,0.3049258240138823,1.4941365376680231,False,
2004-03-11,85.38459297656162,0.7955571108893034,118.12981944444445,31.949669356994622,0.0,0.0,0.0,0.0,242.6838383723964,117.33426233355624,117.33426233355516,1.0000000000001008,0.9999999999998904,1.0000000000001097,117.33426233354342,85.38459297655227,1.000000000000009,31.94966935699113,1.1249791882093487,1.1249791882092255,7.0,4.7000003,0.0,0.23935725880894634,0.2922514991416838,1.3735821336413636,False,
2004-03-12,84.20735349419144,0.8605793683190284,119.17279166666664,34.104858804200816,0.0,0.0,0.0,0.0,244.94460701310177,118.31221229839224,118.31221229834765,1.0000000000000973,0.9999999999998952,1.0000000000001048,118.31221229837985,84.20735349418261,1.0000000000003773,34.10485880419724,1.2008655220447435,1.2008655220446176,4.5,3.2,0.0,0.375270475638943,0.2925073150466694,0.936023408149342,False,
2004-03-13,81.29787992509611,3.3583875687504703,113.04427777777772,28.388010283935962,0.0,0.0,0.0,0.0,247.20496360434709,109.68589020903208,109.68589020902728,1.0000000000000941,0.9999999999998952,1.0000000000001048,109.68589020902056,81.2978799250876,1.0000000000000435,28.388010283932985,0.9995696796501996,0.9995696796500949,5.0,3.5,0.0,0.2855913370428843,0.2832802125415909,0.991480743895568,False,
2004-03-14,74.5918524903615,7.792833089969581,112.32065486111107,29.935969280805434,0.0,0.0,0.0,0.0,249.4640584223077,104.52782177116694,104.52782177114149,1.0000000000000882,0.999999999999886,1.000000000000114,104.52782177115499,74.59185249035298,1.0000000000002434,29.935969280802016,1.054074833873285,1.0540748338731647,4.9,3.5,0.0,0.30116423824947564,0.2883531274951493,1.0092359462330225,False,
2004-03-15,80.81117139898937,2.610673138139441,116.5878027777779,33.165958240656856,0.0,0.0,0.0,0.0,251.72104766356887,113.97712963964622,113.97712963963845,1.000000000000083,0.9999999999999316,1.0000000000000684,113.97712963963845,80.81117139898384,1.0000000000000684,33.16595824065459,1.1678059125075406,1.167805912507461,5.5,3.8,0.0,0.3073173453967002,0.28121566937061976,1.068619543608355,False,
2004-03-16,84.26707803746713,1.2471078501849977,116.96676805555565,31.452582167933468,0.0,0.0,0.0,0.0,253.97509411346837,115.7196602054006,115.71966020537063,1.0000000000000735,0.9999999999999316,1.0000000000000684,115.71966020539269,84.26707803746135,1.000000000000259,31.452582167931322,1.1074762608340811,1.1074762608340056,6.8,4.6,0.0,0.24075570887695774,0.2574385339194727,1.1842172560295745,False,
2004-03-17,86.1886572739999,2.915236738924857,118.90029680555566,29.796402792603182,0.0,0.0,0.0,0.0,256.22536780091315,115.98506006660308,115.98506006663077,1.0000000000000595,0.999999999999886,1.000000000000114,115.98506006658985,86.18865727399006,0.9999999999997614,29.796402792599782,1.0491605609634584,1.0491605609633388,5.6,3.9,0.0,0.26901552845213816,0.2501463025860248,0.9755705800854966,False,
2004-03-18,71.03370406700039,5.493212570434859,111.48952819444445,34.96261155702371,0.0,0.0,0.0,0.0,258.4710466383802,105.99631562402409,105.99631562400957,1.0000000000000455,0.9999999999999316,1.0000000000000684,105.99631562401684,71.03370406699551,1.0000000000001368,34.96261155702132,1.231067837592143,1.2310678375920587,10.1,6.5,0.0,0.1893950519372398,0.25117976082319016,1.6326684453507359,False,
2004-03-19,73.71979686107295,6.562102324883058,115.8669111111111,35.58501192514935,0.0,0.0,0.0,0.0,260.7113170458444,109.30480878622231,109.30480878622805,1.0000000000000309,0.9999999999999316,1.0000000000000684,109.3048087862148,73.7197968610679,0.9999999999999476,35.585011925146915,1.252983164885566,1.25298316488548,9.3,6.0,0.0,0.20883052748091332,0.2443869844702811,1.4663219068216868,False,
2004-03-20,86.25889766971036,4.899588940528983,123.79813472222227,32.639648112003066,0.0,0.0,0.0,0.0,262.94537455743205,118.89854578171342,118.89854578169329,1.0000000000000202,0.9999999999999544,1.0000000000000455,118.89854578170805,86.25889766970646,1.0000000000001696,32.63964811200159,1.1492740167729238,1.1492740167728717,7.2000003,4.9,0.0,0.2345457177087493,0.2519765564093656,1.2346851264058911,False,
2004-03-21,77.53808118050833,7.5021913987079145,121.82634166666662,36.78606908750133,0.0,0.0,0.0,0.0,265.17242440962957,114.32415026800966,114.32415026795871,1.0000000000000098,0.9999999999999544,1.0000000000000455,114.32415026800446,77.5380811805048,1.0000000000004456,36.786069087499655,1.295273565340053,1.2952735653399938,5.9,4.2000003,0.0,0.3083984459096333,0.2493905770527692,1.0474404984388035,False,
2004-03-22,63.93833178699654,8.252619695440416,108.34054861111107,36.14959712866752,0.0,0.0,0.0,0.0,267.3916821099451,100.08792891566408,100.08792891567069,0.9999999999999942,0.9999999999999948,1.000000000000005,100.08792891566351,63.938331786996216,0.999999999999934,36.149597128667324,1.2728627635390597,1.2728627635390526,7.1,4.9,0.0,0.2597679109263372,0.2476841823074303,1.2136524933064086,False,
2004-03-23,80.05282239132822,2.7351464689051395,122.01575555555556,39.22778669530509,0.0,0.0,0.0,0.0,269.6023739849559,119.28060908663332,119.28060908665043,0.9999999999999818,1.000000000000048,0.999999999999952,119.28060908663905,80.05282239133206,0.9999999999998566,39.227786695306975,1.3812488366823268,1.3812488366823932,6.7000003,4.7000003,0.0,0.2938827124505488,0.25415979144518314,1.1945510960402983,False,
2004-03-24,75.13676677430402,1.0026089511662484,113.19461111111107,37.05523538565422,0.0,0.0,0.0,0.0,271.8037377067461,112.19200215995824,112.19200215994483,0.99999999999997,1.000000000000048,0.999999999999952,112.19200215996365,75.13676677430762,1.0000000000001197,37.055235385656,1.3047511746450475,1.30475117464511,7.8,5.2000003,0.0,0.2509136729559631,0.2647866878550337,1.3768908562821818,False,
2004-03-25,76.95085862873917,-5.794281292062968,97.8666125,26.71003516332852,0.0,0.0,0.0,0.0,273.99502279678575,103.66089379206768,103.66089379206295,0.9999999999999608,1.000000000000048,0.999999999999952,103.6608937920727,76.95085862874285,1.0000000000000455,26.710035163329803,0.9404865302152532,0.9404865302152984,8.1,5.3,0.90000004,0.1774502887198676,0.2561922836930265,1.3578191035730405,False,
2004-03-26,80.86643652680455,-6.217706344655415,126.07752222222214,51.4287920400667,0.0,0.0,0.0,0.0,276.1754911063709,132.29522856687123,132.29522856687757,0.9999999999999492,1.0000000000000502,0.9999999999999498,132.29522856687788,80.8664365268086,0.999999999999952,51.42879204006928,1.8108581992932384,1.8108581992933293,5.3,3.5,0.0,0.5173880569409512,0.2572554881385822,0.9003942084850376,False,
2004-03-27,94.49765665122099,3.594535911050277,133.67455555555554,35.58236299328498,0.0,0.0,0.0,0.0,278.34441727280444,130.08001964450597,130.08001964450528,0.9999999999999414,1.0000000000000466,0.9999999999999534,130.08001964451202,94.49765665122537,1.000000000000005,35.58236299328665,1.2528898933970536,1.2528898933971122,6.1,4.2000003,0.0,0.2983070961678532,0.2570987113821143,1.0798146649344935,False,
2004-03-28,90.14132839083875,-0.4122270762188863,124.74072777777776,35.011626463122404,0.0,0.0,0.0,0.0,280.50108915056387,125.15295485396116,125.15295485399663,0.9999999999999384,1.000000000000057,0.9999999999999428,125.1529548539683,90.14132839084391,0.9999999999997164,35.0116264631244,1.2327937005003609,1.2327937005004312,7.1,4.8,0.0,0.25683202093758983,0.26518324261128146,1.2728795645341509,False,
2004-03-29,73.31121784654688,7.891342645503611,121.26335416666667,40.060793674608455,0.0,0.0,0.0,0.0,282.64480821676983,113.37201152115531,113.37201152116309,0.9999999999999352,1.0000000000000673,0.9999999999999328,113.37201152116295,73.3112178465518,0.9999999999999316,40.06079367461116,1.410579829278163,1.410579829278258,7.8,5.3,0.0,0.2661471375996713,0.2871486740814347,1.5218879726316037,False,
2004-03-30,64.05233237644569,2.1685555870045845,111.14684722222219,44.92595925874701,0.0,0.0,0.0,0.0,284.7748899503397,108.9782916351927,108.97829163521759,0.9999999999999342,1.0000000000000582,0.9999999999999418,108.97829163519906,64.0523323764494,0.9999999999997716,44.925959258749636,1.581887080323314,1.5818870803234064,7.9,5.4,0.0,0.2929420519117419,0.2871486740814347,1.5506028400397474,False,
2004-03-31,91.46733191654177,2.8022869030943087,132.53591666666665,38.2662978470247,0.0,0.0,0.0,0.0,286.89066418427905,129.73362976356646,129.73362976357234,0.9999999999999342,1.0000000000000582,0.9999999999999418,129.73362976357402,91.46733191654707,0.9999999999999548,38.26629784702693,1.3473938714892673,1.3473938714893456,6.5,4.5,0.0,0.2994208603309657,0.2955188306979469,1.329834738140761,False,
2004-04-01,42.72408543143065,-7.210118377591207,60.105161111111116,24.591194057239804,0.0,0.0,0.0,0.0,288.99147543064043,67.31527948867047,67.31527948870232,0.999999999999934,1.0000000000000815,0.9999999999999184,67.31527948867594,42.72408543143414,0.9999999999995268,24.591194057241808,0.8658800571141337,0.8658800571142042,4.0,2.8,0.0,0.3092428775407872,0.30879901302151896,0.864637236460253,False,
2004-04-02,,,139.42566666666679,,0.0,7.0,7.0,7.0,291.0766831777478,,,0.9999999999999346,1.0000000000000815,0.9999999999999184,,,,39.24887776825637,,1.381991474043048,6.3,4.3,0.0,,0.3213933660565229,1.381991474043048,True,1.381991474043048
2004-04-03,90.8064249125121,7.264534080388151,136.67423888888894,38.6032798959833,0.0,0.0,0.0,0.0,293.14566215936463,129.4097048084954,129.40970480850078,0.9999999999999364,1.0000000000000815,0.9999999999999184,129.40970480850595,90.80642491251949,0.9999999999999584,38.60327989598644,1.359259339880901,1.3592593398810116,5.2000003,3.9,0.0,0.34852803586692604,0.3304946974063537,1.288929319884779,False,
2004-04-04,87.96371588658948,6.7610866640304135,137.73152916666663,43.00672661603026,0.0,0.0,0.0,0.0,295.1978025955553,130.97044250261973,130.97044250263622,0.9999999999999376,1.0000000000000815,0.9999999999999184,130.97044250263042,87.96371588659666,0.999999999999874,43.00672661603375,1.5143090169554785,1.5143090169556015,6.1,4.5,0.0,0.3365131148790226,0.3336260720260296,1.501317324117133,False,
2004-04-05,92.28935855518209,3.5488647294645266,144.36190111111108,48.52367782642718,0.0,0.0,0.0,0.0,297.23251040506784,140.8130363816093,140.81303638164658,0.9999999999999382,1.0000000000000595,0.9999999999999404,140.81303638161768,92.28935855518763,0.9999999999997352,48.5236778264301,1.7085662790483698,1.708566279048472,7.1,5.0,0.0,0.3417132558096944,0.3393421650217699,1.6967108251088494,False,
2004-04-06,91.27143667237956,1.4344668177852298,140.08431111111108,47.37840762097093,0.0,0.0,0.0,0.0,299.2492073891419,138.6498442933505,138.64984429332588,0.9999999999999414,1.0000000000000513,0.9999999999999488,138.6498442933576,91.27143667238424,1.0000000000001774,47.37840762097337,1.6682401920514018,1.6682401920514878,6.9,4.8,0.0,0.34755004001072665,0.338748724761457,1.6259938788549937,False,
2004-04-07,96.13569530237902,4.52007798829607,142.22695000000004,41.57117670929456,0.0,0.0,0.0,0.0,301.24733138672144,137.70687201167357,137.70687201170395,0.999999999999945,1.0000000000000482,0.9999999999999518,137.70687201168022,96.13569530238364,0.9999999999997794,41.57117670929656,1.4637618970254258,1.4637618970254964,6.3,4.6,0.0,0.31820910804902097,0.3262229226469677,1.5006254441760511,False,
2004-04-08,82.26054702596836,2.967841372708192,129.1330861111112,43.9046977124227,0.0,0.0,0.0,0.0,303.22633640112997,126.16524473839108,126.16524473840299,0.9999999999999484,1.0000000000000513,0.9999999999999488,126.16524473839756,82.26054702597257,0.9999999999999054,43.90469771242496,1.5459274598184525,1.5459274598185315,6.1,4.5,0.0,0.34353943551522925,0.3180914925531334,1.4314117164891005,False,
2004-04-09,96.97793311374085,1.4266194852548617,146.95359027777772,48.54903767877863,0.0,0.0,0.0,0.0,305.18569269834086,145.52697079251945,145.52697079252286,0.999999999999952,1.0000000000000464,0.9999999999999536,145.52697079252619,96.97793311374535,0.9999999999999766,48.54903767878088,1.7094592243177764,1.7094592243178557,7.1,5.1,0.0,0.33518808319957955,0.3127226321090812,1.594885423756314,False,
2004-04-10,110.70961260141924,-1.7464174248214277,149.70789444444443,40.74469926784044,0.0,0.0,0.0,0.0,307.124886877049,151.45431186925967,151.4543118692659,0.9999999999999591,1.0000000000000464,0.9999999999999536,151.45431186926672,110.70961260142437,0.9999999999999593,40.744699267842336,1.4346608158601888,1.4346608158602554,8.1,5.5,0.0,0.26084742106550096,0.3069180641254736,1.6880493526901048,False,
2004-04-11,100.86417776747759,4.366375666531984,148.10930138888898,42.87874795489206,0.0,0.0,0.0,0.0,309.0434219108302,143.74292572236962,143.74292572235697,0.9999999999999591,1.0000000000000513,0.9999999999999488,143.74292572237704,100.86417776748276,1.0000000000000882,42.878747954894266,1.5098027627997108,1.5098027627997883,7.7000003,5.4,0.0,0.279593104222183,0.3046598553407641,1.6451632188401264,False,
2004-04-12,84.31232114647294,5.6721811382904725,138.35392777777787,48.36942549300767,0.0,0.0,0.0,0.0,310.94081716273985,132.6817466394806,132.6817466394874,0.9999999999999596,1.000000000000046,0.9999999999999541,132.6817466394867,84.31232114647679,0.9999999999999488,48.36942549300989,1.7031349031273637,1.703134903127442,8.1,5.6,0.0,0.3041312327013289,0.29493996029714786,1.6516637776640282,False,
2004-04-13,,,95.3328593055555,,0.0,71.0,71.0,71.0,312.81660837278224,,,0.9999999999999613,1.0000000000000409,0.9999999999999593,,,,46.37299796391208,,1.6328387321120896,8.6,5.8,0.0,,0.28152391932967064,1.6328387321120896,True,1.6328387321120896
2004-04-14,,,132.42340138888892,,0.0,72.0,72.0,72.0,314.6703476187492,,,0.999999999999962,1.000000000000046,0.9999999999999541,,,,39.786975096004795,,1.4009384086164265,7.0,4.8,0.0,,0.2918621684617555,1.4009384086164265,True,1.4009384086164265
2004-04-15,,,122.02212500000002,,0.0,72.0,72.0,72.0,316.50160325099137,,,0.9999999999999633,1.0000000000000409,0.9999999999999593,,,,40.287650268045724,,1.4185676723908218,7.0,4.8,0.0,,0.2955349317480879,1.4185676723908218,True,1.4185676723908218
2004-04-16,,,,,0.0,72.0,72.0,72.0,318.3099598017625,,,0.9999999999999656,0.9999999999999816,1.0000000000000184,,,,41.638082220088464,,1.4661177056686592,7.0,4.9,0.0,,0.29920769503442024,1.4661177056686592,True,1.4661177056686592
2004-04-17,,,126.40130277777784,,0.0,72.0,72.0,72.0,320.0950178698288,,,0.9999999999999678,1.0000000000000513,0.9999999999999488,,,,28.386187920837703,,0.9995055124584836,4.6,3.3,0.0,,0.3028804583207526,0.9995055124584836,True,0.9995055124584836
2004-04-18,,,,,0.0,72.0,72.0,72.0,321.85639398110686,,,0.9999999999999699,1.0000000000000302,0.9999999999999699,,,,31.342257708744626,,1.1035916284408285,5.0,3.6000001000000004,0.0,,0.30655322160708504,1.1035916284408285,True,1.1035916284408285
2004-04-19,,,,,0.0,72.0,72.0,72.0,323.59372042614933,,,0.9999999999999756,1.0000000000000246,0.9999999999999756,,,,33.4798611736658,,1.178858742594986,5.5,3.8,0.0,,0.3102259848934173,1.178858742594986,True,1.178858742594986
2004-04-20,,,,,0.0,72.0,72.0,72.0,325.30664507535135,,,0.9999999999999836,1.0000000000000164,0.9999999999999836,,,,41.00806670623992,,1.4439342416268486,6.9,4.6,0.0,,0.3138987481797497,1.4439342416268486,True,1.4439342416268486
2004-04-21,,,,,0.0,72.0,72.0,72.0,326.9948311728088,,,0.9999999999999488,1.0000000000000513,0.9999999999999488,,,,42.38979356226653,,1.4925861991620393,7.0,4.7000003,0.0,,0.3175715114660821,1.4925861991620393,True,1.4925861991620393
2004-04-22,,,152.83258333333333,,0.0,72.0,72.0,72.0,328.657957109803,,,,,,,,,44.70471764883913,,1.5740969462868313,7.1,4.9,0.0,,0.3212442747524145,1.5740969462868313,True,1.5740969462868313
2004-04-23,,,,,0.0,72.0,72.0,72.0,330.29571617893936,,,,,,,,,49.82968309991978,,1.7545520054092332,7.6,5.4,0.0,,0.32491703803874683,1.7545520054092332,True,1.7545520054092332
2004-04-24,,,163.59014805555555,,0.0,72.0,72.0,72.0,331.90781631000266,,,,,,,,,48.52654018405647,,1.7086670654673524,7.1,5.2000003,0.0,,0.3285898013250792,1.7086670654673524,True,1.7086670654673524
2004-04-25,,,,,0.0,72.0,72.0,72.0,333.4939797886348,,,,,,,,,55.67436911080924,,1.9603491312073285,8.2,5.9,0.0,,0.3322625646114116,1.9603491312073285,True,1.9603491312073285
2004-04-26,,,,,0.0,72.0,72.0,72.0,335.05394295897406,,,,,,,,,58.197910558130204,,2.049205500176238,8.400001,6.1,0.0,,0.33593532789774394,2.049205500176238,True,2.049205500176238
2004-04-27,,,165.3175166666667,,0.0,72.0,72.0,72.0,336.5874559114238,,,,,,,,,64.62115719098384,,2.2753743128157393,9.5,6.7000003,0.0,,0.3396080911840763,2.2753743128157393,True,2.2753743128157393
2004-04-28,,,149.41790555555556,,0.0,72.0,72.0,72.0,338.0942821567448,,,,,,,,,61.4203110997583,,2.162669383163575,9.2,6.3,0.0,,0.3432808544704087,2.162669383163575,True,2.162669383163575
2004-04-29,,,,,0.0,72.0,72.0,72.0,339.57419828768576,,,,,,,,,54.19459681695889,,1.908244897662076,7.9,5.5,0.0,,0.34695361775674105,1.908244897662076,True,1.908244897662076
2004-04-30,,,,,0.0,72.0,72.0,72.0,341.0269936293865,,,,,,,,,56.759864182644385,,1.9985704771334332,8.0,5.7000003,0.0,,0.3506263810430734,1.9985704771334332,True,1.9985704771334332
2004-05-01,,,,,0.0,72.0,72.0,72.0,342.4524698797932,,,,,,,,,58.36063073334646,,2.0549350371105537,7.9,5.8,0.0,,0.3542991443294058,2.0549350371105537,True,2.0549350371105537
2004-05-02,,,,,0.0,72.0,72.0,72.0,343.85044074133896,,,,,,,,,64.04885575297314,,2.2552230179791497,8.400001,6.3,0.0,,0.35797190761573816,2.2552230179791497,True,2.2552230179791497
2004-05-03,,,176.82023611111106,,0.0,72.0,72.0,72.0,345.22073154514214,,,,,,,,,78.05802199423874,,2.7484994988557356,10.900001,7.6,0.0,,0.3616446709020705,2.7484994988557356,True,2.7484994988557356
2004-05-04,,,,,0.0,72.0,72.0,72.0,346.56317886897006,,,,,,,,,86.11332746992363,,3.0321347037637443,12.3,8.3,0.0,,0.3653174341884029,3.0321347037637443,True,3.0321347037637443
2004-05-05,,,105.07424027777779,,0.0,72.0,72.0,72.0,347.8776301502121,,,,,,,,,76.49967126556433,,2.693628441565568,10.7,7.3,0.0,,0.3689901974747353,2.693628441565568,True,2.693628441565568
2004-05-06,,,,,0.0,72.0,72.0,72.0,349.1639432950919,,,,,,,,,77.26111475637656,,2.7204396135557936,10.7,7.3,0.0,,0.3726629607610677,2.7204396135557936,True,2.7204396135557936
2004-05-07,,,169.354201388889,,0.0,72.0,72.0,72.0,350.4219862853282,,,1.0000000000000873,0.9999999999999128,1.0000000000000873,,,,74.81615174387969,,2.6343500683317997,10.2,7.0,0.0,,0.37633572404740007,2.6343500683317997,True,2.6343500683317997
2004-05-08,,,,,0.0,72.0,72.0,72.0,351.6516367834376,,,1.0000000000000866,0.9999999999999134,1.0000000000000866,,,,64.75397403123374,,2.2800509240023943,8.400001,6.0,0.0,,0.3800084873337324,2.2800509240023943,True,2.2800509240023943
2004-05-09,,,,,0.0,72.0,72.0,72.0,352.85278173783905,,,1.0000000000000868,0.9999999999999132,1.0000000000000868,,,,63.20049072974206,,2.2253512535963758,7.8,5.8,0.0,,0.3836812506200648,2.2253512535963758,True,2.2253512535963758
2004-05-10,,,,,0.0,72.0,72.0,72.0,354.0253169888952,,,1.0000000000000957,0.9999999999999044,1.0000000000000957,,,,49.504246471002034,,1.7430930625787868,6.3,4.5,0.0,,0.3873540139063971,1.7430930625787868,True,1.7430930625787868
2004-05-11,,,,,0.0,72.0,72.0,72.0,355.1691468769805,,,1.0000000000000937,0.9999999999999064,1.0000000000000937,,,,48.86310434601729,,1.7205178196480102,6.0,4.4,1.7,,0.3910267771927295,1.7205178196480102,True,1.7205178196480102
2004-05-12,,,200.0899430555556,,0.0,72.0,72.0,72.0,356.28418385363887,,,1.0000000000000926,0.9999999999999074,1.0000000000000926,,,,57.168747407722606,,2.0129676564432155,6.9,5.1,0.0,,0.39469954047906186,2.0129676564432155,True,2.0129676564432155
2004-05-13,,,,,0.0,72.0,72.0,72.0,357.37034809683456,,,1.0000000000000921,0.9999999999999128,1.0000000000000873,,,,65.62042072793986,,2.3105593618392866,7.9,5.8,0.0,,0.39837230376539423,2.3105593618392866,True,2.3105593618392866
2004-05-14,,,,,0.0,72.0,72.0,72.0,358.4275671312633,,,1.0000000000000913,0.999999999999914,1.000000000000086,,,,58.23268214830957,,2.0504298419638056,6.4,5.1,0.0,,0.4020450670517266,2.0504298419638056,True,2.0504298419638056
2004-05-15,,,165.57594444444447,,0.0,72.0,72.0,72.0,359.45577545463465,,,1.0000000000000908,0.9999999999999128,1.0000000000000873,,,,79.50511405458062,,2.7994530293326068,9.7,6.9,0.0,,0.40571783033805897,2.7994530293326068,True,2.7994530293326068
2004-05-16,,,,,0.0,72.0,72.0,72.0,360.4549141707776,,,1.0000000000000906,0.9999999999998788,1.0000000000001212,,,,68.59804698911562,,2.415404502383909,8.0,5.9,0.0,,0.40939059362439134,2.415404502383909,True,2.415404502383909
2004-05-17,,,190.97543472222225,,0.0,1.0,1.0,1.0,361.4249306303717,,,1.0000000000000904,0.9999999999999128,1.0000000000000873,,,,77.36340578744311,,2.7240413810672037,9.900001,6.9,0.0,,0.3947886059517687,2.7240413810672037,True,2.7240413810672037
2004-05-18,121.06471365584356,4.442046871945929,189.24291666666667,63.73615613889328,0.0,0.0,0.0,0.0,362.36577808003835,184.80086979473685,184.80086979472077,1.0000000000000904,0.9999999999999128,1.0000000000000873,184.80086979472068,121.064713655833,1.0000000000000873,63.73615613888772,2.244212557931184,2.244212557930988,7.4,5.3,0.0,0.423436331685092,0.4158268991268516,2.203882565372313,False,
2004-05-19,112.60455707018473,4.408802323413987,174.2755750000001,57.26221560641568,0.0,0.0,0.0,0.0,363.2774153204653,169.8667726766004,169.8667726765861,1.0000000000000904,0.9999999999999128,1.0000000000000873,169.8667726765856,112.6045570701749,1.0000000000000846,57.26221560641068,2.016258763375003,2.016258763374827,6.6,5.1,0.0,0.3953448555636916,0.4108453669100956,2.0953113712414875,False,
2004-05-20,106.20376063090653,2.80690260515861,165.07717916666672,56.066515930609576,0.0,0.0,0.0,0.0,364.1598063741737,162.27027656151608,162.27027656150813,1.0000000000000933,0.9999999999999128,1.0000000000000873,162.2702765615019,106.20376063089724,1.000000000000049,56.06651593060468,1.9741570052753985,1.974157005275226,7.1,5.4,0.0,0.3655846306065233,0.4015465217516335,2.1683512174588206,False,
2004-05-21,122.77385753651329,4.999222230824068,195.78336666666667,68.0102868993665,0.0,0.0,0.0,0.0,365.0129201634717,190.78414443587982,190.7841444358426,1.0000000000000964,0.9999999999999128,1.0000000000000873,190.78414443586314,122.77385753650259,1.000000000000195,68.01028689936057,2.3947088932607103,2.394708893260501,6.7000003,5.0,0.0,0.4789417786521002,0.40001453351257776,2.0000726675628893,False,
2004-05-22,130.1487379740087,6.6288589385498575,202.28055833333332,65.50296142083255,0.0,0.0,0.0,0.0,365.83673019906655,195.6516993948412,195.65169939478344,1.0000000000000924,0.9999999999999128,1.0000000000000873,195.65169939482413,130.1487379739973,1.000000000000295,65.50296142082685,2.3064235044543246,2.306423504454123,8.3,5.9,0.0,0.3909192380430717,0.3961109004838254,2.33705431285457,False,
2004-05-23,114.66704503240065,7.8015289653495845,184.98669486111112,62.5181208633884,0.0,0.0,0.0,0.0,366.6312142797431,177.18516589578903,177.18516589576151,1.0000000000000786,0.9999999999999128,1.0000000000000873,177.18516589577354,114.66704503239063,1.0000000000001552,62.51812086338294,2.201324341463683,2.2013243414634918,8.7,6.2000003,0.0,0.35505229595932297,0.3962641094678522,2.4568375975799164,False,
2004-05-24,108.04842676078951,7.06515973021838,170.6108486111111,55.497262120092365,0.0,0.0,0.0,0.0,367.39635420344774,163.54568888088187,163.5456888808927,1.0000000000000775,0.9999999999999128,1.0000000000000873,163.5456888808676,108.04842676078009,0.9999999999999338,55.49726212008751,1.9541130203913883,1.9541130203912167,6.5,5.0,0.0,0.3908226040782434,0.4039339791831844,2.019669895915922,False,
2004-05-25,,,,,0.0,71.0,71.0,71.0,368.1321354900463,,,1.0000000000000768,0.9999999999999128,1.0000000000000873,,,,66.72278434296972,,2.349374665712731,8.5,6.2000003,0.0,,0.3789313793602124,2.349374665712731,True,2.349374665712731
2004-05-26,,,,,0.0,72.0,72.0,72.0,368.83854711596183,,,1.0000000000000755,0.99999999999988,1.00000000000012,,,,56.13500251582837,,1.9765684850995489,7.0,5.3,0.0,,0.3729374500187828,1.9765684850995489,True,1.9765684850995489
2004-05-27,,,,,0.0,72.0,72.0,72.0,369.5155812608282,,,1.0000000000000735,0.9999999999998448,1.0000000000001552,,,,76.0281440070088,,2.6770255044077143,10.400001,7.2000003,0.0,,0.3718090823423597,2.6770255044077143,True,2.6770255044077143
2004-05-28,,,,,0.0,72.0,72.0,72.0,370.1632330662345,,,1.0000000000000713,0.9999999999999556,1.0000000000000444,,,,58.95354137250808,,2.0758120021292448,7.7000003,5.6,2.1000001,,0.37068071466593655,2.0758120021292448,True,2.0758120021292448
2004-05-29,,,,,0.0,72.0,72.0,72.0,370.78150040657175,,,1.0000000000000682,1.0000000000000662,0.9999999999999338,,,,56.67500987474552,,1.9955826737433728,7.0,5.4,0.0,,0.3695523469895135,1.9955826737433728,True,1.9955826737433728
2004-05-30,,,,,0.0,72.0,72.0,72.0,371.37038367193855,,,1.0000000000000635,0.9999999999999364,1.0000000000000635,,,,66.96528829325,,2.3579134676037783,8.6,6.4,0.0,,0.3684239793130904,2.3579134676037783,True,2.3579134676037783
2004-05-31,,,,,0.0,72.0,72.0,72.0,371.92988556300116,,,1.0000000000000446,0.9999999999999554,1.0000000000000446,,,,70.93270666977297,,2.4976101591293367,9.3,6.8,0.0,,0.3672956116366672,2.4976101591293367,True,2.4976101591293367
2004-06-01,,,,,0.0,72.0,72.0,72.0,372.4600108976568,,,0.9999999999999892,1.0000000000000109,0.9999999999999892,,,,64.47525695409396,,2.2702370224036867,8.1,6.2000003,0.0,,0.3661672439602441,2.2702370224036867,True,2.2702370224036867
2004-06-02,,,,,0.0,72.0,72.0,72.0,372.96076642929916,,,0.9999999999999338,1.0000000000000662,0.9999999999999338,,,,75.68047667926291,,2.6647837968718933,10.1,7.3,0.0,,0.36503887628382103,2.6647837968718933,True,2.6647837968718933
2004-06-03,,,,,0.0,72.0,72.0,72.0,373.43216067644414,,,,,,,,,85.7816842688482,,3.0204572214414025,11.900001,8.3,0.0,,0.3639105086073979,3.0204572214414025,True,3.0204572214414025
2004-06-04,,,,,0.0,72.0,72.0,72.0,373.87420376343306,,,,,,,,,72.12167745850985,,2.539474986516824,9.400001,7.0,0.0,,0.3627821409309748,2.539474986516824,True,2.539474986516824
2004-06-05,,,,,0.0,72.0,72.0,72.0,374.2869072718988,,,,,,,,,85.24972227561801,,3.001726318012779,11.8,8.3,0.0,,0.3616537732545517,3.001726318012779,True,3.001726318012779
2004-06-06,,,,,0.0,72.0,72.0,72.0,374.67028410265607,,,,,,,,,74.74473630562908,,2.6318354607203385,10.2,7.3,0.0,,0.36052540557812857,2.6318354607203385,True,2.6318354607203385
2004-06-07,,,,,0.0,72.0,72.0,72.0,375.0243483476478,,,,,,,,,83.6970643753711,,2.9470557107939843,12.1,8.2,0.0,,0.35939703790170546,2.9470557107939843,True,2.9470557107939843
2004-06-08,,,,,0.0,72.0,72.0,72.0,375.34911517157394,,,,,,,,,51.89205715149891,,1.82717021814894,6.7000003,5.1,0.0,,0.3582686702252824,1.82717021814894,True,1.82717021814894
2004-06-09,,,,,0.0,72.0,72.0,72.0,375.64460070280677,,,,,,,,,46.65718941326809,,1.6428453917247523,6.6,4.6,0.0,,0.3571403025488593,1.6428453917247523,True,1.6428453917247523
2004-06-10,,,,,0.0,72.0,72.0,72.0,375.9108219332049,,,,,,,,,52.576274108092356,,1.8512621681402488,6.8,5.2000003,0.0,,0.3560119348724361,1.8512621681402488,True,1.8512621681402488
2004-06-11,,,,,0.0,72.0,72.0,72.0,376.1477966264291,,,,,,,,,56.44114256110768,,1.987347976297673,7.3,5.6,0.0,,0.35488356719601294,1.987347976297673,True,1.987347976297673
2004-06-12,,,,,0.0,72.0,72.0,72.0,376.35554323437873,,,,,,,,,60.280377324804114,,2.12253119711754,7.9,6.0,0.0,,0.3537551995195899,2.12253119711754,True,2.12253119711754
2004-06-13,,,,,0.0,72.0,72.0,72.0,376.5340808213727,,,,,,,,,64.09397536593525,,2.256811723796268,8.3,6.4,0.0,,0.3526268318431668,2.256811723796268,True,2.256811723796268
2004-06-14,,,,,0.0,72.0,72.0,72.0,376.68342899572644,,,,,,,,,77.8645744322218,,2.7416880205006007,10.900001,7.8,0.0,,0.3514984641667437,2.7416880205006007,True,2.7416880205006007
2004-06-15,,,,,0.0,72.0,72.0,72.0,376.8036078483897,,,,,,,,,80.59979394056425,,2.8379977815715964,11.5,8.1,0.0,,0.3503700964903206,2.8379977815715964,True,2.8379977815715964
2004-06-16,,,,,0.0,72.0,72.0,72.0,376.8946378983461,,,,,,,,,69.4298215891523,,2.4446921016972825,9.5,7.0,0.0,,0.3492417288138975,2.4446921016972825,True,2.4446921016972825
2004-06-17,,,,,0.0,72.0,72.0,72.0,376.9565400445031,,,,,,,,,67.22820025908564,,2.367170855734826,9.1,6.8,0.0,,0.3481133611374744,2.367170855734826,True,2.367170855734826
2004-06-18,,,,,0.0,72.0,72.0,72.0,376.98933552383886,,,,,,,,,67.01028811728051,,2.3594979555351485,9.1,6.8,0.0,,0.3469849934610513,2.3594979555351485,True,2.3594979555351485
2004-06-19,,,,,0.0,72.0,72.0,72.0,376.9930458756119,,,,,,,,,66.7923759754754,,2.351825055335472,9.0,6.8,0.0,,0.34585662578462817,2.351825055335472,True,2.351825055335472
2004-06-20,,,,,0.0,72.0,72.0,72.0,376.96769291148047,,,,,,,,,66.57446383367025,,2.3441521551357942,8.900001,6.8,0.0,,0.3447282581082051,2.3441521551357942,True,2.3441521551357942
2004-06-21,,,,,0.0,72.0,72.0,72.0,376.913298691426,,,,,,,,,76.11486811713941,,2.680079145367899,11.0,7.8,0.0,,0.343599890431782,2.680079145367899,True,2.680079145367899
2004-06-22,,,,,0.0,72.0,72.0,72.0,376.829885505416,,,,,,,,,80.72804533316145,,2.8425136388694785,11.8,8.3,0.0,,0.3424715227553589,2.8425136388694785,True,2.8425136388694785
2004-06-23,,,,,0.0,72.0,72.0,72.0,376.71747586079215,,,,,,,,,77.55379695088804,,2.7307452406314856,11.2,8.0,0.0,,0.3413431550789357,2.7307452406314856,True,2.7307452406314856
2004-06-24,,,,,0.0,72.0,72.0,72.0,376.57609247541967,,,,,,,,,67.63525100958057,,2.381503511817588,9.5,7.0,0.3,,0.3402147874025126,2.381503511817588,True,2.381503511817588
2004-06-25,,,,,0.0,72.0,72.0,72.0,376.40575827666976,,,,,,,,,65.48490312464456,,2.3057876541374087,9.0,6.8,0.0,,0.3390864197260895,2.3057876541374087,True,2.3057876541374087
2004-06-26,,,,,0.0,72.0,72.0,72.0,376.2064964063659,,,,,,,,,64.3071851713414,,2.2643190501201804,8.900001,6.7000003,0.0,,0.3379580520496664,2.2643190501201804,True,2.2643190501201804
2004-06-27,,,,,0.0,72.0,72.0,72.0,375.9783302318595,,,,,,,,,72.70191164586187,,2.559905601236649,10.5,7.6,0.0,,0.3368296843732433,2.559905601236649,True,2.559905601236649
2004-06-28,,,,,0.0,72.0,72.0,72.0,375.72128336344787,,,,,,,,,67.69136523007751,,2.3834793485474237,9.6,7.1,1.6,,0.3357013166968202,2.3834793485474237,True,2.3834793485474237
2004-06-29,,,,,0.0,72.0,72.0,72.0,375.43537967838137,,,1.000000000000108,0.999999999999892,1.000000000000108,,,,62.712864717499784,,2.2081814635346206,8.7,6.6,0.0,,0.3345729490203971,2.2081814635346206,True,2.2081814635346206
2004-06-30,,,,,0.0,72.0,72.0,72.0,375.1206433517485,,,1.000000000000079,0.9999999999999208,1.000000000000079,,,,61.55437142669453,,2.167389778735831,8.7,6.5,0.0,,0.333444581343974,2.167389778735831,True,2.167389778735831
2004-07-01,,,,,0.0,72.0,72.0,72.0,374.7770988945524,,,1.0000000000000613,0.9999999999999388,1.0000000000000613,,,,56.62714435924744,,1.9938972820053051,7.9,6.0,0.0,,0.3323162136675509,1.9938972820053051,True,1.9938972820053051
2004-07-02,,,,,0.0,72.0,72.0,72.0,374.404771199327,,,1.0000000000000482,0.9999999999999518,1.0000000000000482,,,,57.37545008900773,,2.020245860545879,7.9,6.1,0.0,,0.3311878459911277,2.020245860545879,True,2.020245860545879
2004-07-03,,,,,0.0,72.0,72.0,72.0,374.0036855936583,,,1.0000000000000369,0.9999999999999633,1.0000000000000369,,,,59.054723196806144,,2.0793747133826392,8.3,6.3,0.0,,0.3300594783147046,2.0793747133826392,True,2.0793747133826392
2004-07-04,,,,,0.0,72.0,72.0,72.0,373.573867901995,,,1.0000000000000286,0.9999999999999714,1.0000000000000286,,,,58.852834006604326,,2.072265997021173,7.9,6.3,0.0,,0.3289311106382815,2.072265997021173,True,2.072265997021173
2004-07-05,,,,,0.0,72.0,72.0,72.0,373.1153445161492,,,1.0000000000000226,0.999999999999892,1.000000000000108,,,,66.09868384070761,,2.3273994750291944,9.400001,7.1,0.0,,0.3278027429618584,2.3273994750291944,True,2.3273994750291944
2004-07-06,,,,,0.0,72.0,72.0,72.0,372.6281424748863,,,1.000000000000017,0.9999999999999504,1.0000000000000495,,,,68.6544462910929,,2.4173903771122207,9.900001,7.4,0.0,,0.3266743752854353,2.4173903771122207,True,2.4173903771122207
2004-07-07,,,,,0.0,72.0,72.0,72.0,372.11228955301664,,,1.0000000000000122,0.999999999999974,1.000000000000026,,,,79.51200497612547,,2.7996956654375045,12.1,8.6,0.0,,0.3255460076090122,2.7996956654375045,True,2.7996956654375045
2004-07-08,,,,,0.0,72.0,72.0,72.0,371.5678143603806,,,1.0000000000000029,0.9999999999999912,1.0000000000000089,,,,70.02287413778694,,2.4655740634876766,10.5,7.6,0.0,,0.3244176399325891,2.4655740634876766,True,2.4655740634876766
2004-07-09,,,189.69729722222218,,0.0,1.0,1.0,1.0,370.9947464511257,,,1.0,1.0000000000000089,0.9999999999999916,,,,70.02238685942724,,2.4655569059388016,11.3,7.9,0.0,,0.3120958108783294,2.4655569059388016,True,2.4655569059388016
2004-07-10,108.35286226933641,6.211737167243794,188.5104611111111,73.94586167455061,0.0,0.0,0.0,0.0,370.3931164436428,182.29872394388698,182.29872394386726,0.9999999999999879,1.000000000000011,0.9999999999999888,182.2987239438891,108.35286226933763,1.000000000000108,73.94586167455145,2.6037063015760067,2.603706301576036,11.2,7.9,0.0,0.3295830761488653,0.3090224192218718,2.4412771118527874,False,
2004-07-11,113.75267255164837,8.153705188366947,189.90765138888887,68.001273648872,0.0,0.0,0.0,0.0,369.76295615151736,181.75394620052032,181.75394620052188,0.9999999999999822,1.0000000000000142,0.999999999999986,181.75394620052293,113.75267255164995,0.9999999999999916,68.00127364887295,2.39439152787232,2.394391527872353,10.400001,7.5,0.0,0.3192522037163138,0.3057325496791019,2.292994122593264,False,
2004-07-12,113.93616362275836,8.591621109911523,191.9193,69.3915152673572,0.0,0.0,0.0,0.0,369.1042987258176,183.32767889011558,183.32767889008846,0.9999999999999774,1.0000000000000209,0.9999999999999792,183.3276788901194,113.93616362276072,1.000000000000148,69.39151526735864,2.443343298543334,2.4433432985433847,12.1,8.5,0.0,0.28745215276981,0.3083027162402949,2.620573088042507,False,
2004-07-13,101.82509522347816,8.321409368835278,181.66791944444446,71.52141485213559,0.0,0.0,0.0,0.0,368.41717880901064,173.34651007561374,173.34651007560925,0.9999999999999696,1.0000000000000275,0.9999999999999724,173.3465100756185,101.82509522348094,1.000000000000026,71.52141485213758,2.5183391515231666,2.5183391515232363,12.0,8.400001,0.0,0.2998022442524991,0.31013702157366224,2.605151291355784,False,
2004-07-14,105.63546229304166,8.877772173566848,185.97186388888886,71.45862942224652,0.0,0.0,0.0,0.0,367.7016327007621,177.09409171528813,177.09409171532195,0.9999999999999578,1.000000000000083,0.999999999999917,177.09409171530285,105.63546229305041,0.9999999999998088,71.45862942225246,2.5161284149687826,2.516128414968992,12.3,8.6,0.0,0.2925730715080223,0.3080332990621713,2.6490863719346733,False,
2004-07-15,102.12789429627016,9.196627290464537,187.93954583333326,76.61502424654306,0.0,0.0,0.0,0.0,366.95769853582664,178.7429185428132,178.7429185428687,0.9999999999999456,1.0000000000000275,0.9999999999999724,178.7429185428181,102.12789429627294,0.9999999999996896,76.61502424654515,2.6976901331420584,2.697690133142133,12.0,8.400001,0.0,0.32115354904626003,0.31122953159977085,2.6143283766676064,False,
2004-07-16,80.46157169226602,10.643276342158806,155.86062083333331,64.75577279886001,0.0,0.0,0.0,0.0,366.185416474195,145.21734449112603,145.21734449117452,0.9999999999999344,1.0000000000000209,0.9999999999999792,145.21734449112904,80.46157169226771,0.9999999999996662,64.75577279886136,2.280114260374404,2.2801142603744515,9.5,7.1,0.0,0.3211428535738664,0.3131772262538611,2.2235583064024134,False,
2004-07-17,73.70051436135108,10.00561122686383,153.45382083333328,69.74769524511635,0.0,0.0,0.0,0.0,365.3848289036105,143.44820960646743,143.44820960646945,0.9999999999999292,1.0000000000000142,0.999999999999986,143.44820960646945,73.70051436135213,0.999999999999986,69.74769524511734,2.4558847448337064,2.455884744833741,10.8,7.8,0.0,0.3148570185684284,0.3189794650387491,2.4880398273022433,False,
2004-07-18,109.74772475396759,11.275496035446016,195.73056944444446,74.70734865502577,0.0,0.0,0.0,0.0,364.55598065450914,184.45507340899337,184.45507340899846,0.9999999999999248,1.0000000000000275,0.9999999999999724,184.45507340899846,109.74772475397063,0.9999999999999724,74.70734865502781,2.6305190048799103,2.6305190048799827,10.6,7.7000003,0.0,0.3416258314795108,0.3230438443918384,2.4874376987303086,False,
2004-07-19,103.61625488969864,9.144359572292538,182.87809722222218,70.11748276020221,0.0,0.0,0.0,0.0,363.69891922738833,173.73373764990086,173.7337376499297,0.9999999999999252,1.0000000000000775,0.9999999999999224,173.73373764991436,103.61625488970671,0.999999999999834,70.11748276020765,2.4689053258570333,2.4689053258572247,11.5,8.2,0.0,0.30108601534844204,0.32427276446411585,2.65903666860575,False,
2004-07-20,111.8296575744957,8.706226154923705,187.24472222222226,66.70883849277692,0.0,0.0,0.0,0.0,362.8136950325396,178.5384960672726,178.53849606729855,0.9999999999999152,1.0000000000001386,0.9999999999998616,178.53849606729733,111.8296575745112,0.9999999999998548,66.70883849278616,2.348883618652009,2.348883618652334,9.2,6.9,0.0,0.3404179157467151,0.3206471027506257,2.2124650089793176,False,
2004-07-21,116.68852727567452,10.794055062392031,196.77290833333336,69.29032599524103,0.0,0.0,0.0,0.0,361.9003616420237,185.9788532709156,185.97885327094133,0.9999999999999098,1.0000000000001452,0.9999999999998548,185.97885327094258,116.68852727569148,0.9999999999998616,69.29032599525111,2.439780325044961,2.439780325045316,10.400001,7.6,0.0,0.3210237269796468,0.3200389526774621,2.4322960403487115,False,
2004-07-22,111.01298667230928,10.253471459002084,188.69551527777776,67.42905714648487,0.0,0.0,0.0,0.0,360.958976053701,178.44204381879416,178.44204381877566,0.9999999999999042,1.0000000000001386,0.9999999999998616,178.4420438188189,111.01298667232466,1.0000000000001037,67.42905714649419,2.374243223702325,2.374243223702654,9.5,7.2000003,0.0,0.3297559895522024,0.31569651268526544,2.273014986042865,False,
2004-07-23,105.21751159355749,9.903262538534168,181.4787513888889,66.35797725685566,0.0,0.0,0.0,0.0,359.98959896706117,171.57548885041314,171.5754888503547,0.9999999999999,1.0000000000000775,0.9999999999999224,171.5754888504265,105.21751159356566,1.0000000000003406,66.3579772568608,2.3365294504773573,2.3365294504775385,10.900001,7.9,0.0,0.29576322157943524,0.3178543780715789,2.5110495867654734,False,
2004-07-24,102.08310798932101,9.899059626729944,181.66894444444446,69.68677682841428,0.0,0.0,0.0,0.0,358.992295070536,171.76988481773526,171.7698848177145,0.9999999999999,1.0000000000000768,0.9999999999999232,171.76988481774842,102.08310798932884,1.0000000000001208,69.68677682841962,2.4537397476444482,2.4537397476446356,10.900001,7.9,0.0,0.31059996805628304,0.3109920240115795,2.456836989691478,False,
2004-07-25,104.73755139549921,8.423920012738705,182.1054263888889,68.94395498063747,0.0,0.0,0.0,0.0,357.9671333399049,173.6815063761367,173.68150637615017,0.9999999999999052,1.0000000000000775,0.9999999999999224,173.68150637615017,104.73755139550735,0.9999999999999224,68.94395498064283,2.4275842619660595,2.427584261966248,10.8,7.8,0.0,0.3112287515341344,0.3064441333007893,2.3902642397461564,False,
2004-07-26,103.79196557150905,6.661814247524169,180.49699722222215,70.04321740315885,0.0,0.0,0.0,0.0,356.9141873473441,173.8351829746679,173.835182974698,0.9999999999999112,1.0000000000001386,0.9999999999998616,173.83518297469197,103.79196557152342,0.9999999999998268,70.04321740316854,2.4662903698102205,2.466290369810563,10.900001,7.8,0.0,0.3161910730526363,0.30482218181651144,2.3776130181687893,False,
2004-07-27,111.57472636425423,6.658380989573335,180.5108611111111,62.27775375724836,0.0,0.0,0.0,0.0,355.83353558059713,173.85248012150257,173.85248012153775,0.9999999999999158,1.0000000000000775,0.9999999999999224,173.85248012151607,111.57472636426287,0.9999999999997976,62.27775375725319,2.1928607799502227,2.192860779950393,10.3,7.5,0.0,0.2923814373267191,0.3080847719468375,2.310635789601281,False,
2004-07-28,101.788070851879,8.550681640537782,178.50681944444446,68.16806695198348,0.0,0.0,0.0,0.0,354.7252617716837,169.95613780386248,169.9561378039067,0.999999999999916,1.0000000000000768,0.9999999999999232,169.95613780387555,101.78807085188684,0.99999999999974,68.16806695198872,2.400264483633974,2.4002644836341585,11.7,8.3,0.0,0.28918849200411545,0.3046377307851009,2.5284931655163376,False,
2004-07-29,97.55571674896669,6.232470001728432,177.03405555555554,73.24586880484729,0.0,0.0,0.0,0.0,353.58945523450285,170.80158555381396,170.8015855538271,0.9999999999999162,1.0000000000000768,0.9999999999999232,170.8015855538271,97.55571674897415,0.9999999999999232,73.24586880485292,2.5790588662140883,2.5790588662142864,11.5,8.1,0.0,0.3184023291622576,0.3053036668864424,2.472959701780183,False,
2004-07-30,104.88695531473766,5.156959032742446,177.90655555555549,67.8626412080786,0.0,0.0,0.0,0.0,352.4262112106186,172.74959652281623,172.7495965228131,0.9999999999999162,1.0000000000000775,0.9999999999999224,172.7495965228297,104.8869553147458,1.0000000000000184,67.86264120808386,2.3895101436876938,2.3895101436878794,10.5,7.5,0.0,0.3186013524917172,0.3039746481104865,2.279809860828649,False,
2004-07-31,109.92117710281784,5.570630334999587,179.76489305555558,64.2730856177655,0.0,0.0,0.0,0.0,351.2356312224625,174.19426272058334,174.19426272055594,0.9999999999999236,1.0000000000000775,0.9999999999999224,174.1942627205969,109.92117710282636,1.0000000000001572,64.27308561777049,2.263118371400427,2.2631183714006027,11.2,7.9,0.0,0.2864706799241269,0.3049324849043968,2.4089666307447346,False,
2004-08-01,109.6410331429076,5.758575485064171,175.50770833333328,60.10809970532321,0.0,0.0,0.0,0.0,350.01782343313073,169.74913284823083,169.7491328482691,0.9999999999999258,1.0000000000000775,0.9999999999999224,169.74913284824405,109.64103314291613,0.9999999999997744,60.10809970532787,2.116465133198545,2.1164651331987088,9.6,6.7000003,0.0,0.31589030424352504,0.310891672601857,2.082974299699944,False,
2004-08-02,103.3098434693925,3.820118932821945,175.11233333333337,67.98237093109371,0.0,0.0,0.0,0.0,348.7729030118965,171.29221440048627,171.29221440051143,0.9999999999999278,1.0000000000000888,0.9999999999999112,171.29221440050145,103.30984346940173,0.9999999999998531,67.98237093109975,2.3937259446431614,2.393725944643374,11.3,7.8,0.0,0.3068879416209454,0.3076628608649911,2.3997703147469305,False,
2004-08-03,117.9046784270402,4.684995190707917,176.95204166666667,54.36236804893542,0.0,0.0,0.0,0.0,347.50099250451285,172.2670464759756,172.26704647595878,0.9999999999999314,1.0000000000000768,0.9999999999999232,172.26704647598888,117.90467842704928,1.0000000000000981,54.3623680489396,1.9141522872580348,1.9141522872581815,8.6,6.4,0.0,0.2990862948840909,0.3043156979564188,1.94762046692108,False,
2004-08-04,105.15017486969431,4.539616690553884,175.47380555555557,65.78401399530087,0.0,0.0,0.0,0.0,346.20222220733194,170.9341888649952,170.9341888650017,0.9999999999999376,1.0000000000000768,0.9999999999999232,170.9341888650083,105.15017486970238,0.999999999999962,65.78401399530593,2.316319641204181,2.316319641204359,9.8,7.0,0.0,0.33090280588633697,0.3011492132499635,2.1080444927497446,False,
2004-08-05,105.43128269855484,3.8699423348171234,173.98744027777767,64.68621524437917,0.0,0.0,0.0,0.0,344.8767305442223,170.11749794293402,170.11749794296057,0.9999999999999436,1.0000000000000768,0.9999999999999232,170.11749794294713,105.43128269856295,0.999999999999844,64.68621524438416,2.277665070672335,2.2776650706725095,11.2,7.7000003,0.0,0.29580064700419684,0.2951010513682081,2.272278184065517,False,
2004-08-06,100.83005687018391,6.2947819597328785,169.1585263888889,62.03368755895102,0.0,0.0,0.0,0.0,343.52466444523344,162.8637444291349,162.863744429156,0.9999999999999576,1.0000000000000553,0.9999999999999448,162.86374442914394,100.83005687018948,0.9999999999998704,62.03368755895445,2.1842669697745394,2.18426696977466,10.7,7.4,0.0,0.2951712121317108,0.2954234069018756,2.186133211073879,False,
2004-08-07,113.85692051952006,4.8702575790155125,172.0221305555555,53.294952457064205,0.0,0.0,0.0,0.0,342.14617972591253,167.15187297658426,167.15187297653998,0.9999999999999744,1.0000000000000553,0.9999999999999448,167.1518729765935,113.85692051952635,1.000000000000265,53.294952457067154,1.8765675375503703,1.8765675375504745,9.900001,7.1,0.0,0.2643052869789401,0.29743467456178785,2.1117861893886936,False,
2004-08-08,104.40284536890155,7.465834713959168,170.9128777777778,59.04419769496163,0.0,0.0,0.0,0.0,340.74144146615885,163.4470430638632,163.44704306381863,0.9999999999999905,1.0000000000000553,0.9999999999999448,163.44704306387223,104.40284536890732,1.000000000000273,59.04419769496489,2.0790041001412862,2.079004100141401,10.7,7.6,0.0,0.2735531710712369,0.29331195316296466,2.2291708440385314,False,
2004-08-09,94.77852943162044,7.256761493838974,169.63954861111102,67.60425768563718,0.0,0.0,0.0,0.0,339.31062438746386,162.38278711725764,162.38278711727204,1.000000000000005,1.0000000000000382,0.999999999999962,162.38278711726386,94.77852943162407,0.9999999999999112,67.60425768563977,2.3804122064891935,2.380412206489284,10.900001,7.7000003,0.0,0.30914443035661754,0.2859199124892277,2.2015834119430266,False,
2004-08-10,102.9287666430703,7.399024336980274,169.0279486111111,58.700157631076344,0.0,0.0,0.0,0.0,337.8539132273752,161.62892427414664,161.62892427413084,1.000000000000015,1.0000000000000109,0.9999999999999892,161.62892427414837,102.9287666430714,1.0000000000000977,58.70015763107696,2.066890112122927,2.066890112122949,8.900001,6.6,0.0,0.31316516850347714,0.2709492570644536,1.7882650966253937,False,
2004-08-11,89.42659136213304,7.632860041489861,161.39529583333334,64.33584442966462,0.0,0.0,0.0,0.0,336.3715031099957,153.76243579179766,153.76243579184347,1.0000000000000229,1.0000000000000109,0.9999999999999892,153.7624357917993,89.426591362134,0.999999999999702,64.3358444296653,2.2653281707092825,2.2653281707093065,10.5,7.5,0.0,0.3020437560945742,0.27805492741971577,2.085411955647868,False,
2004-08-12,73.73658008271944,5.720822644390558,129.3624565277778,49.9050538006428,0.0,0.0,0.0,0.0,334.86359991132514,123.64163388336223,123.64163388338724,1.0000000000000306,0.9999999999999244,1.0000000000000755,123.64163388335287,73.73658008271386,0.9999999999997976,49.90505380063902,1.7572058816909168,1.7572058816907836,10.1,7.2000003,0.0,0.24405636228803815,0.261225199507503,1.8808215148215812,False,
2004-08-13,50.18671776618265,2.5746945789901923,87.90522361111113,35.143811265933586,0.0,0.0,0.0,0.0,333.33042061823664,85.33052903211623,85.33052903212094,1.0000000000000389,0.9999999999999024,1.0000000000000977,85.3305290321079,50.18671776617774,0.9999999999999448,35.143811265930154,1.2374480570290172,1.2374480570288964,8.900001,6.5,2.1000001,0.19037662415829176,0.2852696019679469,1.8542524127916544,False,
2004-08-14,109.58313292631546,8.173334086984347,178.4053277777778,60.64886076449667,0.0,0.0,0.0,0.0,331.7721936798857,170.23199369081212,170.23199369079347,1.0000000000000453,0.9999999999999024,1.0000000000000977,170.2319936907955,109.58313292630476,1.0000000000001097,60.648860764490735,2.1355058603674792,2.13550586036727,9.3,6.8,0.0,0.31404497946577503,0.3020603190679897,2.0540101696623303,False,
2004-08-15,52.80264296291147,-1.655333550917915,79.89808472222222,28.75077531024705,0.0,0.0,0.0,0.0,330.18915935034283,81.55341827315853,81.55341827314014,1.0000000000000542,0.9999999999999134,1.0000000000000866,81.55341827315145,52.802642962906894,1.0000000000002254,28.75077531024456,1.0123429919574474,1.0123429919573597,9.1,6.5,3.0,0.15574507568574766,0.3038320327241154,1.97490821270675,False,
2004-08-16,46.56264165151939,-1.7113853399786119,122.1423458333334,77.2910895218341,0.0,0.0,0.0,0.0,328.5815700212547,123.85373117335348,123.853731173312,1.0000000000000615,0.9999999999999676,1.0000000000000324,123.85373117334947,46.562641651517886,1.0000000000003348,77.2910895218316,2.7214950544410934,2.721495054441005,7.7000003,5.7000003,3.2,0.4774552475797247,0.30597032208549985,1.7440309276784458,False,
2004-08-17,105.6295959935501,0.9079161410078638,176.25983055555557,69.72231842099572,0.0,0.0,0.0,0.0,326.9496905433442,175.35191441454586,175.35191441454768,1.0000000000000573,0.9999999999999676,1.0000000000000324,175.35191441454015,105.6295959935467,0.9999999999999892,69.72231842099347,2.4549912019716644,2.454991201971585,7.4,5.7000003,0.0,0.4307001882037769,0.3278022494259852,1.8684729200687904,False,
2004-08-18,95.10347686536885,4.093565637639029,157.24420138888888,58.04715888590077,0.0,0.0,0.0,0.0,325.29379853557833,153.15063575126962,153.15063575124987,1.0000000000000473,0.9999999999999676,1.0000000000000324,153.15063575126462,95.10347686536578,1.000000000000129,58.047158885898895,2.043897385968517,2.0438973859684504,8.900001,6.5,0.0,0.3144457516874539,0.3279354819042218,2.1315806323774416,False,
2004-08-19,79.96244755642915,2.334177697788016,126.43474069444441,44.138115440236646,0.0,0.0,0.0,0.0,323.6141846808531,124.1005629966658,124.10056299665638,1.0000000000000409,0.9999999999999676,1.0000000000000324,124.10056299666178,79.96244755642657,1.0000000000000755,44.13811544023521,1.5541463269064242,1.554146326906374,8.1,6.0,0.0,0.25902438781772896,0.3300828893448976,1.9804973360693856,False,
2004-08-20,113.31833553779578,5.819983722978057,174.6960097222222,55.55769046146499,0.0,0.0,0.0,0.0,321.911153007064,168.87602599926075,168.87602599924412,1.0000000000000318,0.9999999999999676,1.0000000000000324,168.87602599925526,113.31833553779207,1.0000000000000984,55.55769046146318,1.9562407615477249,1.9562407615476607,7.5,5.7000003,0.0,0.34320011554168883,0.3094731842122526,1.7639972428517952,False,
2004-08-21,109.3875256356,4.2327655274846405,172.66017500000004,59.03988383690292,0.0,0.0,0.0,0.0,320.18502115246605,168.42740947250294,168.42740947251542,1.000000000000027,0.999999999999913,1.000000000000087,168.42740947248828,109.38752563559048,0.999999999999926,59.039883836897786,2.0788522049688285,2.078852204968648,9.3,6.6,0.3,0.3149776068134315,0.294704051488958,1.9450467398271227,False,
2004-08-22,29.042732340807643,-4.184238031975236,60.264255555555536,35.40576124676065,0.0,0.0,0.0,0.0,318.43612061425307,64.4484935875683,64.44849358753079,1.000000000000021,0.9999999999999291,1.0000000000000708,64.44849358756372,29.04273234080558,1.0000000000005822,35.40576124675813,1.24667157272458,1.2466715727244917,10.8,7.3,0.0,0.1707769277704783,0.28689709034681304,2.0943487595317354,False,
2004-08-23,113.12045375816777,3.8801166539444862,167.15233333333322,50.15176292121181,0.0,0.0,0.0,0.0,316.66479697932436,163.27221667937957,163.27221667938872,1.0000000000000144,0.999999999999972,1.000000000000028,163.272216679375,113.1204537581646,0.999999999999944,50.151762921210405,1.7658927517514609,1.7658927517514118,7.3,5.3,0.0,0.3331873116512098,0.2885085923309834,1.529095539354212,False,
2004-08-24,115.89693976037591,3.808600784188709,170.83275694444447,51.127216399868175,0.0,0.0,0.0,0.0,314.8714101362502,167.0241561602441,167.02415616025576,1.000000000000009,1.0000000000000129,0.9999999999999872,167.02415616024618,115.89693976037736,0.99999999999993,51.12721639986882,1.8002394252739078,1.8002394252739309,7.6,5.5,0.3,0.32731625914071466,0.2715846811524077,1.493715746338243,False,
2004-08-25,100.63111044814026,3.4824155244423585,159.45074305555556,55.337217082990435,0.0,0.0,0.0,0.0,313.05633446748163,155.96832753113068,155.96832753111318,1.0000000000000044,0.999999999999974,1.000000000000026,155.96832753112662,100.63111044813765,1.0000000000001124,55.33721708298901,1.948477677693344,1.9484776776932935,11.1,7.5,0.0,0.2597970236924392,0.26182214331558856,1.963666074866914,False,
2004-08-26,112.02177555631901,0.2041713255362526,154.44791666666663,42.22196978480554,0.0,0.0,0.0,0.0,311.2199590209081,154.2437453411245,154.24374534113036,0.9999999999999988,1.0000000000000149,0.9999999999999856,154.24374534112678,112.02177555632065,0.999999999999962,42.221969784806156,1.4866769593880456,1.486676959388067,7.8,5.5,0.0,0.2703049017069213,0.27375413979713936,1.5056477688842664,False,
2004-08-27,118.58874601182714,-0.06762243740221377,162.56010972222225,44.038986147794965,0.0,0.0,0.0,0.0,309.3626876599061,162.6277321596221,162.62773215962446,0.9999999999999925,1.0000000000000149,0.9999999999999856,162.62773215962451,118.58874601182887,0.9999999999999856,44.0389861477956,1.550655887312426,1.5506558873124483,10.2,6.9,0.0,0.2247327372916592,0.2674409397103112,1.8453424840011472,False,
2004-08-28,112.65990165712317,2.6230770259667167,159.41213888888896,44.12916020581452,0.0,0.0,0.0,0.0,307.4849391910817,156.78906186293767,156.78906186292224,0.9999999999999898,1.000000000000038,0.999999999999962,156.78906186294364,112.65990165712743,1.0000000000000986,44.129160205816206,1.5538310043208334,1.5538310043208925,9.0,6.3,0.0,0.24663984195569724,0.2587919748763857,1.63038944172123,False,
2004-08-29,99.50084640404695,4.076172844373375,151.96579166666663,48.38877241825612,0.0,0.0,0.0,0.0,305.58714746896067,147.88961882230308,147.88961882229324,0.9999999999999908,1.000000000000038,0.999999999999962,147.8896188223087,99.50084640405078,1.0000000000000664,48.38877241825795,1.7038161273371404,1.7038161273372052,9.6,6.7000003,0.0,0.2543009031413335,0.2581124388572089,1.729353417777031,False,
2004-08-30,96.756587640947,5.134310853855557,154.41904166666666,52.52814317185822,0.0,0.0,0.0,0.0,303.6697614769401,149.2847308128052,149.2847308128111,0.9999999999999885,1.000000000000029,0.9999999999999708,149.28473081280953,96.7565876409498,0.9999999999999606,52.528143171859725,1.8495674306777905,1.849567430677844,9.1,6.4,0.0,0.2889949110434131,0.2595898646855995,1.6613751339878366,False,
2004-08-31,90.77710877121821,5.314522839614585,152.9148513888889,56.823219778035075,0.0,0.0,0.0,0.0,301.7332453838768,147.60032854925328,147.60032854927434,0.9999999999999896,1.000000000000017,0.9999999999999828,147.60032854925583,90.77710877121977,0.9999999999998572,56.823219778036076,2.0008012897742384,2.000801289774273,11.1,7.5,0.0,0.2667735053032365,0.26052614749470954,1.9539461062103216,False,
2004-09-01,88.51498093987641,6.5302973658865815,158.7854625,63.74018419430646,0.0,0.0,0.0,0.0,299.7780785757462,152.25516513418287,152.2551651341134,0.9999999999999905,0.999999999999974,1.000000000000026,152.2551651341789,88.51498093987409,1.0000000000004563,63.7401841943048,2.244354389712231,2.2443543897121727,13.400001,8.8,0.0,0.2550402715582014,0.2569906769659384,2.2615179573002577,False,
2004-09-02,92.5556379395322,2.16190862589004,148.33328013888894,54.99601135124561,0.0,7.0,7.0,7.0,297.80475566187346,147.55164929077782,146.17137151299892,0.9999999999999996,0.9999999999999998,1.0000000000000002,147.55164929077782,92.5556379395322,1.009442873549669,54.996011351245606,1.936463489289024,1.936463489289024,10.2,6.9,0.0,0.2806468825056556,0.2644448433568779,1.8246694191624573,False,
2004-09-03,121.11388284681904,-3.803016664153749,153.43814583333332,36.127279650693566,0.0,0.0,0.0,0.0,295.81378645530447,157.24116249751262,157.24116249748704,1.0000000000000029,0.9999999999999998,1.0000000000000002,157.2411624975126,121.11388284681902,1.0000000000001628,36.127279650693566,1.2720769432548655,1.272076943254865,8.1,5.5,0.0,0.23128671695543004,0.2636316463019495,1.4499740546607225,False,
2004-09-04,119.51643987701544,-2.621141393203801,153.4455722222223,36.55027373839701,0.0,0.0,0.0,0.0,293.8056959269499,156.06671361541245,156.0667136154261,1.0000000000000036,1.0000000000000029,0.9999999999999974,156.06671361541285,119.51643987701574,0.9999999999999126,36.55027373839711,1.2869709798749285,1.2869709798749318,8.400001,5.8,0.0,0.2218915482542986,0.2670095777898857,1.5486555511813371,False,
2004-09-05,104.82496460571228,2.1789832809606486,152.26529583333328,45.26134794663397,0.0,0.0,0.0,0.0,291.7810241332034,150.08631255234624,150.08631255237262,1.0000000000000018,1.0000000000000029,0.9999999999999974,150.08631255234664,104.82496460571257,0.9999999999998241,45.26134794663408,1.5936964449091504,1.5936964449091544,7.1,5.2000003,0.0,0.3064800678779104,0.26837261305873783,1.3955376684172207,False,
2004-09-06,96.36225292296623,3.1074226766761104,146.9402347222222,47.47055912257696,0.0,0.0,0.0,0.0,289.74032611681145,143.8328120455432,143.8328120455461,0.9999999999999976,1.0000000000000029,0.9999999999999974,143.83281204554356,96.36225292296648,0.9999999999999798,47.47055912257709,1.6714849367875888,1.671484936787593,8.5,5.9,0.0,0.2833025316589141,0.26220900154654336,1.547033109124606,False,
2004-09-07,93.53889425644807,3.32981196830635,144.7069180555556,47.838211830831604,0.0,0.0,0.0,0.0,287.6841717808332,141.37710608727969,141.37710608724922,0.999999999999998,1.0000000000000029,0.9999999999999974,141.3771060872801,93.53889425644834,1.0000000000002156,47.83821183083174,1.6844303491689765,1.684430349168981,8.3,5.8,0.0,0.2904190257187898,0.2647527645873664,1.535566034606725,False,
2004-09-08,89.52211746184162,1.7027748927669455,142.32129166666667,51.09639931207672,0.0,0.0,0.0,0.0,285.61314573560816,140.61851677391834,140.61851677389973,0.9999999999999992,0.9999999999999384,1.0000000000000615,140.6185167739097,89.52211746183613,1.0000000000001323,51.09639931207357,1.7991543253932418,1.7991543253931308,10.2,6.8,0.0,0.2645815184401663,0.26495595105793457,1.8017004671939552,False,
2004-09-09,91.53979808171809,1.7854177354618064,141.21542916666672,47.89021334948895,0.0,0.0,0.0,0.0,283.527847118718,139.43001143120702,139.43001143120492,1.0000000000000002,1.0000000000000029,0.9999999999999974,139.43001143120742,91.53979808171832,1.000000000000015,47.890213349489066,1.686261373634085,1.6862613736340897,10.7,7.1,0.0,0.2375016019202943,0.2487257057627591,1.7659525109155894,False,
2004-09-10,89.45027024982805,1.9404511488007896,140.910825,49.52010360135883,0.0,0.0,0.0,0.0,281.4288893879978,138.97037385118688,138.9703738511992,0.9999999999999972,1.0000000000000202,0.9999999999999798,138.97037385118966,89.45027024982987,0.9999999999999112,49.520103601359814,1.7436514076883018,1.7436514076883374,10.6,7.0,0.0,0.24909305824119105,0.24101729620423756,1.6871210734296629,False,
2004-09-11,87.78279844128485,3.846393764083888,139.82964722222223,48.200455016822566,0.0,0.0,0.0,0.0,279.3169000877302,135.9832534581074,135.98325345813836,0.999999999999994,1.0000000000000369,0.9999999999999633,135.98325345811244,87.78279844128807,0.9999999999997726,48.20045501682435,1.6971852869668311,1.6971852869668935,11.6,7.6,0.0,0.2233138535482755,0.22899580540642825,1.7403681210888544,False,
2004-09-12,90.64240908699296,3.8279891166284745,139.38594583333335,44.915547629726525,0.0,0.0,0.0,0.0,277.1925205882217,135.5579567167195,135.5579567167049,0.9999999999999908,1.0000000000000202,0.9999999999999798,135.55795671672223,90.6424090869948,1.000000000000108,44.91554762972744,1.5815204766557602,1.5815204766557924,12.8,8.2,0.0,0.192868350811682,0.2218420095258719,1.8191044781121493,False,
2004-09-13,95.62754560668002,-0.39100306897712,138.22506944444453,42.98852690675663,0.0,0.0,0.0,0.0,275.0564057990335,138.61607251343662,138.61607251342164,0.9999999999999856,0.9999999999999932,1.0000000000000069,138.61607251343568,95.62754560667936,1.000000000000108,42.988526906756334,1.5136681873451463,1.5136681873451356,9.900001,6.6,0.0,0.22934366474926302,0.21815346614866415,1.4398128765811835,False,
2004-09-14,105.71629028046542,-2.4047680132300533,136.7025555555555,33.391033288280624,0.0,0.0,0.0,0.0,272.90922385621064,139.10732356874604,139.10732356878555,0.9999999999999823,0.9999999999999848,1.000000000000015,139.10732356874394,105.7162902804638,0.9999999999997158,33.39103328828011,1.1757310256451052,1.1757310256450872,8.400001,5.7000003,0.0,0.2062685901341246,0.2108794771295289,1.2020130829021578,False,
2004-09-15,101.43669741631763,-0.06481434005658374,137.31462500000004,35.94274192375801,0.0,0.0,0.0,0.0,270.75165578391943,137.37943934007563,137.37943934005662,0.9999999999999796,0.9999999999999932,1.0000000000000069,137.3794393400747,101.43669741631695,1.0000000000001383,35.94274192375776,1.2655791889300148,1.2655791889300059,8.8,5.9,0.0,0.2145049472762722,0.2127320362816704,1.255119014061855,False,
2004-09-16,94.8473915835561,1.5241174512761515,135.4482875,39.07677846516283,0.0,0.0,0.0,0.0,268.5843951309768,133.92417004871893,133.92417004872385,0.9999999999999792,1.0000000000000369,0.9999999999999633,133.92417004872388,94.84739158355958,0.9999999999999633,39.076778465164274,1.3759316888189117,1.3759316888189623,9.8,6.5,0.0,0.21168179827984035,0.22498624751581267,1.4624106088527824,False,
2004-09-17,92.9582384053378,1.0742665405007914,136.2441527777778,42.211647831895405,0.0,0.0,0.0,0.0,266.40814758281573,135.1698862372332,135.16988623727698,0.9999999999999764,1.0000000000000369,0.9999999999999633,135.1698862372382,92.95823840534122,0.999999999999676,42.21164783189697,1.4863135133042749,1.4863135133043297,11.6,7.5,0.0,0.198175135107244,0.2242600113102376,1.681950084826782,False,
2004-09-18,37.481066988554296,-2.0465254116432368,70.32891944444447,34.894377867501674,0.0,0.0,0.0,0.0,264.22363054950216,72.37544485605598,72.3754448560877,0.9999999999999679,1.0000000000000369,0.9999999999999633,72.37544485605865,37.48106698855568,0.9999999999995618,34.89437786750296,1.2286652624734673,1.2286652624735126,7.8,5.2000003,0.0,0.23628176761326586,0.2615265067134555,1.3599379133679208,False,
2004-09-19,77.65988351225292,-7.423324864664902,93.97754722222227,23.740988574634944,0.0,0.0,0.0,0.0,262.03157273048055,101.40087208688786,101.40087208688715,0.9999999999999591,0.9999999999999978,1.0000000000000022,101.40087208688765,77.65988351225275,1.0000000000000069,23.740988574634887,0.8359434883520359,0.8359434883520341,4.5,3.0,0.0,0.27864782945067795,0.28700813702852673,0.8610244110855803,False,
2004-09-20,53.84195404028023,-12.535740409585696,97.76469458333332,56.4584809526416,0.0,0.0,0.0,0.0,259.8327136567853,110.30043499292181,110.30043499291901,0.9999999999999536,1.0000000000000369,0.9999999999999633,110.30043499292587,53.84195404028221,1.000000000000025,56.45848095264368,1.9879584780657733,1.9879584780658468,4.3,3.1000001,2.6000001,0.6412769077219859,0.31336322519178084,0.9714260294308432,False,
2004-09-21,95.38781808962514,-8.224521413145052,143.3216527777778,56.15835610132635,0.0,0.0,0.0,0.0,257.62780321152127,151.54617419095155,151.54617419092284,0.9999999999999488,1.0000000000000533,0.9999999999999468,151.5461741909596,95.38781808963026,1.0000000000001892,56.158356101329346,1.977390787745681,1.977390787745786,6.8,4.6,0.0,0.4298675625534318,0.3269975444396351,1.5041887044223212,False,
2004-09-22,92.1753064698643,-2.3804940804360726,135.70483194444444,45.91001955500435,0.0,0.0,0.0,0.0,255.41760112946744,138.08532602486866,138.08532602488054,0.9999999999999422,1.0000000000000369,0.9999999999999633,138.08532602487372,92.17530646986769,0.9999999999999141,45.91001955500604,1.6165368083334188,1.616536808333478,6.4,4.4,0.0,0.3673947291666995,0.32852434345770165,1.4455071112138873,False,
2004-09-23,88.38905698571756,-0.937420379777638,132.61348611111111,45.16184950514443,0.0,0.0,0.0,0.0,253.2028764767212,133.55090649086202,133.55090649088876,0.9999999999999354,1.0000000000000533,0.9999999999999468,133.5509064908691,88.38905698572228,0.9999999999997996,45.16184950514685,1.590193007215186,1.5901930072152708,6.2000003,4.3,0.0,0.3698123272593653,0.3205523980776523,1.3783753117339048,False,
2004-09-24,88.17158290964436,0.1834713538169421,128.11268749999996,39.757633236538936,0.0,0.0,0.0,0.0,250.98440711134663,127.92921614618332,127.92921614618301,0.9999999999999252,1.0000000000000862,0.9999999999999141,127.92921614619435,88.17158290965195,1.0000000000000022,39.75763323654237,1.3999052529717269,1.399905252971848,7.3,5.0,0.0,0.2799810505943696,0.3064227154339091,1.532113577169545,False,
2004-09-25,83.21867998072842,0.8470025248265683,126.58649847222223,42.52081596664528,0.0,0.0,0.0,0.0,248.76297912604718,125.73949594737371,125.73949594739568,0.9999999999999236,1.0000000000000862,0.9999999999999141,125.73949594738455,83.2186799807356,0.9999999999998253,42.520815966648954,1.4971996265020302,1.4971996265021594,9.3,6.1,0.0,0.2454425617216655,0.28006960678978937,1.7084246014177151,False,
2004-09-26,83.32415769157521,-1.5038796109481962,120.49614861111117,38.675870530496624,0.0,0.0,0.0,0.0,246.53938627392827,122.00002822207183,122.00002822205937,0.9999999999999236,1.0000000000000533,0.9999999999999468,122.0000282220783,83.32415769157964,1.0000000000001024,38.675870530498685,1.3618153273051816,1.361815327305254,9.0,5.9,0.0,0.23081615717038198,0.2492038386685108,1.4703026481442136,False,
2004-09-27,88.5655217712776,-1.4709640565340296,120.45677777777777,33.362220063003754,0.0,0.0,0.0,0.0,244.3144293784607,121.9277418342813,121.92774183431177,0.9999999999999221,1.0000000000000862,0.9999999999999141,121.92774183429184,88.5655217712852,0.9999999999997504,33.362220063006625,1.1747164837285835,1.174716483728685,8.0,5.3,0.0,0.22164461957145,0.2322482836083449,1.230915903124228,False,
2004-09-28,88.53746191398291,1.3246031307546833,121.22390416666664,31.361839121922692,0.0,0.0,0.0,0.0,242.0889157288001,119.89930103590557,119.89930103591196,0.9999999999999194,1.000000000000111,0.999999999999889,119.89930103591892,88.53746191399273,0.9999999999999468,31.361839121926174,1.1042811092005478,1.1042811092006706,6.6,4.5,0.0,0.24539580204459344,0.2309021789672495,1.0390598053526228,False,
2004-09-29,60.309007082338326,-3.0270184858072646,80.06102097222225,22.77903237569551,0.0,0.0,0.0,0.0,239.86365846165387,83.08803945803383,83.08803945802951,0.99999999999992,1.000000000000111,0.999999999999889,83.08803945804306,60.309007082345026,1.000000000000052,22.779032375698037,0.8020720672839832,0.8020720672840722,8.1,5.3,0.0,0.15133435231774947,0.2451836424945411,1.299473305221068,False,
2004-09-30,74.80275197989295,-3.2934944399145856,99.32391666666666,27.814659126659198,0.0,0.0,0.0,0.0,237.63947593092658,102.61741110655214,102.61741110658123,0.9999999999999202,1.000000000000111,0.999999999999889,102.61741110656355,74.80275197990125,0.9999999999997164,27.81465912666228,0.9793814231688884,0.979381423168997,5.6,3.9,0.0,0.25112344183820434,0.2534972492164965,0.9886392719443364,False,
2004-10-01,89.54841989662859,0.3249442682136147,122.9142152777778,33.04085111292196,0.0,0.0,0.0,0.0,235.41719106640824,122.58927100955057,122.58927100956416,0.9999999999999176,1.0000000000000533,0.9999999999999468,122.5892710095571,89.54841989663338,0.999999999999889,33.040851112923725,1.1634007678587557,1.1634007678588176,6.3,4.3,0.0,0.2705583181067018,0.2546721793705725,1.0950903712934614,False,
2004-10-02,67.35982131324141,-0.8348886650408345,98.8972847222222,32.372352074002066,0.0,0.0,0.0,0.0,233.19763072279275,99.73217338724348,99.73217338726305,0.9999999999999232,1.0000000000000533,0.9999999999999468,99.7321733872488,67.359821313245,0.999999999999804,32.372352074003786,1.139862261161872,1.139862261161933,4.5,3.3,0.0,0.3454128064127069,0.2560781885195728,0.8450580221145899,False,
2004-10-03,80.90983205952267,0.2455731388188901,116.44976555555559,35.29436035722999,0.0,0.0,0.0,0.0,230.98162502035285,116.20419241675266,116.2041924167367,0.9999999999999342,1.0000000000000533,0.9999999999999468,116.20419241675884,80.90983205952699,1.0000000000001372,35.294360357231874,1.242749038163434,1.2427490381635002,6.3,4.3,0.0,0.28901140422406985,0.2672860409341833,1.1493299760169884,False,
2004-10-04,74.46414055650928,0.7344805570481959,103.92330180555557,28.72468069198576,0.0,0.0,0.0,0.0,228.77000667860733,103.18882124849505,103.18882124850737,0.9999999999999452,1.0000000000000822,0.9999999999999178,103.1888212485035,74.46414055651539,0.9999999999998804,28.72468069198812,1.0114241748598365,1.0114241748599195,6.5,4.4,0.0,0.2298691306499817,0.2595272539913475,1.1419199175619292,False,
2004-10-05,79.19199184785145,0.3742252332049963,108.56147499999996,28.99525791890596,0.0,0.0,0.0,0.0,226.56361034434548,108.18724976675743,108.18724976679495,0.9999999999999564,1.0000000000000822,0.9999999999999178,108.1872497667663,79.19199184785795,0.9999999999996528,28.99525791890834,1.0209514643502982,1.020951464350382,5.8,4.0,0.0,0.2552378660875955,0.2420423892301189,0.9681695569204756,False,
2004-10-06,72.65597610042227,0.610091235816808,106.54902361111112,33.28295627488284,0.0,0.0,0.0,0.0,224.3632719153869,105.93893237530511,105.9389323752943,0.9999999999999634,1.0000000000000822,0.9999999999999178,105.9389323753138,72.65597610042823,1.000000000000102,33.28295627488558,1.1719255280220222,1.1719255280221186,7.8,5.1,0.0,0.2297893192200233,0.2213464831825687,1.1288670642311005,False,
2004-10-07,79.4929366160936,-0.5179807034759683,106.3635277777778,27.388571865204725,0.0,0.0,0.0,0.0,222.1698278614643,106.88150848129831,106.88150848125379,0.9999999999999702,1.0000000000000822,0.9999999999999178,106.88150848130712,79.49293661610014,1.0000000000004168,27.388571865206966,0.9643784728678562,0.9643784728679352,7.5,4.9,0.0,0.19681193323835414,0.2038115789799373,0.9986767370016928,False,
2004-10-08,57.68156139354304,2.084904305875042,87.95939305555551,28.192927356145788,0.0,0.0,0.0,0.0,219.98411454363145,85.87448874968882,85.87448874968048,0.999999999999976,1.000000000000025,0.9999999999999748,85.874488749691,57.681561393544506,1.000000000000097,28.192927356146498,0.9927006184625338,0.9927006184625587,10.7,6.7000003,0.0,0.1481642647781014,0.1928262641648029,1.2919360277520586,False,
2004-10-09,60.729299337211074,3.3855014811796815,88.03558333333334,23.920782514940427,0.0,0.0,0.0,0.0,217.80696753359862,84.65008185215152,84.65008185215365,0.9999999999999843,0.99999999999999,1.00000000000001,84.65008185215066,60.72929933721048,0.9999999999999748,23.92078251494019,0.8422742092978396,0.8422742092978313,6.3,4.2000003,0.0,0.20054146407985524,0.17851779125535147,0.7497747768278136,False,
2004-10-10,86.28102328120227,-7.861715778912637,101.5572222222222,23.13791471992361,0.0,0.0,0.0,0.0,215.6392209344017,109.41893800112587,109.41893800113483,0.9999999999999928,0.99999999999999,1.00000000000001,109.41893800112476,86.28102328120139,0.9999999999999178,23.13791471992339,0.8147086665476939,0.8147086665476858,7.7000003,4.9,0.0,0.16626707480565014,0.1665495297742266,0.8160926958937104,False,
2004-10-11,94.01663066554501,-6.668863894194624,110.37328888888884,23.025522117509123,0.0,0.0,0.0,0.0,213.48170670381157,117.04215278305408,117.04215278308348,1.000000000000001,0.99999999999999,1.00000000000001,117.04215278305294,94.01663066554407,0.9999999999997491,23.02552211750889,0.8107512128034248,0.8107512128034167,8.3,5.3,0.0,0.15297192694404088,0.16343703309216573,0.8662162753884783,False,
2004-10-12,80.3163765577282,-1.3886201900299986,102.27037083333332,23.342614465604324,0.0,0.0,0.0,0.0,211.33525398187714,103.65899102333252,103.6589910233633,1.0000000000000104,0.9999999999999748,1.000000000000025,103.65899102332993,80.31637655772619,0.999999999999703,23.342614465603734,0.8219163453236287,0.8219163453236079,8.400001,5.3,0.0,0.15507855572143547,0.16460757796915776,0.8724201632365359,False,
2004-10-13,75.77555513437481,-0.7233007313718048,99.51813888888887,24.465884485905693,0.0,0.0,0.0,0.0,209.2006884239975,100.24143962028052,100.24143962026069,1.0000000000000149,0.9999999999999748,1.000000000000025,100.241439620278,75.77555513437291,1.0000000000001978,24.46588448590509,0.8614677842277025,0.8614677842276811,9.3,5.9,0.0,0.14601148885214932,0.1518589981656923,0.8959680891775845,False,
2004-10-14,74.7939248541975,-0.5968723656376396,99.54780138888891,25.350748900330046,0.0,0.0,0.0,0.0,207.0788315408934,100.14467375452757,100.14467375452654,1.000000000000024,0.99999999999999,1.00000000000001,100.14467375452654,74.79392485419675,1.00000000000001,25.35074890032979,0.8926247279660425,0.8926247279660335,8.1,5.1,0.0,0.17502445646392814,0.1904371525951004,0.9712294782350116,False,
2004-10-15,70.05298289993249,-1.1418632664784714,89.33790555555558,20.42678592212189,0.0,0.0,0.0,0.0,204.97050004683956,90.47976882205437,90.47976882203406,1.000000000000025,0.99999999999999,1.00000000000001,90.47976882205349,70.05298289993179,1.0000000000002247,20.426785922121688,0.7192471630184171,0.7192471630184101,7.2000003,4.6,0.0,0.15635807891704565,0.2269927745517187,1.044166762937906,False,
2004-10-16,44.97553143316805,0.2840756369197225,65.48991541666669,20.230308346580557,0.0,0.0,0.0,0.0,202.8765052174992,65.2058397797486,65.20583977974697,1.0000000000000346,0.99999999999999,1.00000000000001,65.20583977974796,44.9755314331676,1.000000000000025,20.230308346580355,0.7123289949158279,0.7123289949158208,10.2,6.4,0.0,0.11130140545559698,0.2269905047071928,1.4527392301260342,False,
2004-10-17,7.7464052993531105,-6.290620721998473,42.34748055555556,40.8916959781905,0.0,0.0,0.0,0.0,200.79765225867138,48.63810127754361,48.638101277554036,1.0000000000000346,0.99999999999999,1.00000000000001,48.638101277543115,7.746405299353032,0.9999999999997856,40.89169597819009,1.4398367141779862,1.4398367141779718,5.2000003,3.3,4.1,0.4363141558115066,0.24048700734970005,0.7936071242540101,False,
2004-10-18,12.407680695865006,-12.644441486460655,33.43732874999999,33.67408954060478,0.0,0.0,0.0,0.0,198.73473968724227,46.081770236469794,46.081770236460635,1.0000000000000406,0.9999999999999823,1.0000000000000175,46.08177023646898,12.407680695864785,1.0000000000001985,33.67408954060419,1.1856977138570912,1.1856977138570703,4.4,2.9,1.6,0.4088612806403691,0.2535795175268544,0.7353806008278776,False,
2004-10-19,6.775102240249412,-11.72645923835643,7.819708333333335,12.771065331445605,0.0,0.0,0.0,0.0,196.68855872559516,19.546167571695012,19.546167571689764,1.0000000000000575,0.9999999999999748,1.000000000000025,19.546167571694532,6.775102240249243,1.000000000000269,12.771065331445286,0.4496817337482987,0.4496817337482874,4.5,2.9,17.5,0.15506266680975428,0.2778848771793066,0.8058661438199891,False,
2004-10-20,30.307843068229214,-11.088020216797556,45.507173611111135,26.287350759649616,0.0,0.0,0.0,0.0,194.65989271070026,56.59519382787883,56.59519382790869,1.0000000000000624,0.9999999999998884,1.0000000000001117,56.59519382787252,30.30784306822583,0.9999999999994724,26.28735075964668,0.9256033978733736,0.9256033978732704,2.3,1.6,9.2,0.5785021236707939,0.33341270108720983,0.5334603217395357,False,
2004-10-21,61.19651423709539,-7.40033849000486,98.41197361111107,44.615797863984994,0.0,0.0,0.0,0.0,192.6495165190712,105.81231210108038,105.81231210111594,1.0000000000000684,0.9999999999999748,1.000000000000025,105.81231210107772,61.19651423709386,0.999999999999664,44.61579786398387,1.5709659934665303,1.570965993466491,2.9,2.1000001,0.0,0.748079008885043,0.2819619737250614,0.5921201730188262,False,
2004-10-22,64.91037451344188,-4.062790987765837,105.89960625000002,45.052022724369145,0.0,0.0,0.0,0.0,190.6581960087241,109.96239723781102,109.96239723776587,1.0000000000000755,0.999999999999888,1.0000000000001121,109.96239723779871,64.91037451343462,1.0000000000004108,45.05202272436409,1.5863258985669024,1.5863258985667246,1.8000001,1.4,0.0,1.1330899275476605,0.2819619737250614,0.3947467632150859,False,
2004-10-23,31.88798249797965,0.8428419713181943,66.18156527777775,33.45074080849659,0.0,0.0,0.0,0.0,188.68668747924286,65.33872330647624,65.33872330645956,1.0000000000000837,0.9999999999999748,1.000000000000025,65.3387233064746,31.88798249797885,1.0000000000002554,33.450740808495745,1.1778333859816712,1.1778333859816417,2.2,1.5,0.6,0.7852222573210944,0.2819619737250614,0.4229429605875921,False,
2004-10-24,31.33695781770989,-3.3864557295551805,54.51721805555553,26.566715967399567,0.0,0.0,0.0,0.0,186.7357371509929,57.90367378510946,57.90367378511073,1.0000000000000937,0.9999999999999116,1.0000000000000884,57.90367378510434,31.33695781770712,0.999999999999978,26.566715967397226,0.9354401207864288,0.9354401207863459,1.3000001,1.1,0.6,0.8504001098057691,0.2819619737250614,0.31015817109756755,False,
2004-10-25,,,,,0.0,42.0,42.0,42.0,184.8060806644837,,,1.00000000000009,0.9999999999998016,1.0000000000001985,,,,13.61323504870414,,0.4793353553326044,2.5,1.7,0.0,,0.2819619737250614,0.4793353553326044,True,0.4793353553326044
