date,Rn,ws,g_1,t_avg,theta_1,sw_out,rh,lw_out,sw_in,LE,wd,G,H,lw_in,g_2,t_min,t_max,Rn_subday_gaps,G_subday_gaps,ppt,LE_subday_gaps,H_subday_gaps,rso,flux,energy,ebr_5day_clim,ebr_corr,ebc_cf,H_corr,ebr,flux_corr,LE_corr,ET,ET_corr,gridMET_ETr,gridMET_ETo,gridMET_prcp,EToF,EToF_filtered,ET_fill,ET_gap,ET_fill_val
2017-12-18,,,,,,,,,,,,,,,,7.02185,20.60559,,,,,,156.8162524067084,,,,,,,,,,,,4.7000003,2.9,0.0,,,,False,
2017-12-19,41.58936395833336,1.0986934781249995,-6.191657374999999,11.555008270833332,,22.66028340208333,42.237439375,369.3038229166668,150.31092370208333,11.447088018125005,172.67816654166668,-7.963901374999999,35.85490638541667,283.2425437500001,-9.736145375,3.3375760000000003,21.98357,,,,,,156.75631599129744,47.30199440354167,49.55326533333336,,,,,0.954568666370462,,,0.39981443102772574,,2.3,1.5,0.0,,,,False,
2017-12-20,40.17997322916669,2.104601914583333,-2.4365574166666653,12.857334916666668,,22.53464465833333,47.376040416666676,379.5362083333334,150.66371902916669,10.24324423125,170.43092170833333,-3.790417216666668,24.452931951041673,291.5871041666668,-5.144277016666666,4.10065,22.4472,,,,,,156.73414287199512,34.69617618229167,43.97039044583335,,,,,0.7890804659793393,,,0.3582128229182319,,4.0,2.6000001,0.0,,,,False,
2017-12-21,33.180412,3.803928477083333,-9.992659650000002,10.753847104166665,,24.39855777291666,30.795811874999995,362.77979583333337,156.78897587500003,26.71397687708333,299.96563274999994,-11.480391274999995,25.64026537916667,263.56978958333326,-12.968122900000001,3.789158,14.88724,,,,,,156.74975341226926,52.35424225624999,44.66080327499999,,,,,1.1722637842825498,,29.34872046015875,0.9323307978610598,1.024284631551591,5.1,3.2,0.0,,0.3200889425901753,1.024284631551591,True,1.024284631551591
2017-12-22,34.914028854166666,1.3247846354166666,-10.428559520833332,8.223214604166666,,23.08395741145834,37.69431083333333,354.78759791666664,148.53977585624997,10.491289246666664,176.18351570416667,-11.852464321875004,35.62674045416667,264.2458041666667,-13.276369122916664,0.2785689,16.90992,,,,,,156.8031546280761,46.11802970083333,46.76649317604167,,,,,0.9861340153779042,,25.300876281136784,0.3652695331604473,0.8808869005968316,4.1,2.5,0.0,,0.35235476023873263,0.8808869005968316,True,0.8808869005968316
2017-12-23,40.621733125,1.8592043124999995,-9.914630725,8.634202187499998,,21.187094581041666,42.03494000000001,353.79521875000006,139.47585543395832,18.713282860416665,128.06909691666667,-10.972697808333338,33.669141306250005,276.12818541666667,-12.030764891666667,1.554976,17.15675,,,,,,156.89434017196004,52.38242416666667,51.59443093333334,,0.9945524930689588,1.0054773448048293,33.85355880246686,1.0152728350536808,52.66934076554033,18.815781963073466,0.6517850888405754,0.6553551405108015,4.1,2.5,0.0,0.2621420562043206,0.32586100849179706,0.8146525212294926,False,
2017-12-24,42.93861501249999,1.7545676604166662,-6.158285791666668,10.821241583333334,,23.052148634375,34.366911249999994,362.16794374999984,148.73289263958333,20.640277019791665,124.3642400625,-7.412852898958333,32.38657951458333,279.4258166666666,-8.667420006249998,2.695795,20.10671,,,,,,157.02329030860557,53.026856534375,50.35146791145832,,1.002970970760013,0.9970378297611528,32.290644952607174,1.0531342726218285,52.86978195808925,20.579137005482078,0.7204020194634404,0.7182680660413805,3.1000001,1.9,0.0,0.37803582897603005,0.3156524022764044,0.5997395567994286,False,
2017-12-25,41.484397395833334,1.6166884875000005,-5.542052187499999,10.474503979166668,,22.93086553125,38.52000229166666,362.9928208333334,148.14263870833332,19.17389195,144.8928270625,-6.716382229166666,37.15107470916666,279.2654395833334,-7.890712270833338,2.346295,21.19976,,,,,,157.18997188193916,56.32496665916666,48.200779625,,1.002970970760013,0.9970378297611528,37.04102690132199,1.1685488719761896,56.158122519224825,19.11709561790284,0.6689999344924462,0.667018242796702,2.6000001,1.6,0.0,0.4168863955358473,0.30238442231240603,0.4838150829092561,False,
2017-12-26,30.146242979166654,1.3530078354166666,-6.118854237500004,11.035742854166665,,16.91244203958333,38.925492708333344,364.3956604166669,111.17468232083333,13.336383123749998,120.22863614583328,-6.857107650000002,22.057607385416674,300.2796666666667,-7.595361062499994,3.096474,19.57389,,,,,,157.39433827396243,35.39399050916667,37.003350629166654,,0.9945524930689588,1.0054773448048293,22.178424506636148,0.9565077190947281,35.587855599204225,13.409431092568084,0.4655714300490744,0.4681215253027306,3.1000001,1.9,0.0,0.2463797532509904,0.29965587492459805,0.5693461552123835,False,
2017-12-27,46.36495416666665,1.4064764354166668,-0.9665640749999972,13.273502833333335,,23.07165918541667,39.09621020833333,376.5866708333333,148.01087383124997,16.406495377083335,128.69040489583332,-2.2528722249999995,32.35577315520833,298.01242291666665,-3.5391803750000017,5.829791,23.67744,,,,,,157.63632935558286,48.76226853229167,48.617826391666654,,0.9945524930689588,1.0054773448048293,32.53299688120625,1.002970970760013,49.02935629050871,16.496359409302453,0.5739739387128615,0.5771177918841778,3.5,2.1000001,0.0,0.2748179774148337,0.3009137444164329,0.6319189063205655,False,
2017-12-28,47.99724868749996,1.8565552791666664,-2.912631735416667,14.039559479166664,,24.452233577083334,34.56413250000001,375.01596874999984,156.04992064270837,20.411000264583333,150.24983310208333,-4.132124930208337,32.58033194187501,291.41546249999993,-5.351618124999999,5.686667,24.23158,,,,,,157.9158714297921,52.99133220645834,52.1293736177083,,1.009121902906847,0.990960554041518,32.285823791977016,1.0165349884130823,52.51231992271009,20.226496130733064,0.7145930931248494,0.7081335674772427,5.0,3.0,0.0,0.23604452249241425,0.2955308315266433,0.8865924945799298,False,
2017-12-29,46.77641753958333,2.015466179166667,-2.212270583333332,14.640092520833333,,24.42500973395833,32.31473562499999,378.05411875,156.03459640624996,22.710423105625,129.75916872916665,-3.4124219270833334,29.42604967291665,293.22094166666665,-4.612573270833333,6.748492,25.12903,,,,,,158.23287716761914,52.13647277854165,50.18883946666666,,1.002970970760013,0.9970378297611528,29.3388847043287,1.0388061037587557,51.98203567051859,22.643150966189896,0.7955534047847053,0.7931968401656386,4.8,2.8,0.0,0.2832845905977502,0.2940730407999577,0.8234045002173863,False,
2017-12-30,45.45921520833334,1.6378896958333342,-2.1873554687500008,13.878650500000001,,24.61371666333333,37.22879333333332,378.214575,155.54127817083332,14.750232275833332,116.26574875,-3.508522354166667,32.89887367083333,292.7462208333334,-4.829689239583334,4.063967,24.92731,,,,,,158.58724553736926,47.64910594666666,48.96773756250001,,1.002970970760013,0.9970378297611528,32.801421606354,0.973071420460251,47.50796118312378,14.706539576769776,0.5163290190233327,0.5147995645697286,3.2,1.9,0.0,0.2709471426471642,0.2937614941038455,0.5581468317934867,False,
2017-12-31,30.58182655625,1.4352170979166663,-3.468109460416668,11.908190916666667,,17.866365102083332,42.62240458333334,373.81021458333333,117.45412211854168,14.387562805416666,138.1569871458333,-4.195837477083333,24.14708706979168,304.8042770833333,-4.923565493749998,4.620871,21.615920000000006,,,,,,158.9788617277282,38.534649875208345,34.77766403333333,,0.9846301788041888,1.0156097401102184,24.52401682336994,1.1080287002104008,39.13616574499861,14.612148921628664,0.5026863547663977,0.5105331581212542,2.2,1.5,0.0,0.3403554387475028,0.28182991614840197,0.42274487422260304,False,
2018-01-01,48.98831035416666,1.9892175166666668,-3.0746546250000004,13.336695437499998,,23.029091088541673,36.027640000000005,376.1487979166666,148.22788535625,22.621787784020835,143.10207045833334,-4.111684822812503,31.77776706791667,299.93829791666667,-5.148715020624997,5.7728470000000005,23.40978,,,,,,159.40759706538915,54.3995548519375,53.09999517697917,0.9638497947681268,0.973071420460251,1.0276737955442286,32.657178496606306,1.024473819077139,55.90499701060707,23.247818514000755,0.7914609912451465,0.8133637208980972,3.1000001,2.0,0.0,0.4066818604490486,0.3062442712088317,0.6124885424176634,False,
2018-01-02,50.4704987,1.41813006875,1.109689854166669,15.50108239583333,,23.90326508541667,32.40359041666666,388.76397291666666,152.22993721966668,16.944403177083338,217.40643208333327,-0.14109167916666684,30.957801537500004,310.90779375000005,-1.391873212499999,7.190091000000002,25.56834,,,,,,159.87330892791974,47.90220471458334,50.61159037916666,0.9541912923824106,0.973071420460251,1.0276737955442286,31.814521407747588,0.9464670909511946,49.227840533972504,17.413319126224913,0.5940574904142715,0.6104973159455135,4.0,2.5,0.0,0.2441989263782054,0.3030817883598625,0.7577044708996563,False,
2018-01-03,20.264296583333334,1.7758146479166663,-1.8583511622916664,15.695176479166665,,10.47735057125,30.408789791666674,384.15289583333356,71.36879304645831,12.209491708333333,150.56099716666668,-2.144303115520834,5.970507143749999,343.5257562500001,-2.4302550687500006,8.709513000000001,21.26438,,,,,,160.37584065265827,18.179998852083333,22.40859969885417,0.9439981932080332,0.973071420460251,1.0276737955442286,6.135733737741492,0.8112956229484048,18.683108423310195,12.547374685568705,0.4281348184194236,0.43998293384972814,3.7,2.3,0.0,0.19129693172672896,0.29223186050833805,0.6721332652344764,False,
2018-01-04,50.69499879166668,1.5169835395833329,1.755999833333333,16.563847750000004,,23.93639945354167,30.53646208333333,393.10950833333334,151.98028765,20.852120530833336,175.16939416666665,0.6613004687500016,30.692188523729172,315.76061458333334,-0.4333988958333341,8.311213,25.71839,,,,,,160.91502144247792,51.544309054562504,50.03369832291668,0.9338050940336552,0.9464670909511946,1.0565607716957228,32.4281623916619,1.0301918663276972,54.4596949512114,22.031532559549493,0.7318041006728271,0.7731955053369766,2.9,1.9,0.0,0.4069450079154219,0.2861447020764575,0.5436749271230479,False,
2018-01-05,49.50850414583334,1.2167106645833334,1.2786500208333338,15.496769791666665,,23.81771690520833,38.82998875000001,393.6632020833334,151.4048330375,15.71058724791667,193.45496916666661,0.016724954166665938,29.097996310416654,315.58458750000005,-1.2452001125000012,6.657069,26.33437,,,,,,161.4906662693187,44.80858355833333,49.49177919166667,0.9252793395825344,0.9170216852658336,1.0904867530042237,31.730979515475134,0.9053742720544204,48.863166791245355,17.13218727577021,0.5507985955805803,0.6006385720539535,3.7,2.3,0.0,0.2611472106549665,0.26192340813578724,0.6024238262228293,False,
2018-01-06,38.69552866666667,1.3394347875,2.9106858083333336,16.715624791666666,,14.8691555825,40.32644875,400.6774458333332,101.08330643124997,14.226548870416664,161.27713304166667,2.2395448041666643,15.004242654791666,353.15883125,1.5684037999999991,10.05752,25.14814,,,,,,162.1025757764273,29.230791525208332,36.45598386250001,0.9165689225734832,0.9145764095661328,1.0934023549485508,16.4056742529687,0.8018105240406423,31.96101629067293,15.555342037704225,0.4993526872819446,0.5459934042239655,4.5,2.8,0.0,0.1949976476864921,0.2648774884287176,0.7416569549700662,False,
2018-01-07,49.71459270833334,1.6486785666666668,4.215008229166668,17.616836041666673,,22.690302808333332,45.84662979166666,405.4512625,145.53423470625,19.95092699833334,234.1013518958333,3.2287063729166663,25.82047957597917,332.321925,2.242404516666666,10.25651,24.78904,,,,,,162.75053618029543,45.77140657431251,46.48588633541666,0.907336036789913,0.9053742720544204,1.104515591911907,28.51912228231193,0.9846301788041888,50.55523222506733,22.036109942755395,0.7008845375700556,0.7741378998760933,4.0,2.6000001,0.0,0.2977453297243393,0.37213783602390776,0.9675584268969046,False,
2018-01-08,30.815941687500004,0.9979596708333331,2.88177215625,17.487197083333335,,12.792560054166666,50.02582583333333,403.67005625,86.7383710966667,15.84765121666667,175.28317395833332,2.263594953125,9.315853985416664,360.5401854166667,1.645417750000001,12.44269,24.26059,,,,,,163.43431917331586,25.163505202083336,28.552346734375003,0.8986256197808619,0.9028783766639684,1.107568888397665,10.317950043102893,0.8813112784102001,27.870315484860306,17.552365441757406,0.5566654388978118,0.6165453213694477,4.1,2.6000001,3.2,0.23713280286435695,0.40032409459367146,1.0408427032103669,False,
2018-01-09,39.481130791666665,3.2101420583333335,-2.063916264583334,15.70850749999999,,15.673956418749995,66.95010874999997,390.75843750000007,95.99223281912502,,179.53493749999996,-2.6105253208333328,,349.92128124999994,-3.1571343770833318,11.28747,24.37742,0.0,0.0,,2.0,2.0,164.15368182821237,,42.0916561125,0.892333778181725,0.8908468798418584,1.1225273642733289,,,,45.766863222091686,,1.6048692645190692,5.9,3.7,2.0,,0.4337484442800896,1.6048692645190692,True,1.6048692645190692
2018-01-10,64.55583729166666,1.6813589083333336,-1.3748779000000002,14.783368125000004,,21.231393739583336,68.81190812499999,383.39189791666666,152.06977014791667,44.57915668583334,186.90679375,-2.620015002083333,17.022556593750004,317.1093604166667,-3.865152104166668,10.0401,20.25444,0.0,0.0,,0.0,0.0,164.90836650532077,61.601713279583336,67.17585229375,0.889585664502317,0.8908468798418584,1.1225273642733289,19.108285586375764,0.9170216852658336,69.14960884245201,50.04132325607623,1.5618363627937115,1.7532040557530673,3.0,2.1000001,0.0,0.8348590172978699,0.4604742317412163,0.9669959525279216,False,
2018-01-11,69.62595187500001,0.9535781708333332,-0.5213628583333368,13.862533041666666,,24.754679564583327,74.63177125000003,385.71734375000005,155.98816057291668,27.855138936666673,166.60955754166667,-2.1894335125000013,23.91279984333333,324.10982499999994,-3.8575041666666663,6.575246000000001,22.66392,0.0,0.0,,0.0,0.0,165.6981007638177,51.76793878000001,71.81538538750002,0.8858243898427756,0.8908468798418584,1.1225273642733289,26.842772180532627,0.7208474688351473,58.11092787257644,31.26815569204381,0.9750487015599362,1.0945188490002065,2.6000001,1.9,0.0,0.5760625593340043,0.4786518904144599,0.9094385803755234,False,
2018-01-12,59.223327125,2.0524722854166666,-1.9103203020833304,14.550588291666665,,26.59328929583333,66.78492645833335,384.7565562500001,160.53762204166668,28.907693643833337,183.86484654166665,-3.311683755208332,28.28535207916666,310.03555416666666,-4.713047208333332,7.879548,23.60349,0.0,0.0,,0.0,0.0,166.52259727800782,57.193045723000004,62.53501088020833,0.8825919074169907,0.8772568333606883,1.1399170254041728,32.2429544045934,0.9145764095661328,65.195326554367,32.95237214977361,1.012559025096094,1.1542332719336883,3.8,2.5,0.0,0.4616933087734754,0.5408082941562006,1.3520207353905014,False,
2018-01-13,55.70737427916666,2.43158720625,-1.4925465625,16.34487775,,26.81340245479167,51.46524583333331,386.73716041666677,159.89308495,31.77463200270833,182.9889810208333,-2.5115555312500013,20.64467247708334,309.3648479166667,-3.530564500000002,9.6641,24.33359,0.0,0.0,,0.0,0.0,167.38155375978263,52.41930447979167,58.21892981041667,0.8798940902940093,0.8715096768409801,1.1474341898586455,23.688403038639198,0.9003824812735167,60.147702168723434,36.459299130084226,1.1148949569150186,1.2792685916652742,5.8,3.6000001000000004,0.0,0.35535237245325263,0.5473100265506787,1.9703161738757708,False,
2018-01-14,54.880157247916664,2.015411025000001,-1.3243983687500014,16.403722083333335,,27.380382541666666,43.01736083333333,386.57178333333326,161.32379298541667,30.511466174166674,161.21078515000005,-2.3797956322916662,19.488061435416668,307.50852708333326,-3.4351928958333318,10.46726,24.73898,0.0,0.0,,0.0,0.0,168.27465288837058,49.99952760958334,57.25995288020832,0.8779822798875482,0.8772568333606883,1.1399170254041728,22.214773022353945,0.8732023883111765,56.995312784330046,34.780539761976115,1.0706339304465429,1.2204338452914014,4.8,3.0,0.0,0.4068112817638005,0.4941657848590298,1.4824973545770894,False,
2018-01-15,55.80076145833334,1.3436345979166664,-0.08884094791666867,15.529218979166671,,27.553997725,47.62680229166667,389.48849583333333,160.32865963458337,27.476785094187488,196.71353941666663,-1.3096063593749967,21.964316547916663,312.5145895833333,-2.530371770833335,8.419379,24.75457,0.0,0.0,,0.0,0.0,169.20156224848498,49.44110164210416,57.11036781770834,0.8756972444858817,0.8772568333606883,1.1399170254041728,25.03749838433681,0.8657114904235278,56.358753516572726,31.321255132235926,0.963340510519158,1.0981282492023359,2.7,1.8000001,0.0,0.6100712253148011,0.4773647748000923,0.8592566287839556,False,
2018-01-16,42.99741333333333,1.4562138437499998,-0.8547212250000008,15.565466541666664,,22.288135702916666,53.46199229166668,388.0634458333333,130.62459968541665,25.21023793333333,133.58122744791663,-1.7637924177083357,13.723818219374998,322.72440416666666,-2.6728636104166656,8.782674,23.56852,0.0,0.0,,0.0,0.0,170.16193427797202,38.934056152708344,44.76120575104167,0.8721725990182911,0.8867924347923466,1.1276595974052963,15.475795328123882,0.8698169653707838,43.904362086518276,28.428566758394407,0.8839056979705948,0.9967447435177684,2.5,1.7,0.0,0.5863204209175483,0.4643713514324776,0.7894313195781634,False,
2018-01-17,55.88121587500001,1.8517460104166672,-0.20099486249999776,16.054467416666665,,28.70219638125,45.695002499999994,389.22027083333336,163.16307472083332,35.717722186874994,147.71205202083334,-1.4096422854166653,16.549111275,310.6406104166667,-2.6182897083333327,8.452145,24.112820000000006,0.0,0.0,,0.0,0.0,171.1554062260395,52.266833461875,57.29085816041668,0.8677479141363232,0.8732023883111765,1.1452098773275892,18.95220569312337,0.9123066949970584,59.85649393717539,40.90428824405201,1.2528995807074277,1.4348329751257405,4.9,3.1000001,0.0,0.4628493254563269,0.4633653766345458,1.436432733852041,False,
2018-01-18,56.26206933333332,1.3777655125000006,-0.465401833333335,15.346232,1e-13,28.153008525,47.18791687499999,387.65065,161.60013315416668,32.99022575981249,135.235378125,-1.6487469510416644,12.495171687500005,310.46558541666667,-2.8320920687500006,7.861961999999999,24.15145,0.0,0.0,,0.0,0.0,172.1816001231258,45.4853974473125,57.91081628437499,0.8617763945057674,0.8698169653707838,1.1496671596578043,14.365288543404743,0.7854387205311244,52.29306768915811,37.92777914575336,1.1564398882104567,1.3295209615939048,4.5,2.9,0.0,0.4584554889214422,0.4596266669869766,1.3329173780956467,False,
2018-01-19,58.88800750000001,1.6398467916666677,-0.08591631250000012,15.993308645833338,1e-13,28.56449357250001,43.72934625,390.93116666666657,163.95345627708332,31.38018307520834,177.07018041666672,-1.184578244791666,12.284140187500002,314.4302166666667,-2.2832401770833317,7.270403999999999,25.76464,0.0,0.0,,0.0,0.0,173.24012276344158,43.664323262708336,60.07258574479168,0.8534292933394433,0.8732023883111765,1.1452098773275892,14.067918677201787,0.7268593938707568,50.00481428727841,35.936895610076625,1.100683668550364,1.260513809037043,5.4,3.4,0.0,0.3707393452001717,0.4282639533228029,1.4560974821399633,False,
2018-01-20,51.325806458333346,4.9627623875,-2.0921083354166656,14.873172499999995,1e-13,30.80888769791667,42.110254791666655,387.2627645833332,167.49085179583338,30.263665194791674,264.84096833333325,-3.085113526041667,16.098561874999994,301.90659791666667,-4.078118716666668,10.29822,18.31492,0.0,0.0,,0.0,0.0,174.33056570118282,46.36222706979167,54.410919984375006,0.8421164285883287,0.8698169653707838,1.1496671596578043,18.507987905406665,0.8520757796983647,53.30112991073757,34.7931420053309,1.0603824861796665,1.2190869210370583,5.5,3.5,0.0,0.3483105488677309,0.4002288933676998,1.4008011267869491,False,
2018-01-21,50.55951610416667,1.9059063020833336,-9.5738254625,9.754445666666664,1e-13,32.600811770833324,45.00874562500001,358.3859208333333,173.06564452083333,31.187758113749997,252.93487604166668,-10.119993304166671,29.22101494375,268.48060208333334,-10.666161145833328,1.641245,17.136229999999998,0.0,0.0,,0.0,0.0,175.45250526137775,60.40877305749999,60.67950940833334,0.8299366909797906,0.8657114904235278,1.1551192412968607,33.75375661174873,0.9955382574204502,69.77933610185363,36.0255794901049,1.0874314736555686,1.2561130188113474,5.2000003,3.3,0.0,0.3806403142308157,0.4008324037885544,1.3227469133890508,False,
2018-01-22,57.22157562499999,1.8159402666666669,-7.459789777083336,9.680166583333335,,32.27235455208333,36.81437104166667,359.98318541666674,173.92165649999995,30.542042708333334,225.6227604187501,-8.164342628125,28.82052971,275.55546041666673,-8.868895479166666,2.111624,18.1077,0.0,0.0,,0.0,0.0,176.60550256628545,59.36257241833334,65.385918253125,0.8184041485867714,0.8520757796983647,1.1736045359181555,33.82390439521997,0.907880075776044,69.668184253926,35.84427985870604,1.0648417889542403,1.2497031535518999,5.0,3.2,0.0,0.3905322296655851,0.40307689972864896,1.2898460983518811,False,
2018-01-23,59.733514250000006,1.6748160500000002,-5.951386520833335,11.466541770833334,,33.90096829791667,34.21647562500001,361.44620624999993,179.10997291479168,34.242092571875,217.68666643750007,-6.639729444791668,27.206418833125,275.97072291666666,-7.328072368749997,3.51022,20.94336,0.0,0.0,,0.0,0.0,177.7891035782227,61.448511405,66.37324369479168,0.8037677432544871,0.8285852996590397,1.2068763474460589,32.83478338840957,0.9258024466539952,74.16075500046391,41.32597161205433,1.1958785390170164,1.4432775231579855,6.0,3.7,0.0,0.3900750012318271,0.4118814950385993,1.5239615512828577,False,
2018-01-24,55.73429589583332,2.1799817208333336,-2.060694729166664,13.674970145833333,,34.45356029708333,32.54630895833333,372.9001125,181.48927584583336,37.64005172250001,143.02680368749995,-2.7813781770833303,10.84517561395833,281.59868958333334,-3.502061625,5.652369,23.11561,0.0,0.0,,0.0,0.0,179.0028391596389,48.48522733645834,58.51567407291665,0.7864472452069443,0.8058229609048639,1.2409673694046808,13.458509052385663,0.8285852996590397,60.168585022712634,46.710075970326955,1.3173260512017404,1.6347586444080795,5.5,3.5,0.0,0.4670738984023085,0.418402272100924,1.464407952353234,False,
2018-01-25,54.16598952083336,2.1629196229166667,-2.3087892291666687,12.082778520833333,,31.584828825,43.99994583333334,372.82258124999987,169.04226812083334,33.03870746333334,193.94818991666665,-3.1795744302083317,7.608774852083332,289.53111666666666,-4.050359631249999,2.686121,22.29984,0.0,0.0,,0.0,0.0,180.24622515121231,40.64748231541667,57.34556395104169,0.7694345128812554,0.7854387205311244,1.2731737993815562,9.687292787065775,0.7088165067156569,51.751309494813654,42.06401670774789,1.154530234678616,1.4699176453866534,4.9,3.1000001,0.0,0.474166960502105,0.4168763741297456,1.292316819436855,False,
2018-01-26,59.18995791666666,2.111289400000001,-2.020628285416667,12.906643291666667,,34.760084558541664,42.89058583333333,373.84347291666677,181.88959557916667,34.436831516666665,246.30655925000008,-2.388872028125,21.493770799999997,285.90392916666667,-2.7571157708333325,5.481255,20.51924,0.0,0.0,,0.0,0.0,181.518762468678,55.93060231666666,61.57882994479166,0.7517976381508217,0.7528153210984273,1.3283470354201976,28.5511867221812,0.9082764704495212,74.29524977661018,45.744063054428985,1.2043348415193091,1.5997746163854278,5.8,3.7,0.0,0.4323715123698236,0.4287457717552899,1.5863593759387642,False,
2018-01-27,66.54174979166667,2.1130689250000003,-4.581533043750002,13.053969854166667,,35.779512112499994,25.83209604166667,366.3932583333333,185.31228619237496,38.15605389416667,181.11192954166677,-5.269448396875002,19.71105845625,283.4022375,-5.95736375,5.287542,21.87219,0.0,0.0,,0.0,0.0,182.81993721904198,57.86711235041666,71.8111981885417,0.7354002586302147,0.7528153210984273,1.3283470354201976,26.1831260653539,0.8058229609048639,76.86760713900348,50.6844810736496,1.3345924672517702,1.7728019473680159,7.4,4.5,0.0,0.3939559883040036,0.4629504037097568,2.083276816693905,False,
2018-01-28,67.04227645833332,2.6227392083333325,-0.6045296874999986,16.546756187499998,,35.30681432875,23.10204708333333,380.37321666666674,183.6182914497917,44.05989396041666,213.9047082708333,-1.2173520618750004,7.327000202083336,299.10401041666665,-1.8301744362499996,9.377599,25.53754,0.0,0.0,,0.0,0.0,184.14922083677152,51.3868941625,68.25962852020832,0.7191563205818622,0.7463444219879661,1.3398639696889485,9.817183576675106,0.7528153210984273,68.8514480025531,59.03426442587801,1.546254374181952,2.071770523940331,9.2,5.6,0.0,0.3699590284325667,0.5407758402464145,3.028344653807518,False,
2018-01-29,62.822213375,2.9556638125000005,4.062065439583331,19.482676458333334,,37.019100429166656,25.195504791666664,396.7245208333334,187.08700559375006,51.510267293979176,102.26258768750002,3.311716436458336,-7.094939854166667,309.4788291666666,2.5613674333333347,13.46488,28.3959,0.0,0.0,,0.0,0.0,185.50607024048733,44.41532743981251,59.510496938541664,0.7049816860566165,0.7088165067156569,1.4108023593208332,-10.009557885497742,0.7463444219879661,62.661248742094834,72.67080662759254,1.8128246658438223,2.557537315607465,8.900001,5.4,0.0,0.4736180130443948,0.6315752927727244,3.4105066412044254,False,
2018-01-30,89.11415752083337,1.7967158874999996,4.7964701666666665,17.214261020833334,,26.39487806875,33.30108083333332,377.06613541666667,177.7200844602083,46.503331900000006,162.69322441666662,4.884054104166665,-1.6053818127083332,314.8550895833334,4.971638041666667,9.207747,26.24298,0.0,0.0,,0.0,0.0,186.88992801061661,44.897950087291676,84.2301034166667,0.6924694113611984,0.6826769097882066,1.464821770975438,-2.3515982299831792,0.5330392373518998,65.7674947600334,68.11909299001657,1.633050676915847,2.3921281846525084,6.0,3.8,0.0,0.6295074249130952,0.7383213059312576,2.805620927332875,False,
2018-01-31,74.70973177083333,1.1972097958333334,-0.8093681041666673,15.866357479166668,,35.06777922708333,43.961910625,383.82791875,188.88859860000005,49.23999387708333,160.48029267916667,-1.9227297291666672,-1.7264130458333335,304.71683125,-3.0360913541666696,6.274856,28.41908,0.0,0.0,,0.0,0.0,188.30022258839642,47.51358083125,76.63246149999998,0.6829229002505709,0.6826769097882066,1.464821770975438,-2.5288874152326835,0.6200189828334041,69.59892761861623,72.12781503384893,1.726919913070912,2.5296298853972825,3.8,2.5,0.0,1.0118519541589128,0.8659085208230926,2.1647713020577317,False,
2018-02-01,75.77063862500002,0.9220469854166669,-0.4315073104166657,16.21478145833333,,33.71173867499999,42.81577020833335,383.44059166666665,182.96845326875,46.74475333958333,179.13640395833332,-1.288804217708334,0.5761990879166672,309.9545166666666,-2.1461011250000026,6.9417339999999985,27.50153,0.0,0.0,,0.0,0.0,189.7363684965486,47.3209524275,77.05944284270834,0.6735671420713648,0.6717058683887567,1.488746856416088,0.8578145808057553,0.6140837603003471,70.44891916905586,69.5911045882501,1.639955728138288,2.4414789349274333,3.2,2.2,0.0,1.109763128186274,0.9878702074034724,2.173314503392961,False,
2018-02-02,75.97946708333333,1.1224092812500002,-0.3924571458333348,15.892198666666665,,33.87563056041666,48.567501874999984,382.59375,181.19906750625,49.70138170312501,176.3319197708333,-1.2985412708333304,-0.4138858083333336,311.24977916666666,-2.2046253958333346,6.502771,25.63414,0.0,0.0,,0.0,0.0,191.19776658187516,49.28749589479168,77.27800835416666,0.6667817041607941,0.6717046049716864,1.4887496566175125,-0.616172355035112,0.6377945931125204,73.37674258890816,73.99291494394328,1.74314464125459,2.5951059861024284,3.0,2.2,0.0,1.1795936044795556,1.0868732998499109,2.391121311495962,False,
2018-02-03,86.18496416666666,1.237217839583333,-0.017773645833333296,16.568178833333334,,36.85593266666667,48.79714895833333,383.26156458333327,191.3164441875,61.96918732125001,174.8133212291667,-0.8909088020833359,-2.524499445833334,314.98601041666666,-1.7640439583333336,6.514832,26.20388,0.0,0.0,,0.0,0.0,192.6838042799503,59.444687875416676,87.07587296874998,0.6634080097674395,0.6499019811271616,1.5386935707837723,-3.8844310667509463,0.6826769097882066,91.4671590511517,95.35159011790265,2.174814484363891,3.3463730647381436,3.9,2.6000001,0.0,1.2870664925468482,1.1407250900589834,2.96588539733539,False,
2018-02-04,87.83914770833331,1.0786118583333335,1.7274156833333318,17.0312180625,,37.248334302083336,49.21397666666665,385.77538125000007,192.4752639791666,58.89163694604165,134.26900770833333,0.4801833270833315,-0.21210791479166655,318.3876020833333,-0.7670490291666691,6.760649000000001,27.92571,0.0,0.0,,0.0,0.0,194.19385590201503,58.679529031249984,87.35896438124998,0.6629386450784793,0.6499019811271616,1.5386935707837723,-0.32636908480228954,0.6717058683887567,90.28981405700407,90.61618314180636,2.0677257675921368,3.1815963447379625,3.7,2.6000001,0.0,1.2236908344952249,1.118953759774253,2.909279935480677,False,
2018-02-05,86.20279416666668,1.0015237374999997,1.0908946874999987,16.98796275,,38.03073467291667,50.18312583333335,386.1087979166666,192.737569050625,53.81444652916665,165.77866529166667,0.4448132395833297,1.5599462752083355,317.60477291666666,-0.20126820833332998,8.562669,27.68517,0.0,0.0,,0.0,0.0,195.7272829441064,55.37439280437498,85.75798092708338,0.662469280389519,0.6478036988815252,1.543677508675181,2.408053979780732,0.645705416635889,85.48020472865846,83.07215074887772,1.889383717799164,2.9165991504236652,3.6000001000000004,2.5,0.0,1.1666396601694657,1.0820298192918434,2.705074548229609,False,
2018-02-06,85.60687145833337,0.9798051354166664,-1.5657147020833329,16.888515687499996,,39.293315645833346,49.47896270833334,383.70808124999985,193.54660753270832,57.57395932645832,198.18502660416667,-1.9196045489583304,1.2179776645833338,315.06165833333336,-2.2734943958333327,8.083879,26.41558,0.0,0.0,,0.0,0.0,197.2834344183792,58.79193699104166,87.52647600729169,0.6638365444652589,0.6478036988815252,1.543677508675181,1.8801647268860158,0.6717046049716864,90.75579082451941,88.8756260976334,2.021184470985685,3.120057008744145,4.6,3.1000001,0.0,1.006469956376601,1.0580441130616545,3.2799369018455535,False,
2018-02-07,85.46576624999996,1.5614871187499997,-7.787789583333329,16.298562291666666,,42.62146952916667,35.231338125,374.89614583333326,203.33316777083328,74.8227318229167,217.97489443749993,-7.617192083333336,-10.435260152083332,299.6502041666667,-7.4465945833333365,8.657452000000001,24.652520000000006,0.0,0.0,,0.0,0.0,198.8616472065091,64.38747167083335,93.0829583333333,0.6656562505808933,0.6499019811271616,1.5386935707837723,-16.05666770546671,0.6917213722436666,99.07258869893356,115.12925640440027,2.6252320414993666,4.039427664070634,7.4,4.7000003,0.0,0.8594526421658001,0.9954788073537396,4.678750679371348,False,
2018-02-08,93.66010458333336,1.4982822187499998,-6.627762029166664,16.291432000000004,,42.83035135541667,37.36764,373.6352333333333,205.17241992083333,76.59940634541668,172.14532008333333,-6.488981368749997,-11.512316977083335,304.9532729166668,-6.350200708333336,6.7691360000000005,25.75881,0.0,0.0,,0.0,0.0,200.46124643499027,65.08708936833335,100.14908595208334,0.6706728372231567,0.6717046049716864,1.4887496566175125,-17.138957946504778,0.6499019811271616,96.89838194733963,114.03733989384442,2.6875501105084583,4.001089304161825,7.5,4.7000003,0.0,0.8512955448094076,1.026251936680916,4.823384396013339,False,
2018-02-09,96.16950479166668,0.9817065520833332,-0.7957004270833371,17.034641749999995,,42.8481827125,45.86261437499999,380.7660791666667,204.70772592291667,61.93518165833334,121.2638825,-1.0728889322916662,-4.097421593749999,315.0760354166667,-1.350077437499999,7.280053,28.721390000000003,0.0,0.0,,0.0,0.0,202.08154587207198,57.83776006458334,97.24239372395832,0.6766769831917789,0.6717058683887567,1.488746856416088,-6.100023517106707,0.5947792711558212,86.10578347829639,92.2058069954031,2.1745938532580444,3.2374197630196613,4.8,3.2,0.0,1.011693660868234,0.9736908529303248,3.1158107758062377,False,
2018-02-10,88.7018433333333,1.7813350854166663,-2.0681083625000034,17.19559185416667,,42.13084889374999,48.53720270833333,384.33205,192.42981176458335,78.63488875177082,188.06666687500007,-2.6753691062499976,-25.89884795833333,322.73494166666666,-3.282629850000003,7.499799,25.53222,0.0,0.0,,0.0,0.0,203.72184834600696,52.73604079343748,91.37721243958329,0.6841295280557478,0.6775138982096442,1.47598448185718,-38.22629768447851,0.5771246395626859,77.83757784570093,116.06387553017946,2.7613603696329823,4.075725054393689,7.5,4.8,0.0,0.8491093525914443,0.9711823810911254,4.66167561447574,False,
2018-02-11,86.65461454166662,2.3110693104166664,-9.5362209375,15.570876666666667,,43.77607166458333,36.05899604166667,375.2040208333333,200.67667369166668,94.549164975,182.27414655208335,-9.229951646875,-24.186125868749997,304.9580291666666,-8.923682356250003,11.14306,21.49475,0.0,0.0,,0.0,0.0,205.381446184216,70.36303910625,95.8845661885416,0.6919501652614577,0.6775138982096442,1.47598448185718,-35.6983464585195,0.7338307081443366,103.85475381713492,139.55310027565443,3.315041257315567,4.892949452514092,5.0,3.4,0.0,1.4391027397854588,0.9327362008542271,3.1713031718570286,False,
2018-02-12,67.40420674999999,2.6603286937500004,-1.0065204166666677,15.951517791666662,,30.707010906875,61.08832520833334,385.27097291666666,140.67598669166668,60.99036164583331,185.04451125000003,-1.820451080208336,-29.01612552916667,342.70619791666667,-2.634381743750004,7.526464999999999,20.92564,0.0,0.0,,0.0,0.0,207.05962167290463,31.974236116666642,69.22465783020832,0.699685140038815,0.6867457732218936,1.456142926527909,-42.251625944541935,0.4618908510186048,46.559057752417345,88.81068369695927,2.1391974013625057,3.1149771644408983,5.8,3.9,0.0,0.7987120739153281,0.9815407654682634,3.8280090789332486,False,
2018-02-13,75.16818922916666,1.0538804458333335,0.055293054166666966,15.289650833333333,,28.860635400000003,68.23446041666665,385.08769583333327,137.935876475,50.739640284583324,148.54852102083333,-0.2674500998958343,3.268323650416667,351.1806374999999,-0.5901932539583336,11.14618,20.39308,0.0,0.0,,0.0,0.0,208.75564753660146,54.00796393499999,75.4356393290625,0.7058167394064069,0.6917213722436666,1.4456687911151296,4.7249135006708505,0.7159475867820048,78.07762793250096,73.3527144318301,1.778531746948237,2.571167840570537,3.7,2.6000001,0.0,0.9889106535022052,0.9902443955487372,2.574635570082314,False,
2018-02-14,30.9526600625,1.582610564583333,-4.763505341666668,14.764411020833334,,16.07427673333333,70.51261874999999,382.2585604166666,75.67118171749998,34.453848398541666,148.42287168749996,-5.183026285416667,-17.254978104166668,353.6143208333333,-5.6025472291666665,9.820419,19.37828,0.0,0.0,,0.0,0.0,210.46878743702422,17.198870294375,36.13568634791667,0.7121862991019229,0.7050844341920594,1.4182698574900152,-24.472215336789787,0.4759525010479444,24.392639321392487,48.864854658182274,1.2070730056970371,1.7119552597699816,4.2000003,2.9,0.6,0.590329380507512,1.0479961455299882,3.0391889219816672,False,
2018-02-15,95.39863577083337,1.1030231125,2.7797427708333338,15.81623895833333,,36.849243058333336,77.97439729166669,390.6922166666666,170.64526033125,51.14241779041666,139.515210375,2.476867300000002,11.813371794791665,352.2948416666668,2.1739918291666678,12.48692,20.56432,0.0,0.0,,0.0,0.0,212.1982964906152,62.95578958520833,92.92176847083336,0.7186462526000928,0.7159475867820048,1.396750290750662,16.50033048912093,0.6775138982096442,87.93351740757723,71.43318691845631,1.7935546039724692,2.5051479145757347,2.7,2.1000001,0.0,1.1929274971076609,0.9909846699622034,2.0810679486821213,False,
2018-02-16,62.43119133333335,1.2967109499999998,-11.740161520833333,14.191679416666664,,33.90391787500001,58.07104895833333,369.35256458333333,147.20419934791667,62.59487376083334,177.3061512499999,-11.50226334375,-8.639592082708335,318.48347499999994,-11.264365166666664,8.897646,19.97854,0.0,0.0,,0.0,0.0,213.94342180402958,53.95528167812501,73.93345467708333,0.7254865274278854,0.7297816923851816,1.3702727958708452,-11.838597998356367,0.7297816923851816,73.93345467708333,85.7720526754397,2.191777694129277,3.003333348861878,3.9,2.8,0.0,1.0726190714315504,1.0486060739872192,2.93609695716278,False,
2018-02-17,85.89693210416662,1.0882953333333336,-12.75271891666666,12.59884925,,47.86118120416666,52.00495125,360.69446458333334,202.66873938749995,68.39947485,176.26233629166663,-12.955690875,1.2999708916666668,291.78382708333334,-13.15866283333333,4.101618,22.07533,0.0,0.0,,0.0,0.0,215.70340302679688,69.69944574166666,98.85262297916664,0.7314875408909279,0.7338307081443366,1.3627121199775558,1.7714860896921971,0.7050844341920594,94.98027946788721,93.20879337819504,2.3913828151366587,3.258766345692772,3.5,2.6000001,0.0,1.2533716024602022,1.0630210028706375,2.763854759530032,False,
2018-02-18,99.75795787500005,2.102016020833333,-5.093853554166668,14.883701416666666,,52.12626796666664,52.53393249999997,376.46812708333323,218.78676639999995,95.99076783645836,151.17810567291662,-5.814826863541667,-23.48910415,309.56558750000005,-6.535800172916666,5.00274,23.53655,0.0,0.0,,0.0,0.0,217.47747292032787,72.50166368645836,105.57278473854171,0.7370362271701729,0.7349867036780924,1.3605688306954429,-31.95854296744897,0.6867457732218936,98.6435037853589,130.6020467528079,3.3633717041816067,4.576098706752507,6.6,4.4,0.0,1.0400224108109641,1.1712981247384084,5.153711860552691,False,
2018-02-19,81.42777125000002,3.636217825,-15.289478056249996,12.323436666666668,,52.24856261041665,51.91352687500001,362.30194375,203.7390251666667,106.76476481666664,233.52811895833335,-15.110591917708335,-29.044558962499995,292.23925208333327,-14.93170577916667,6.594614,16.888279999999998,0.0,0.0,,0.0,0.0,219.26485794237567,77.72020585416666,96.53836316770835,0.741557563468811,0.7391521980151955,1.3529013411381914,-39.29442277313352,0.8050706817884364,105.14777073363838,144.4421935067719,3.7317283819417977,5.048660332692512,6.4,4.2000003,0.0,1.2020619020904388,1.140594594654186,4.7904976238743116,False,
2018-02-20,92.78728020833336,1.6073765375000002,-20.16668298541667,8.11170708333333,,57.96954163958333,48.30641749999999,340.57887916666664,233.1132334375,78.95199711249998,213.66699591041663,-19.178236065625008,11.900588542291667,258.2224708333334,-18.189789145833334,1.633262,15.15793,0.0,0.0,,0.0,0.0,221.06477884601705,90.85258565479164,111.96551627395836,0.7454917744796671,0.741771025039432,1.3481249148911427,16.04347991573146,0.8114336331240828,122.48063430350624,106.43715438777477,2.7485373145595497,3.705371633265723,5.0,3.4,0.0,1.0898151556861326,1.1320428822714723,3.848945907683029,False,
2018-02-21,96.39187729166667,1.08493774375,-16.70263529166667,8.215435052083334,,56.37324274999998,44.17106854166668,341.1470104166668,228.63106205000003,72.4718990479167,202.74017739583337,-16.035122201739586,14.942807262291673,265.2810541666667,-15.367609111812506,-1.512052,16.20091,0.0,0.0,,0.0,0.0,222.87645129216844,87.41470631020835,112.42699949340626,0.7477679054880213,0.7485733866895152,1.335874368206425,19.961713210744268,0.7775241419240682,116.77506556409978,96.8133523533555,2.523196165879216,3.3706730839547716,3.4,2.5,0.0,1.3482692335819084,1.081787135363911,2.7044678384097773,False,
2018-02-22,97.07114352083336,1.7036396416666668,-9.038656139583336,10.325654354166666,,55.94240912749999,53.75676020833333,351.73523958333334,224.70900788541667,71.74962081270833,195.9056733333333,-8.764781890624999,7.919104564583333,280.03977291666666,-8.490907641666668,3.772484,16.648970000000002,0.0,0.0,,0.0,0.0,224.69908647460304,79.66872537729166,105.83592541145836,0.7494884703217508,0.7527569213153619,1.3284500901733425,10.520135172912854,0.7527569213153619,105.83592541145836,95.31579023854547,2.5030745167078723,3.325209567431168,5.0,3.4,0.0,0.978002786518104,1.0724405948135458,3.6462981246419615,False,
2018-02-23,90.969904375,2.9042126916666664,-10.6976792,10.36663125,,55.29566290833333,54.23200583333333,352.9823895833334,217.03109241666664,83.03716328708332,232.17219472708337,-10.05236899791667,-8.366327875000001,282.21687291666666,-9.407058795833338,4.641561,16.41816,0.0,0.0,,0.0,0.0,226.53189175639992,74.6708354120833,101.02227337291669,0.7503433019931669,0.7527569213153619,1.3284500901733425,-11.114249019963498,0.7391521980151955,99.19647803650088,110.31072705646437,2.896967603250729,3.848476873767681,5.7000003,3.8,0.0,1.0127570847525529,1.0244841378172285,3.8930396748542577,False,
2018-02-24,97.41164854166668,1.6522236354166668,-14.477062891666673,8.709653854166667,,60.59833755000002,39.415180416666665,341.3443270833333,240.98823998541667,74.03850686458333,244.843034375,-13.868300733333333,14.80578604791667,258.3660562500001,-13.259538575000002,1.834796,16.85184,0.0,0.0,,0.0,0.0,228.37407131670867,88.8442929125,111.279949275,0.7506267024827711,0.7527569213153619,1.3284500901733425,19.668747810442113,0.7983854548041174,118.02520893099742,98.35646112055531,2.5789521216938187,3.4260091786168863,5.8,3.8,0.0,0.9015813741072726,1.0292010156164528,3.9109638102663924,False,
2018-02-25,102.756458625,1.3447062395833331,-12.129012895833334,9.213694216458334,,60.35720308333333,43.14299208333335,344.1965791666667,241.4935879422916,71.77161093687498,203.45558403125003,-11.63896169583333,12.307501960604165,265.81664375,-11.148910495833327,-0.07871761,18.55586,0.0,0.0,,0.0,0.0,230.22482680668338,84.07911289747915,114.39542032083332,0.7507684027275731,0.7548191334770769,1.324820683060188,16.30523315421221,0.7349867036780924,111.38974777993296,95.08451462572077,2.501190287087946,3.3136286246033597,5.0,3.4,0.0,0.9745966269584068,0.9639998030785428,3.2775994224012317,False,
2018-02-26,103.31397447291668,0.9979247125,-8.640875062500003,10.7193071625,,59.39969100833334,41.70709333333333,351.05268333333333,240.2639560770834,73.50536981458333,184.48356687500007,-8.11214645833334,9.439103861458337,273.50238958333324,-7.5834178541666635,0.9465118,21.07599,0.0,0.0,,0.0,0.0,232.08335801340237,82.94447367604167,111.42612093125004,0.7502917064587312,0.7592239079014228,1.3171344969418948,12.432569316144221,0.7443898520636687,109.24902760940338,96.81645829325916,2.565288687390191,3.3788302247764133,5.8,3.9,0.0,0.8663667031162169,0.9643034291579634,3.760783465679199,False,
2018-02-27,89.33612602083336,2.1102870854166667,-3.3256860145833333,10.014714833333333,,47.46353097916667,56.54311479166668,353.5761020833333,197.8398230229168,68.04414412916667,249.40314625,-3.559083986458333,2.074937792708333,292.53592916666673,-3.792481958333333,3.96708,16.43454,0.0,0.0,,0.0,0.0,233.9488635305629,70.119081921875,92.8952100072917,0.7494346888602671,0.7548191334770769,1.324820683060188,2.748920503843252,0.7548191334770769,92.89521000729172,90.14628950344844,2.3731009241061747,3.1439331872451066,4.2000003,2.8,0.0,1.1228333002807036,0.9566327680949248,2.678571705049984,False,
2018-02-28,104.15638402083334,1.55027475625,-5.671533199999999,10.443310395833333,,57.66916724375,54.89047624999998,356.68660208333336,239.35986341666668,73.11938244583331,194.564918125,-6.0344630846874985,12.103726875000005,279.15228541666664,-6.397392969374998,2.094399,17.879929999999995,0.0,0.0,,0.0,0.0,235.82054143471282,85.22310932083333,110.19084710552085,0.7480974256823345,0.7527569213153619,1.3284500901733425,16.079197058527264,0.7734136868847379,113.21464726211364,97.13545020358637,2.551146495186273,3.38907079157561,5.5,3.8,0.0,0.8918607458165382,0.9796493576724769,3.7226675124420905,False,
2018-03-01,109.73790972916667,0.8958273166666664,-5.245246020833334,11.661299958333334,,58.09233758875001,53.53619708333333,358.77275625,240.97302307499996,73.10445693395835,194.8998575208333,-5.549635607291665,14.424603768749998,285.62996875,-5.854025193750001,3.29512,20.04234,0.0,0.0,,0.0,0.0,237.69758996575771,87.52906070270834,115.28754533645834,0.7467601625044021,0.7443898520636687,1.3433820963943883,19.37775445052177,0.7592239079014228,117.58497306223605,98.20721861171423,2.553591119731627,3.4304485917591667,4.8,3.5,0.0,0.9801281690740477,0.9883830084218388,3.459340529476436,False,
2018-03-02,117.11909937500002,0.9970861833333332,-3.629039660624999,13.224543541666662,,57.86109854583333,53.77218291666667,363.73053541666667,242.12196900625,79.36283222791667,198.03290037708337,-3.9574438136458365,9.4860954025,296.58876458333333,-4.285847966666666,3.1185400000000003,22.98709,0.0,0.0,,0.0,0.0,239.5792082104644,88.84892763041668,121.07654318864586,0.7449292062926922,0.7422696034008408,1.3472193868889704,12.779851632126329,0.73382444931537,119.69899780799244,106.91914617586613,2.7763434162082614,3.740343674977324,5.5,3.9,0.0,0.959062457311282,0.9988223466372886,3.895407247140548,False,
2018-03-03,121.60136104166668,1.78941999375,0.1219120062500026,13.9526808125,,59.15133974750001,57.673902500000004,371.0547979166667,245.16822442708323,97.02892188125,208.513709375,-0.4809054458333357,-7.731835939583334,306.6392770833333,-1.083722897916667,4.951358,21.78313,0.0,0.0,,0.0,0.0,241.4645967876628,89.29708594166667,122.08226648750002,0.7425122396010924,0.7433297277322548,1.3452980053021597,-10.401623466845011,0.7314500992722786,120.1311915966197,130.5328150634647,3.3967191206922966,4.569599457639053,6.2000003,4.3,0.0,1.0626975011501376,0.972082283210481,4.179954003215049,False,
2018-03-04,117.360656125,2.10811340625,-6.320580502083335,12.5758009375,,61.60960850000001,51.04962874999998,361.2879770833334,251.16587760416675,99.09567785341663,245.42564214583342,-6.269355032291667,-1.3055691499999995,289.09236875000005,-6.2181295625,7.669300999999999,18.497,0.0,0.0,,0.0,0.0,243.3529585338393,97.79010870341664,123.63001115729168,0.740573358387424,0.7433297277322548,1.3452980053021597,-1.7563795732790357,0.7909900499725789,131.55683817698778,133.31321775026683,3.464507344505351,4.660794819917731,6.6,4.5,0.0,1.0357321822039405,0.9831693469272268,4.424262061172519,False,
2018-03-05,123.04507933333332,1.8647936979166668,-8.44930545625,12.76160514583333,,62.03882094166665,35.04884416666667,356.0150895833333,255.2057572583333,105.84333602708332,201.11731017083332,-8.472077691666668,-5.068919045833332,285.8932208333334,-8.49484992708333,4.765386,20.39155,0.0,0.0,,0.0,0.0,245.24349918780317,100.77441698124998,131.517157025,0.7393137466488459,0.7433297277322548,1.3452980053021597,-6.819206681397708,0.7662454029636138,135.5716221503637,142.39082883176144,3.701070791653468,4.979043153493497,8.0,5.3,0.0,0.9394420706243664,1.029072353949957,5.454083672214748,False,
2018-03-06,123.80774375000004,1.6038453000000013,-3.4347405624999965,14.909420083333332,,60.01008401875002,32.034152500000005,361.83779583333353,247.50544528166668,102.48163719270832,201.9347486645833,-3.8545832510416673,-7.721772360416669,298.1501916666668,-4.274425939583334,7.223530999999999,23.1373,0.0,0.0,,0.0,0.0,247.13542807310418,94.75986483229168,127.66232700104167,0.7388147775695127,0.7380470263581054,1.3549272123410647,-10.46243949863164,0.7422696034008408,128.39271949903306,138.8551589976647,3.590890400680476,4.865395120416286,7.9,5.2000003,0.0,0.9356528562930494,1.031399430055845,5.363277331376136,False,
2018-03-07,110.0278284583333,1.22151878125,-2.1517233333333325,14.9317701875,,49.01129699999999,40.88786666666667,366.10780625000007,206.12880097083337,77.5955288,191.1182966458333,-2.9720611051041685,-3.2031310229166667,319.01813125,-3.7923988768750014,5.319563,24.50829,0.0,0.0,,0.0,0.0,249.02795877687652,74.39239777708333,112.99988956343748,0.7384313438479849,0.7380470263581054,1.3549272123410647,-4.340009387643662,0.6583404467428251,100.79628413947115,105.13629352711482,2.7189554163393703,3.683986682740342,5.5,3.8,0.0,0.9694701918337588,0.947653544335658,3.6010834232878586,False,
2018-03-08,126.27064114583328,1.1694039833333336,4.053593879166665,18.137710833333333,,52.714794962499994,36.54086187500001,380.8916229166666,224.2623126625,92.49173778125,207.80393164583333,3.567883509375001,-3.911024427083333,335.6147375000001,3.082173139583333,11.39395,26.30512,0.0,0.0,,0.0,0.0,250.92030982378856,88.58071335416666,122.70275763645829,0.7374517068830535,0.7346786151482687,1.3611393871838582,-5.323449391941308,0.7219129794671132,120.57069789119942,125.89414728314071,3.2508995829322167,4.424927466108619,4.6,3.4,0.0,1.3014492182331614,0.9996294665554694,3.3987402816206904,False,
2018-03-09,131.8060630416667,1.1381071270833336,4.691611224999999,19.093732541666665,,54.14185038749999,44.39100125,390.2722895833333,234.16788708377084,91.4036036625,188.6435554166667,3.9969336760416656,-7.313352935416668,342.0523125,3.3022561270833344,8.1153,27.62531,0.0,0.0,,0.0,0.0,252.81170534377983,84.09025072708334,127.80912936562504,0.7364720699181222,0.7326372742938243,1.3649319179997792,-9.982228849147589,0.6579361829977372,114.7774672100002,124.7596960591478,3.2156065056110337,4.389083955236236,6.5,4.5,0.0,0.9753519900524971,1.0057746636491434,4.525985986421144,False,
2018-03-10,36.61324160816667,1.0363756520833334,1.7179956083333334,16.804204791666667,,13.799504946875,61.29088354166668,386.595925,60.666707305625,28.872848716666667,123.00587870833334,1.6655643583333335,-12.947850702083334,376.34196875,1.613133108333333,13.17541,20.53936,0.0,0.0,,0.0,0.0,254.70137573228126,15.924998014583327,34.947677249833326,0.7359922612573747,0.7334914401267231,1.36334242677356,-17.652354197680033,0.4556811573123726,21.71122543956616,39.363579637246204,1.0135247693611378,1.3817813186559265,4.3,2.9,0.5,0.4764763011088294,0.9424913378944728,2.7332249697769497,False,
2018-03-11,143.98076439583338,1.1420893791666666,8.974535435416668,19.504381458333334,,54.825409046125,64.49017395833333,400.80832083333337,241.99684819658333,96.966537418125,217.98223016666668,8.505935542708333,5.865053452083332,357.6176520833335,8.037335650000001,11.84119,25.87507,0.0,0.0,,0.0,0.0,256.588558301621,102.83159087020832,135.47482885312502,0.7367029352861884,0.738901192191004,1.3533609237180697,7.937534157567351,0.759045733740643,139.16825680750372,131.23072264993638,3.4126594442565588,4.6185599378142514,4.0,3.3,0.0,1.3995636377426195,0.9819069151511994,3.2402927731779885,False,
2018-03-12,127.73127172916666,1.1152751291666667,3.737311675000001,19.73326625,,53.04632001770835,61.66076729166667,396.59018125000006,231.34525328750007,88.6752376475,188.0630449583333,3.5849427822916664,1.1299249947916674,346.02251875,3.4325738895833333,11.95459,27.564590000000006,0.0,0.0,,0.0,0.0,258.47249792234277,89.80516264229166,124.146328946875,0.7378948417448341,0.738901192191004,1.3533609237180697,1.5291963346833861,0.7233815401881221,121.5387978682233,120.00960153353995,3.1215409352793606,4.224571523593442,5.7000003,4.3,0.0,0.9824584502800844,0.9658485577749351,4.153148982653213,False,
2018-03-13,75.88664868749999,0.8577783291666666,4.167770904166667,20.091933333333333,,32.07584287375,63.29992708333331,399.5170625,142.02740367916667,48.53152662708332,202.02706166666667,3.8942209927083318,-1.9005529164583337,365.45215416666673,3.62067108125,14.01814,27.75455,0.0,0.0,,0.0,0.0,260.3524476531728,46.63097371062498,71.99242769479166,0.739392967404374,0.7380518324640344,1.3549183892158827,-2.5750940961872737,0.6477205340027523,63.18116378756818,65.75625788375545,1.7089938158877764,2.3155471482025707,6.5,4.7000003,0.0,0.4926695760103563,0.9581874191200878,4.503481144004032,False,
2018-03-14,133.94599208333332,3.3606674249999995,2.4658695833333333,19.602681875,,60.54787230208333,54.31842208333335,399.73007604166673,258.58741217916673,155.517843441875,261.09196770833336,2.0854193250000006,-55.68918969583334,335.63650520833335,1.7049690666666668,15.0633,24.7564,0.0,0.0,,0.0,0.0,262.22766935840696,99.82865374604164,131.86057275833332,0.7410990825765903,0.7325537211180095,1.3650875985911572,-76.02062222937255,0.7570773557081542,136.27485721277213,212.29547944214463,5.473843146400896,7.472275395785062,8.8,6.0,0.0,1.245379232630844,1.0558312517694446,6.334987510616669,False,
2018-03-15,132.72092854166664,2.881988833333333,-4.350618524999999,15.973582083333339,,65.39381158333333,52.15345979166668,380.83843750000005,269.76809745833333,126.65068266666668,236.63669166666665,-4.581424325416666,-25.660301227083348,309.18508541666665,-4.812230125833332,10.97466,21.13331,0.0,0.0,,0.0,0.0,264.0974343115069,100.99038143958332,137.3023528670833,0.7428827339477653,0.7325537211180095,1.3650875985911572,-35.02855898120493,0.7355327809811673,137.86071728016577,172.88927626137072,4.442284544610328,6.064107541260727,7.4,5.1,0.0,1.1890407165993109,1.0075328913950559,5.138417650028962,False,
2018-03-16,104.03792562499996,1.4837819916666672,-9.37430975,14.222521770833332,,57.26772811454168,46.39003895833334,368.67455625,225.13398578604165,87.42381011458332,190.16736729166664,-9.224436689583333,-6.230007424375002,304.84621249999987,-9.074563629166663,7.809716000000001,20.38501,,,,,,265.9610237837273,81.19380269020833,113.2623623145833,0.7440194020384198,0.7380518324640344,1.3549183892158827,-8.441151624237168,0.7168648174995206,110.01097635532929,118.45212797956644,3.0612604571770095,4.147758087608549,6.4,4.5,0.0,0.9217240194685667,1.025403637958935,4.614316370815208,False,
2018-03-17,129.5041579583333,2.3807748145833334,-6.47436335416666,14.592719458333335,,60.969502947916666,51.60171854166666,374.3428604166667,256.1115618125001,113.61743455541661,217.18647250000004,-6.706997830208333,-6.881598916666674,308.70494791666664,-6.939632306250001,7.904909,20.73817,,,,,,267.81772961663137,106.73583563874992,136.21115578854165,0.7451560701290741,0.7458644406750551,1.3407262036717236,-9.226339990733953,0.7836056820812085,143.10353171167026,152.3298717024042,3.979874691172808,5.335922285785292,6.4,4.6,0.0,1.1599831296543268,1.1381365454182817,5.235428000382937,False,
2018-03-18,120.2940133333333,1.9987713708333332,-6.2227424791666675,13.595631125000002,,64.39191415833334,49.33188562500001,369.25508958333353,260.4518949833333,102.52824165208334,262.35953541666663,-6.268640101354166,-3.130375322916669,293.48912083333335,-6.314537723541667,7.134103,19.78118,,,,,,269.6668547773851,99.39786632916667,126.56265343468746,0.746369952740362,0.7511579974032082,1.331277844950132,-4.167399313777577,0.7853649052993413,132.3261772793343,136.49357659311192,3.5880098479573803,4.776638018048553,6.2000003,4.5,0.0,1.0614751151219006,1.0890201173422078,4.9005905280399364,False,
2018-03-19,137.11347,1.0027640083333331,-7.371125104166665,15.36433775,,65.88395969375001,42.422939375,368.2956291666666,271.2241910852084,99.67817791145836,156.48368529166666,-7.296693179166668,8.796671066875,300.06884583333346,-7.222261254166664,6.53814,23.17423,,,,,,271.50771389576266,108.47484897833334,144.41016317916666,0.748083663655834,0.7511579974032082,1.331277844950132,11.71081330064453,0.7511579974032082,144.41016317916666,132.69934987852213,3.4941810041181136,4.651725757028052,5.7000003,4.2000003,0.0,1.1075536762272389,0.9808428953285562,4.119540441001339,False,
2018-03-20,140.40501520833334,1.0449503208333333,-0.8798705131249971,17.113683854166666,,63.71485603020834,37.976019375,376.1873604166667,268.7460278752708,101.48973319249995,168.23898675,-1.5572695888541697,3.643401546875,311.5612041666668,-2.2346686645833307,7.3825910000000015,26.28083,,,,,,273.33963378183466,105.13313473937497,141.96228479718755,0.7497973745713061,0.7514045411882021,1.3308410385951248,4.848788298662209,0.7405708839469016,139.91549022731095,135.06670192864874,3.563656107691773,4.742659795556379,4.9,3.7,0.0,1.2817999282257826,1.0198081693352037,3.7732902751684962,False,
2018-03-21,127.65056708541668,0.8978975333333333,1.2602540957291666,19.588139791666666,,50.94873375,43.99649041666667,394.3129395833335,225.1949286622917,88.7376226229167,180.39645541666667,0.8097402218229179,3.802230669375,347.71731041666663,0.35922634791666685,10.07394,28.18777,,,,,,275.1619539233604,92.53985329229172,126.84082686359378,0.7511664448209072,0.7531116052096488,1.3278244460482362,5.048694832310474,0.7295746612548517,122.87667943522229,117.8279846029118,3.1233009848666247,4.1471954000724365,6.4,4.6,0.0,0.9015642360983266,1.0239654561450742,4.710241000614387,False,
2018-03-22,72.80679740833334,1.2105816645833332,2.524272060416666,20.288081666666674,,29.37814697458333,52.05194645833333,399.2826791666666,128.49044180416664,57.11495092083334,185.55433645833335,2.461826508333333,-12.032653755625,372.97718958333326,2.3993809562500004,13.62457,26.41825,,,,,,276.97402696194683,45.08229716520834,70.3449709,0.7522649865322532,0.7514045411882021,1.3308410385951248,-16.013549421191506,0.640874487378718,59.9973711815999,76.01092060279143,2.0116310313727297,2.6771611310622667,9.2,6.2000003,0.0,0.43180016250374986,1.0289548425075896,6.379520317933397,False,
2018-03-23,155.2205758124999,2.1581425354166672,5.360920249999999,21.422272083333336,,65.54917329875,47.946556875,404.80464166666667,283.01339113125,134.91370442916667,246.7467145833334,5.51374591378125,-18.352159491666665,342.56100416666663,5.6665715775625,15.33677,26.06285,,,,,,278.77521914709683,116.5615449375,149.7068298987187,0.7533426789601573,0.7514045411882021,1.3308410385951248,-24.423806998353047,0.77859871200504,155.12488752487482,179.54869452322788,4.7569536954932685,6.33074919665918,7.3,5.3,0.0,1.1944809375150984,1.0272307816242758,5.4443233385373855,False,
2018-03-24,121.60915124999997,2.41773325,-4.736293004166666,17.75590625,,59.676401018750006,49.38094270833334,387.17229791666665,247.4302697367708,137.32157767916667,233.97129229166663,-4.997246969791667,-42.18895511333334,321.02757708333337,-5.258200935416667,12.18807,23.7547,,,,,,280.56491076730885,95.13262256583332,126.6063982197916,0.7544203713880612,0.7514045411882021,1.3308410385951248,-56.146792840271644,0.7514045411882021,126.60639821979164,182.75319106006327,4.824809476663441,6.421054454946375,7.7000003,5.4,0.0,1.1890841373234209,0.9872054190531868,5.330909357034455,False,
2018-03-25,132.1581856458333,2.5059202375,-9.388274437499996,14.913418354166668,,61.93552115416666,48.07743833333333,374.84720625000006,265.14298477291663,134.01712180708327,234.7691343333333,-9.211064038541666,-27.55029925,303.7979291666667,-9.033853639583334,7.882177,21.02194,,,,,,282.34249655745896,106.46682255708328,141.36924968437495,0.7554756507446021,0.7514045411882021,1.3308410385951248,-36.66506886747649,0.7531116052096488,141.69041670779157,178.35548557526806,4.695891398374019,6.249484985741992,8.2,5.7000003,0.0,1.096400819659509,1.022401152013734,5.8276868589895985,False,
2018-03-26,146.18023058333327,2.1326264895833336,-7.876777175000003,14.67370425,,66.64408346458336,40.26438833333332,371.45383749999985,290.9646368333333,136.2856942291667,273.4555583333334,-8.023849068750001,-13.0336717375,293.31349375000013,-8.1709209625,7.944242999999998,21.7403,,,,,,284.1073860817424,123.2520224916667,154.2040796520833,0.7575661376409081,0.7514045411882021,1.3308410385951248,-17.345745231842425,0.7992786103308622,164.0288496217594,181.37459485360185,4.774285188793066,6.353814659202687,8.5,5.8,0.0,1.0954852500440442,1.1274247397340358,6.539063705496612,False,
2018-03-27,152.40731083333333,2.3735407666666672,-9.610372793749997,15.644841041666668,,66.82888435208334,33.14437645833335,367.803775,293.04346246666665,144.13722867291668,284.933825,-9.874959938541664,-15.719335812500004,293.99652083333336,-10.13954708333334,7.05558,22.48947,,,,,,285.85900409151685,128.41789286041669,162.282270771875,0.7611952002037016,0.7531116052096488,1.3278244460482362,-20.87251836747902,0.7913242293789291,170.51641745006452,191.3889358175436,5.0540343048115055,6.710870301095121,10.1,6.7000003,0.0,1.0016223902281578,1.146063186374717,7.678623676601911,False,
2018-03-28,160.73766696041668,1.54015206875,-5.955090410416669,16.87104160416667,,63.87881500458332,40.84608895833333,375.28912291666666,290.13756089645824,131.35905254375,222.58813583333333,-5.972297587500003,-4.157246695833334,309.7680520833333,-5.989504764583337,4.524934,27.10799,,,,,,287.5967908574492,127.20180584791667,166.70996454791668,0.7642516508731725,0.7579483994998588,1.3193510279325902,-5.4848677015170715,0.763012614110152,167.82383330033062,173.30870100184768,4.611397751091438,6.084052363108525,7.5,5.3,0.0,1.1479343668221549,1.105058479075055,5.85681014987097,False,
2018-03-29,167.2563370833333,1.0896208833333338,2.0704675208333327,20.664354750000005,,61.73190914166665,40.27100125000001,392.8435333333332,288.8036381520833,128.88548031041668,192.0061103125,1.5589002427083327,-4.454902862500003,333.02815416666664,1.0473329645833334,9.670068,30.1648,,,,,,289.32020247542664,124.43057744791668,165.697436840625,0.7673081015426436,0.763012614110152,1.3105943224362415,-5.838570398597463,0.7509505265769405,163.07800834070264,168.9165787393001,4.541086968872444,5.951522799093424,7.0,5.1,0.0,1.1669652765458638,1.0834646054358017,5.525669384395352,False,
2018-03-30,168.7746235416666,0.9332629229166668,2.976022833333331,22.838139791666666,,61.43953854166664,40.10044791666665,401.2152208333332,291.2741061772918,125.98481097104164,170.3585244583334,2.7786365781250013,-2.344013533333333,340.15528333333333,2.5812503229166675,12.13239,32.581509999999994,,,,,,291.0287111457613,123.64079743770831,165.9959869635416,0.7712090331574442,0.763012614110152,1.3105943224362415,-3.07205082850038,0.744842087446753,162.0429271433499,165.11497797185032,4.448195988763043,5.829780407956508,5.6,4.4,0.0,1.3249500639998688,1.0585329322038877,4.657545002646673,False,
2018-03-31,153.36467835416667,1.2913931458333334,3.435474354375002,22.29587854166667,,54.14454750416666,42.19358479166667,402.47545624999987,256.40236576875003,128.72658890833335,203.11410687500003,3.0853256157291686,-20.088623029166673,353.5823062500001,2.7351768770833327,12.3259,31.09838,,,,,,292.7218054252809,108.63796587916669,150.2793527384375,0.7754936618696363,0.763012614110152,1.3105943224362415,-26.32803528758777,0.7229067992344365,142.380301282258,168.70833656984576,4.5426243965386295,5.953537743063885,9.6,6.6,0.0,0.9020511862257864,1.0734896277738428,7.085031440931415,False,
2018-04-01,150.1481280416666,1.4086715145833333,4.257143541666669,22.311179791666664,,55.32831280979169,38.55426916666666,405.3803291666666,264.65440907500005,130.9667223454583,199.35185077083332,4.0681103614583325,-20.245606745833328,346.2023624999998,3.8790771812499987,14.0237,29.11575,,,,,,294.39899045195875,110.72111559962495,146.08001768020833,0.7796231029435152,0.7761069610690163,1.2884821940297913,-26.086103799335675,0.7579483994998588,142.6621859532309,168.7482897525666,4.621744517888984,5.955035516654757,9.1,6.3,0.0,0.9452437041847346,1.0257014888034282,6.461919575098632,False,
2018-04-02,159.51384874999997,1.4586604979166664,0.3670758249999992,20.652342291666667,,60.729128109999984,44.92916875,398.81661041666666,287.86089989374995,142.72340363125005,196.61966072666667,-0.008413246875000521,-18.91706565,331.1986895833333,-0.3839023187499991,10.54637,28.25098,,,,,,296.0597881418144,123.80633798125004,159.52226199687496,0.7833128354455571,0.7913242293789291,1.2637045131107008,-23.905581236716408,0.7761069610690163,156.45462805861445,180.3602092953309,5.028587324096807,6.3546484960323975,10.0,6.9,0.0,0.9209635374206476,0.9999892191277346,6.899925707347772,False,
2018-04-03,163.94459368750003,1.4052557458333332,2.82440698125,20.674062916666667,,59.84593673914586,54.28602291666666,403.04159375,288.0493064145833,130.64122286875,211.0882618750001,2.435661386458334,-0.18446378958333065,338.78280833333343,2.0469157916666663,11.17188,28.1545,,,,,,297.70373735786916,130.45675907916666,161.50893230104168,0.7865421848012084,0.7850254985523832,1.2738439730225806,-0.2349780866016312,0.8077371153442096,166.18155629305525,166.4165343796569,4.602990954186731,5.863492284868222,7.1,5.3,0.0,1.1063192592178437,0.92630536824608,4.909418628382952,False,
2018-04-04,140.69949095979163,1.029268664583333,6.259750854166668,21.69987958333333,,55.23926661875,53.10949541666668,405.6452854166666,259.019513266875,110.44295310312498,215.15741183333333,5.166710440312502,-0.35127185416666656,342.56452916666666,4.073670026458333,11.56205,30.64834,,,,,,299.3303940510212,110.09168124895832,135.53278051947913,0.7906080485497593,0.7850254985523832,1.2738439730225806,-0.4474655343226751,0.8122882215430948,140.2396246389086,140.68709017323127,3.895175650304665,4.961846026004909,8.400001,6.1,0.0,0.8134173940292521,0.9565731297582868,5.835096000299628,False,
2018-04-05,165.3027112916666,1.1964373895833331,-0.7689148791666676,21.75102020833333,,59.53448547708334,51.51684416666666,408.4485666666667,290.85860579166666,137.81040198125007,197.7693431458333,-0.9656792000000004,-3.1230695685416667,342.42715416666675,-1.1624435208333357,12.9433,30.02767,,,,,,300.93933137276605,134.6873324127084,166.26839049166662,0.7948850617662399,0.7943147889510064,1.2589467222694255,-3.93177819673492,0.8100597594914405,169.56417567219182,173.4959538689267,4.860628638839851,6.119272493036331,8.6,6.2000003,0.0,0.9869793888160102,0.9707612646236556,6.0187201184036905,False,
2018-04-06,149.56395083333334,1.6115847937499996,1.0322140645833338,23.27568270833333,,49.23993286041666,41.25672979166666,412.65912708333326,246.33032251666666,135.3670303125,211.39882083333336,0.9703196750000012,-26.83244410416668,365.1326916666666,0.9084252854166682,17.38927,29.81815,,,,,,302.5301397597541,108.53458620833332,148.59363115833332,0.7979716798046421,0.7985354570223177,1.2522925453165592,-33.602069724271196,0.7304121001840566,135.91705321771326,169.51912294198445,4.7814762592741555,5.98780707509713,10.7,7.4,0.0,0.809163107828287,1.0119575226483517,7.488485764105593,False,
2018-04-07,186.2847964583333,2.0818995354166665,9.0564186875,24.63399395833333,,54.17978798333334,50.17119354166667,429.76865,285.94758984999993,183.5922549375,224.52128020833325,8.375670958333332,-41.52551009791667,384.2856416666668,7.694923229166667,15.49307,31.56391,,,,,,304.1024269902533,142.06674483958332,177.90912549999993,0.7998998191059232,0.7985354570223177,1.2522925453165592,-52.00208673608854,0.7985354570223177,177.90912549999996,229.9112122360885,6.4934160277468385,8.131656485186431,10.3,7.3,0.0,1.1139255168112323,0.9998766403510992,7.299099665274357,False,
2018-04-08,172.91441210416667,1.417186525,2.3144396229166677,24.05321604166667,,61.41718245000001,43.71843270833333,415.2643083333333,305.35901142795836,153.37905564645834,224.2586667708333,2.228230511458334,-14.690770447916668,344.2368916666666,2.1420214,15.24252,32.410940000000004,,,,,,305.6558182126436,138.68828519854168,170.68618159270838,0.8024005703005268,0.7985354570223177,1.2522925453165592,-18.39714231688285,0.8125337616930225,173.67830567687062,192.07544799375347,5.4217716451060936,6.789644213575059,8.8,6.5,0.0,1.0445606482423169,1.0086251053850506,6.556063185002829,False,
2018-04-09,165.32991110416668,1.5550361291666663,-4.328523689583332,22.941316875,,61.78141675416666,38.631705625,402.60909375000006,294.4685144093749,169.560394158125,242.6613790375,-4.947290376041667,-27.289699578041674,335.25191458333336,-5.5660570625000005,11.70091,31.4649,,,,,,307.1899559461379,142.2706945800833,170.2772014802084,0.8069913464110688,0.7985354570223177,1.2522925453165592,-34.17468734551003,0.8355240357683452,178.16453023964738,212.3392175851574,5.987332516124396,7.497891876274017,8.400001,6.2000003,0.0,1.2093373435935206,1.0245190639464459,6.352018489585222,False,
2018-04-10,168.72600535416666,1.1541483416666665,-3.0673369062500044,24.383429374999995,,60.368066505416664,31.97301604166668,407.08132916666665,294.25262015833334,140.04046177749996,211.6632272708333,-3.263393776041665,-5.024397979583333,341.92277708333336,-3.4594506458333343,12.04386,34.41791,,,,,,308.70450005399755,135.01606379791662,171.9893991302083,0.8107376415762816,0.8077371153442096,1.2380265571600724,-6.220338132465577,0.7850254985523832,167.1534726250394,173.37381075750497,4.951847327803162,6.130518498822452,8.3,6.0,0.0,1.0217530831370756,1.0561473342544414,6.336884005526649,False,
2018-04-11,168.99879520833323,1.4982515062499997,0.6260952124999986,24.47352958333333,,57.62958346458334,38.404092708333344,411.8582479166666,282.525341925,160.28508948333334,190.54784020833333,0.2196236031250005,-26.22129741041667,355.9612937500001,-0.18684800625000084,13.25546,32.65579,,,,,,310.19912768956294,134.06379207291667,168.77917160520823,0.8134848756019479,0.8100597594914405,1.2344768250527651,-32.36958397597546,0.7943147889510064,165.49864439270826,197.8682283686837,5.668193239541943,6.997253194135287,11.8,8.0,0.0,0.8746566492669109,1.0259364751155735,8.207491800924588,False,
2018-04-12,153.18020854166662,3.3004151375,-3.2071902562499983,20.426502916666667,,60.679242644375,36.429768125,401.1498375000001,280.7867273124999,207.09548479166665,262.12223229166665,-3.4004736374999998,-70.44054233333331,334.2225583333334,-3.5937570187499994,14.84385,25.03866,,,,,,311.6735332154944,136.65494245833332,156.58068217916662,0.8176831998942014,0.8100597594914405,1.2344768250527651,-86.95721705464821,0.8727445848138955,168.69735949373162,255.65457654837982,7.295028806926659,9.005544000243283,12.1,8.2,0.0,1.0982370987457788,0.995471544623952,8.162866476045277,False,
2018-04-13,163.82170645833332,2.6522969854166667,-11.724925508333332,17.50366145833333,,64.06970468749999,27.99908833333333,379.96884375,307.3470524708334,190.70798966041667,289.3106585791666,-11.68945179791666,-37.701323625,300.51320208333334,-11.6539780875,10.43401,23.33277,,,,,,313.1274280966732,153.00666603541669,175.51115825624996,0.8226612723737694,0.8125337616930225,1.2307180909213749,-46.39970103696893,0.8717774274614709,188.30807192135242,234.7077729583213,6.698924847770624,8.244487999874025,12.0,8.0,0.0,1.0305609999842529,0.8906714318991822,7.1253714551934575,False,
2018-04-14,174.82875375000003,1.2238813750000004,-8.46938517916667,18.927150979166672,,63.14248003541665,31.80009520833333,383.55339791666677,310.1205252993958,141.75657577708333,190.5570549375,-8.499332778124995,0.998325711125,311.40410208333327,-8.529280377083333,9.081985,27.31632,,,,,,314.560540767278,142.7549014882083,183.32808652812503,0.8268595966660228,0.8125337616930225,1.2307180909213749,1.2286575133134843,0.7786853841749326,175.69103982923667,174.46238231592324,4.986240826963597,6.136656791434856,9.900001,6.8,0.0,0.9024495028391576,0.8885763435941095,6.042319305922433,False,
2018-04-15,162.32047666666668,0.9634579562499996,-2.3662061125,21.09390625,,53.78504586458333,35.78331541666667,396.58630416666665,274.3683921937499,126.11433049375,196.062092875,-2.3134701197916683,1.3112855116666664,338.32342083333333,-2.260734127083334,10.06156,29.65318,,,,,,315.97261647260694,127.42561600541666,164.63394678645838,0.8287703162987902,0.8355240357683452,1.1968536597279371,1.5694168635864705,0.7739935687182214,152.50981485916975,150.94039799558328,4.445288109170436,5.320359342005719,9.2,6.4,0.0,0.8313061348009668,0.9189641222134168,5.881370469805115,False,
2018-04-16,59.46028471458333,1.68365235,-3.560683726666667,19.708536458333334,,28.477822193958332,39.915077291666655,394.63675416666666,128.36848865999994,80.17287751666666,217.90986854166675,-3.41292048,-33.640682699375,354.20636875,-3.265157233333332,13.10431,25.706570000000006,,,,,,317.363417086274,46.53219481729166,62.87320519458333,0.8319209767302141,0.8355240357683452,1.1968536597279371,-40.26297420449328,0.7400957955504472,55.692227662248875,95.95520186674216,2.8221741766582977,3.3777294917231617,10.5,7.1,0.0,0.4757365545201317,0.9243272677799872,6.5627235130871915,False,
2018-04-17,163.73044858333338,2.2778958416666666,0.6454462708333345,15.899067583333334,,63.33866092916666,41.42707375000001,384.28202083333343,309.71940151458335,164.20056354166667,285.34766187500014,0.2081026781250032,-8.76640935416667,301.6317208333333,-0.22924091458333345,8.873594,22.99369,,,,,,318.73272090346484,155.4341541875,163.52234590520837,0.8358513853489528,0.8287550313046479,1.206629175361715,-10.577805289901358,0.9505376976282071,187.55138529030887,198.12919058021026,5.758938824325262,6.9489036045541575,10.0,6.9,0.0,1.007087465001567,0.9279302212343048,6.402718615011027,False,
2018-04-18,159.90800435416662,1.1755294187500005,-9.266864668749998,17.783596875,,63.82669110833333,38.61172520833333,387.25941666666677,301.3122152833334,154.23684081479166,205.75729000000004,-9.170159738541667,-4.164447070833333,309.6818979166667,-9.073454808333338,7.639121,26.30385,,,,,,320.08032241098425,150.07239374395834,169.07816409270833,0.8403366328639534,0.8447170242371055,1.183828396146196,-4.929990696700347,0.8875918102687181,177.65996119173062,182.58995188843102,5.419273276630941,6.415489591351948,8.1,5.9,0.0,1.087371099602061,0.9522084168750428,5.618029750372424,False,
2018-04-19,161.25625597916667,3.8524598166666664,-13.008919864583332,15.824938520833333,,68.86584034375001,44.08932520833332,381.16861458333335,302.13163107645835,182.38942826458344,255.25241577083344,-12.097285270833336,-28.4594391,309.15905833333335,-11.185650677083327,8.258085000000001,21.36253,,,,,,321.40603203488223,153.9299891645834,173.35354125,0.8440421321916391,0.8532942542975666,1.1719286693465456,-33.35243259481205,0.8879541084343635,180.39496737417838,213.74739996899052,6.396414956518742,7.496142068581352,9.5,6.6,0.0,1.135779117711771,0.991155861458067,6.541628591099252,False,
2018-04-20,169.72420125000005,1.751801633333333,-4.152542145833332,18.034095833333332,,66.03232501458334,44.90435937499999,389.48455208333326,305.5891698958332,147.18243276041662,202.14940812499995,-3.5311563218749984,-0.8306826791666647,319.65190208333337,-2.9097704979166656,8.975649,26.217370000000006,,,,,,322.7096758664911,146.35175008124997,173.25535757187504,0.8448778584160718,0.8447170242371055,1.183828396146196,-0.9833857437842978,0.8447170242371055,173.255357571875,174.23874331565938,5.172653343561231,6.12353391152835,7.7000003,5.8,0.0,1.0557816741644788,1.0296979838609812,5.972248502792995,False,
2018-04-21,161.1254157229166,0.9826387520833332,-3.0091093958333275,20.8957616875,,56.713926958333346,47.67531708333335,400.65070000000014,274.29933301395835,126.0953654089584,173.69976106250004,-1.8801674583333323,4.727664764583333,344.1906979166667,-0.7512255208333357,9.987011,30.1922,,,,,,323.9910953677488,130.82303017354172,163.00558318124996,0.8450422425612323,0.8287550313046479,1.206629175361715,5.704538236275827,0.8025677870682278,157.85488501662144,152.1503467803456,4.443771517470757,5.3619843616216185,6.2000003,5.0,0.0,1.0723968723243236,1.0334664036708836,5.1673320183544185,False,
2018-04-22,176.27429041666667,1.1230547541666664,0.14334372916666924,22.864102916666663,,63.81824158749999,43.59031124999999,407.9666125,301.33336330208334,155.82295685,204.08351270833336,1.1021633260416677,-4.8470956562500005,346.7257749999998,2.060982922916669,12.11456,31.74695,,,,,,325.2501470567258,150.97586119375,175.172127090625,0.8435911522946451,0.8447170242371055,1.183828396146196,-5.738129476705631,0.8618714843580275,178.72951161378776,184.4676410904934,5.501841130933649,6.513235761884353,7.9,5.9,0.0,1.1039382468821353,1.022685464484648,6.0338443379903115,False,
2018-04-23,162.59035191666663,1.1333164666666666,1.5997397943750002,23.740276666666666,,58.86350632708332,40.60702270833333,412.22642291666665,282.61906395562505,136.81523258125,226.80492520833332,1.9655383096874972,-6.260502291666668,351.0612083333333,2.3313368250000006,11.47237,32.73657,,,,,,326.4867021743142,130.55473028958335,160.62481360697913,0.8434785651003992,0.8532942542975666,1.1719286693465456,-7.336862120113918,0.8127930383721905,153.00083134516854,160.33769346528246,4.834798229015032,5.666038655088621,10.6,7.6,0.0,0.7455314113405311,0.9944120511778674,7.557531494117268,False,
2018-04-24,177.69356500000004,1.3329293020833335,1.6293923083333302,23.79678916666667,,62.86001521791667,43.82075458333333,412.59841041666664,298.53773949062486,,199.326233125,2.650670398958332,,354.61424999999986,3.671948489583336,12.91015,32.64323,,,,,,327.70064633306544,,175.04289460104167,0.8423879329673806,0.8618714843580275,1.1602657915348698,,,,223.23205436333456,,7.8890400040114175,11.5,8.1,0.0,,0.9739555101823304,7.8890400040114175,True,7.8890400040114175
2018-04-25,173.08171000000004,1.3212693041666668,2.1374666666666657,24.318348125000004,,62.27049958541669,44.77406229166666,417.1723083333334,294.82383903583326,,213.86373916666665,2.833540798958332,,357.70069375,3.5296149312500003,13.62616,33.33685,,,,,,328.89187914920507,,170.2481692010417,0.8420967965586649,0.8532942542975666,1.1719286693465456,,,,177.84421299858886,,6.28819701433624,9.3,6.8,0.0,,0.9247348291113336,6.28819701433624,True,6.28819701433624
2018-04-26,162.80782739583339,1.4426660666666666,4.4149370416666684,25.213951875000006,,55.99973019791667,42.48809395833333,420.19530000000015,266.4921788133334,,201.02607791666668,4.795193781249999,,372.5106708333333,5.1754505208333335,17.97859,32.46222,,,,,,330.0603138588703,,158.01263361458336,0.8440027630235244,0.8447170242371055,1.183828396146196,,,,201.2081561257341,,7.120458448726025,10.900001,7.7000003,0.0,,0.9247348291113336,7.120458448726025,True,7.120458448726025
2018-04-27,178.27780520833343,1.3879215895833334,8.532239291666668,24.817227291666665,,62.85383073979167,42.681099166666655,421.6855833333333,305.3460326133333,,212.75138518750006,8.54393891875,,357.4711833333333,8.555638545833334,15.5808,33.2954,,,,,,331.2058769196498,,169.73386628958343,0.8438837194879275,0.8373322613651091,1.1942690448468956,,,,209.12762794240433,,7.397878632890669,11.400001,8.0,0.0,,0.9247348291113336,7.397878632890669,True,7.397878632890669
2018-04-28,168.18112431249997,1.7189995125000006,-4.357452445833334,23.23272541666668,,69.44789768333332,36.91464708333333,413.39961041666663,317.06887179166665,,217.72265770833332,-3.5457155635416666,,333.9597750000001,-2.7339786812499995,14.97996,30.93415,,,,,,332.3285075985217,,171.72683987604162,0.8420016125259998,0.8127930383721905,1.2303254983614715,,,,206.82984974133316,,7.30540523816912,11.3,7.9,0.0,,0.9247348291113336,7.30540523816912,True,7.30540523816912
2018-04-29,151.92570962500002,2.6271241916666663,-8.608898520833337,21.035139791666666,,67.89405004791668,39.47102104166667,405.42373958333326,277.1614958958333,,221.16756666666663,-8.148223458333332,,348.08198958333327,-7.687548395833335,10.03012,28.26385,,,,,,333.4281575473058,,160.07393308333334,0.8370341445679929,0.8370341445679929,1.1946943938781809,,,,220.38682981307332,,7.767773093672716,12.3,8.400001,0.0,,0.9247348291113336,7.767773093672716,True,7.767773093672716
2018-04-30,151.99774800000006,2.7726916041666656,-4.658055716666668,19.715723541666666,,57.902979456250016,47.66557145833332,405.1127729166667,255.28600058333333,,266.2639395833334,-4.551493639583334,,359.7275187500002,-4.4449315625,14.50653,25.46111,,,,,,334.50479036675654,,156.54924163958339,0.8316141079914683,0.8316141079914683,1.2024808025626463,,,,183.88906743347027,,6.473143803779336,9.900001,7.0,0.0,,0.9247348291113336,6.473143803779336,True,6.473143803779336
2018-05-01,129.84400460416668,2.727042104166667,-12.269089583333335,16.85313604166667,,59.991854750000016,47.86567708333333,388.65386666666666,240.62857587083334,,263.15092333333337,-11.519881723958333,,337.86114791666665,-10.770673864583335,12.22552,22.55216,,,,,,335.55838116043964,,141.36388632812503,0.8250626498686497,0.8250626498686497,1.2120291715534577,,,,179.12698813923828,,6.28819701433624,9.6,6.8,0.0,,0.9247348291113336,6.28819701433624,True,6.28819701433624
2018-05-02,154.14380014583332,1.945008425,-6.999836091666669,16.09315979166666,,64.03973918749999,54.46167708333334,386.6433125,269.704694275,,229.56542979166667,-6.648856296562498,,335.1221458333334,-6.297876501458332,8.521728999999999,22.25125,,,,,,336.58891607953575,,160.7926564423958,0.8127930383721905,0.8127930383721905,1.2303254983614715,,,,152.8961699397305,,5.363462185224908,7.9,5.8,0.0,,0.9247348291113336,5.363462185224908,True,5.363462185224908
2018-05-03,160.13152941666667,1.281415920833333,-2.9446362770833336,19.276361041666668,,66.79907787083334,54.21127104166669,399.7658124999999,274.81037274374995,,191.3709118958334,-2.5868827645833323,,351.88605624999985,-2.2291292520833337,10.55671,26.98492,,,,,,337.5963918597193,,162.71841218125,,,,,,,152.42962706153787,,5.363462185224908,7.3,5.8,0.0,,0.9247348291113336,5.363462185224908,True,5.363462185224908
2018-05-04,168.44539895833339,1.1863869375,-1.8445517166666632,23.99230104166667,,67.02923234791668,41.28945604166668,413.42163333333326,277.81776628333336,,188.85840391666667,-0.902201997916666,,371.07851875000006,0.04014772083333088,12.81837,33.20733,,,,,,338.5808153512636,,169.34760095625003,,,,,,,188.3649610164661,,6.658091034170358,9.900001,7.2000003,0.0,,0.9247348291113336,6.658091034170358,True,6.658091034170358
2018-05-05,179.48482520833335,1.2001551458333333,-1.5421475416666663,26.46495645833333,,68.51090337708332,36.270999166666655,421.68789375000017,286.3597480420833,,189.48533479166665,-0.07906384999999813,,383.3238875,1.3840198416666665,14.8657,37.23063,,,,,,339.5422030435107,,179.5638890583334,,,,,,,174.8654242055907,,6.195723619614693,8.900001,6.7000003,0.0,,0.9247348291113336,6.195723619614693,True,6.195723619614693
2018-05-06,172.9851289791667,1.1390382854166667,-0.35323417916666583,27.546712291666665,,67.99527418854167,34.38516624999998,427.4364520833333,281.97424403770833,,212.37636062500007,0.8333893864583347,,386.44261875,2.0200129520833316,15.13969,37.76514,,,,,,340.4805805848461,,172.15173959270837,,,,,,,187.71826580040627,,6.658091034170358,9.900001,7.2000003,0.0,,0.9247348291113336,6.658091034170358,True,6.658091034170358
2018-05-07,160.00101977500003,1.6369184375,1.5057133687500006,27.17893041666667,,68.97780304395833,33.682004375,429.2793770833334,274.658272425,,204.07218304166665,2.275963862499999,,383.59995416666663,3.046214356250001,15.310579999999998,36.144,,,,,,341.3959822992953,,157.72505591250004,,,,,,,219.08271693882344,,7.767773093672716,12.0,8.400001,0.0,,0.9247348291113336,7.767773093672716,True,7.767773093672716
2018-05-08,170.31156613374995,1.1924348374999998,-1.2632381000000001,26.84017395833333,,68.21443251312502,35.08218104166668,430.10355,287.1867738229167,,223.0642789583334,-0.2043831885416687,,381.44278749999984,0.8544717229166658,15.71558,36.45992,,,,,,342.28845070085583,,170.51594932229162,,,,,,,203.50071260309605,,7.212931843447572,10.900001,7.8,0.0,,0.9247348291113336,7.212931843447572,True,7.212931843447572
2018-05-09,172.26325520833328,1.4931547208333331,-0.9707058916666644,26.552309166666664,,72.80971864541667,38.38106437500001,429.1630958333333,295.226162525,,209.125586875,0.15170207291666726,,379.0099104166666,1.2741100374999996,16.086570000000002,36.08178,,,,,,343.1580360066477,,172.1115531354166,,,,,,,221.8254227393559,,7.860246047446336,12.1,8.5,0.0,,0.9247348291113336,7.860246047446336,True,7.860246047446336
2018-05-10,171.78525104166673,2.6277356416666677,-2.0397414104166667,27.49423770833333,,76.36578708124998,32.89106458333334,440.0159541666666,303.89334372291665,,163.72567452083334,-0.5800089885416658,,384.27365624999993,0.8797234333333342,16.271739999999998,36.56188,,,,,,344.0047956499533,,172.3652600302084,,,,,,,255.5184071073069,,9.06240150167024,14.3,9.8,0.0,,0.9247348291113336,9.06240150167024,True,9.06240150167024
2018-05-11,159.5878892708334,2.7100911520833333,1.6220548958333352,26.373547291666664,,79.06661008541668,37.77572666666667,439.55573125000006,299.37890727083334,,187.54546041666669,2.837727146874999,,378.8313208333335,4.0533993979166665,16.77261,34.79155,,,,,,344.8287937941838,,156.75016212395838,,,,,,,250.57561773307395,,8.877454712227145,13.900001000000001,9.6,0.0,,0.9247348291113336,8.877454712227145,True,8.877454712227145
2018-05-12,159.40185833333334,2.0787866979166667,-7.408259284583335,20.721081041666668,,80.26042477541667,45.05113270833333,415.09011874999993,304.15406254166663,,224.99168625000004,-5.468178176666667,,350.5983270833333,-3.52809706875,12.28674,28.430190000000003,,,,,,345.6301008487858,,164.87003651,,,,,,,196.83346297821086,,6.9355112183350025,10.3,7.5,0.0,,0.9247348291113336,6.9355112183350025,True,6.9355112183350025
2018-05-13,159.17152375,1.5771492187499998,-7.835080597916666,21.27564375,,82.44613422083333,43.19582895833333,416.40026875,307.3807449145833,,231.14697291666675,-5.5552007375000025,,350.63718125,-3.2753208770833337,14.15896,28.72315,,,,,,346.40879298806993,,164.7267244875,,,,,,,186.23617913176776,,6.565617198500882,9.6,7.1,0.0,,0.9247348291113336,6.565617198500882,True,6.565617198500882
2018-05-14,158.97413412499995,1.477959391666667,-6.1903982270833335,23.0848075,,82.17216941666666,38.90825604166668,422.55990833333334,307.23826526729164,,237.16699875,-3.824354307916668,,356.46793750000006,-1.4583103887500004,12.16657,31.563740000000006,,,,,,347.16495167390605,,162.79848843291663,,,,,,,183.2931181065572,,6.473143803779336,9.2,7.0,0.0,,0.9247348291113336,6.473143803779336,True,6.473143803779336
2018-05-15,156.79179722916663,1.2621827479166667,-4.891200422916668,24.60512020833333,,83.75152163822916,33.96741291666665,428.5619625,307.28443342249994,,195.3254956250001,-2.656906937500001,,361.82083541666657,-0.4226134520833328,13.0742,33.116440000000004,,,,,,347.89866318319434,,159.44870416666663,,,,,,,198.71197909899877,,7.02798461305655,10.400001,7.6,0.0,,0.9247348291113336,7.02798461305655,True,7.02798461305655
2018-05-16,153.41186466666667,1.4892142124999994,-1.353970439583332,25.73577333333333,,84.18351795000002,36.59758270833333,440.0335791666666,306.3715080854167,,233.47454839583332,0.7994186656250014,,371.2574354166668,2.9528077708333327,13.53395,35.80641,,,,,,348.61001814098586,,152.61244600104166,,,,,,,201.10662197624725,,7.120458448726025,10.5,7.7000003,0.0,,0.9247348291113336,7.120458448726025,True,7.120458448726025
2018-05-17,142.37890089583337,2.2834400166666664,2.404336354166667,25.20144145833334,,89.50237608333332,30.24634458333334,441.6004104166668,311.9553007916667,,238.905275,3.6578351066666617,,361.52640833333334,4.911333859166668,16.4689,33.69324,,,,,,349.29911106007614,,138.72106578916672,,,,,,,232.5680912700777,,8.230140508228383,12.8,8.900001,0.0,,0.9247348291113336,8.230140508228383,True,8.230140508228383
2018-05-18,141.81081652083338,1.82583390625,-1.4541912916666666,24.396121458333337,,88.5093643875,28.49323395833333,437.72209791666677,306.85708550833334,,212.07759145833327,0.5510924437499992,,361.1851875,2.5563761791666653,13.27025,32.76357,,,,,,349.96603988786313,,141.2597240770834,,,,,,,198.75211719203102,,7.02798461305655,10.6,7.6,0.0,,0.9247348291113336,7.02798461305655,True,7.02798461305655
2018-05-19,138.57455225,1.92482423125,2.213170416666667,25.751045208333334,,89.03733957499998,28.555822083333325,448.39858333333336,304.43707132187507,,183.37675687499996,4.038524623958331,,371.5733895833334,5.863878831250001,14.47045,34.523720000000004,,,,,,350.6109055612064,,134.5360276260417,,,,,,,206.32711669368817,,7.30540523816912,10.8,7.9,0.0,,0.9247348291113336,7.30540523816912,True,7.30540523816912
2018-05-20,138.4373921875,2.242757,2.4378294518958348,25.617091041666665,,89.55936490833334,34.88985020833334,450.68178333333327,302.302275755625,,176.99803704166663,4.157553517614582,,376.3762583333332,5.877277583333332,13.46051,34.775459999999995,,,,,,351.2338115699838,,134.2798386698854,,,,,,,206.3538580101309,,7.30540523816912,10.7,7.9,0.0,,0.9247348291113336,7.30540523816912,True,7.30540523816912
2018-05-21,132.76005625,2.3108138541666663,7.74190388125,25.382723749999997,,89.98428938125,40.960005208333335,454.2122375000001,299.09338214583335,,208.3541772291666,8.255104555208332,,377.86268125,8.76830522916667,16.8525,33.13875,,,,,,351.8348635299922,,124.50495169479166,,,,,,,190.72464917241288,,6.750564428891907,9.8,7.3,0.0,,0.9247348291113336,6.750564428891907,True,6.750564428891907
2018-05-22,132.5051249375,2.011769556249999,1.7638741041666677,24.00487833333333,,93.36376333124998,32.72571854166667,442.09906666666666,307.57462850208327,,220.36377249999995,2.427841259375001,,360.3933354166666,3.0918084145833364,15.810670000000002,31.10649,,,,,,352.41416876579115,,130.077283678125,,,,,,,196.2111095825284,,6.9355112183350025,10.2,7.5,0.0,,0.9247348291113336,6.9355112183350025,True,6.9355112183350025
2018-05-23,125.00232133333334,1.952154922916666,6.895656243749998,25.505456874999997,,94.36524874062498,39.80719583333335,455.9479749999999,306.9908488750001,,195.30494031250007,7.233948320625001,,368.32468124999986,7.572240397499999,14.694120000000002,33.16274,,,,,,352.97183590403915,,117.76837301270834,,,,,,,195.9267162208356,,6.9355112183350025,9.900001,7.5,0.0,,0.9247348291113336,6.9355112183350025,True,6.9355112183350025
2018-05-24,124.17386506250004,2.2791026208333336,5.002743983333331,26.301216874999994,,97.50468916874998,30.526489708333354,458.78738541666667,311.9310894375,,154.40622183333332,5.769756261458332,,368.534875,6.536768539583334,14.30091,34.90488,,,,,,353.50797447782355,,118.40410880104172,,,,,,,211.4379839176401,,7.490352468560145,10.900001,8.1,0.0,,0.9247348291113336,7.490352468560145,True,7.490352468560145
2018-05-25,121.46887601666668,2.7553668020833335,7.629003485416668,25.779434583333334,,99.88526907500004,26.698348541666665,457.27975625000016,315.49595596354163,,243.52280270833333,7.227319021875003,,363.137975,6.825634558333332,15.18041,33.711459999999995,,,,,,354.02269454243583,,114.24155699479168,,,,,,,206.321449312976,,7.30540523816912,10.8,7.9,0.0,,0.9247348291113336,7.30540523816912,True,7.30540523816912
2018-05-26,127.30689376875,3.573347945833333,6.689426052083332,23.20171854166667,,100.4853314354167,35.87276770833332,441.83923958333327,314.7697244999999,,265.45561104166666,5.66493160625,,354.86175833333334,4.640437160416666,14.97722,30.46745,,,,,,354.5161063029953,,121.6419621625,,,,,,,219.92694056661136,,7.767773093672716,11.900001,8.400001,0.0,,0.9247348291113336,7.767773093672716,True,7.767773093672716
2018-05-27,129.51017855791665,1.5312336604166668,5.120289439583334,24.680497916666663,,98.68287212499996,36.23212833333333,447.10430000000014,309.2957900812499,,229.92748125000003,4.689665387708332,,366.00156249999986,4.2590413358333326,14.25369,33.24488,,,,,,354.98831975427566,,124.82051317020832,,,,,,,183.0108601867383,,6.473143803779336,9.1,7.0,0.0,,0.9247348291113336,6.473143803779336,True,6.473143803779336
2018-05-28,123.7119257291667,1.7600239854166662,11.053899954166667,28.295175625,,99.3372097,30.91715479166667,470.93032291666674,310.2737315625,,222.28891229166672,10.48584020625,,383.7057270833332,9.91778045833333,15.26605,37.27077,,,,,,355.43944433304324,,113.22608552291668,,,,,,,174.55555574106182,,6.195723619614693,8.400001,6.7000003,0.0,,0.9247348291113336,6.195723619614693,True,6.195723619614693
2018-05-29,122.22303145833335,2.1279897687500005,12.528638006250004,29.53761458333333,,99.94519006458331,28.16357395833333,479.2059020833333,312.18985588583337,,212.16482979166668,12.26399477395833,,389.1842729166667,11.999351541666664,18.27248,38.96348,,,,,,355.86958858316666,,109.95903668437504,,,,,,,234.19503804663063,,8.322613462002003,12.6,9.0,0.0,,0.9247348291113336,8.322613462002003,True,8.322613462002003
2018-05-30,117.84857610416668,2.897232825000001,11.301583487500006,28.99182229166667,,103.16638091458334,25.47165589583333,475.5367354166669,316.22979736041674,,173.87771810416663,11.078432359374998,,380.32190624999987,10.855281231250002,18.70366,36.59137,,,,,,356.2788598337194,,106.77014374479168,,,,,,,234.31916593488415,,8.322613462002003,12.400001,9.0,0.0,,0.9247348291113336,8.322613462002003,True,8.322613462002003
2018-05-31,118.7596466458333,1.96788171875,10.854294312499995,27.85451791666667,,101.81619429166668,30.309825625,470.5651770833333,311.4899202125,,215.371615625,10.018649885416664,,379.6510916666666,9.183005458333335,17.02679,36.36385,,,,,,356.66736389024453,,108.74099676041664,,,,,,,216.33288307012185,,7.675299258003241,11.3,8.3,0.0,,0.9247348291113336,7.675299258003241,True,7.675299258003241
2018-06-01,,,,,,,,,,,,,,,,16.324920000000002,23.23891,,,,,,357.0352047393203,,,0.9945524930689588,0.9945524930689588,1.0054773448048293,,,,175.95998499233954,,6.195723619614693,8.400001,6.7000003,0.0,,0.9247348291113336,6.195723619614693,True,6.195723619614693
