date,Rn,ws,g_1,t_avg,rh,theta_1,LE,wd,G,H,g_2,t_min,t_max,Rn_subday_gaps,G_subday_gaps,LE_subday_gaps,H_subday_gaps,rso,flux,energy,ebr_5day_clim,ebr_corr,ebc_cf,H_corr,ebr,flux_corr,LE_corr,ET,ET_corr,gridMET_ETr,gridMET_ETo,gridMET_prcp,EToF,EToF_filtered,ET_fill,ET_gap,ET_fill_val
2018-09-07,,,,,,,,,,,,38.54152,38.54152,,,,,295.642254921309,,,,,,,,,,,,7.6,5.8,0.0,,,,False,
2018-09-08,81.15327625000003,2.4378839791666667,-14.541640733333333,40.522164166666656,43.75521020833333,0.17161312583333332,,176.52270916666674,-13.548024753125,,-12.554408772916664,33.90461,46.07381,0.0,0.0,11.0,11.0,294.0186093832162,,94.70130100312502,,,,,,,,,,9.400001,6.8,0.0,,,,False,
2018-09-09,142.86050874999995,3.3082954333333343,-10.696465814375,40.32582708333333,58.675509999999996,0.3358486375,,171.9282041666667,-10.6736675321875,,-10.65086925,37.00088,44.75499,0.0,0.0,48.0,48.0,292.3790471737321,,153.53417628218747,,,,,,,,,,11.3,8.0,0.0,,,,False,
2018-09-10,57.731184583333324,2.1704806479166665,-11.560021381249998,40.307264791666654,49.40708187500001,0.3524068375,,214.2062202083333,-10.404707992708335,,-9.24939460416667,36.16873,45.60435,0.0,0.0,46.0,46.0,290.7239949395447,,68.13589257604166,,,,,,,,,,11.400001,8.0,0.0,,,,False,
2018-09-11,38.83029791666667,1.7319500625000002,-10.560496124999998,39.98089166666668,42.376338333333344,0.37116914375,,201.76125416666665,-9.25176458333333,,-7.943033041666663,34.52435,45.62605,0.0,0.0,48.0,48.0,289.0538954402196,,48.082062500000006,,,,,,,,,,12.0,8.3,0.0,,,,False,
2018-09-12,151.68503833333338,1.8926853645833333,-11.22357270833333,39.28131708333333,32.67232489583333,0.3320728666666668,,184.37175747916672,-10.8752615625,,-10.526950416666667,31.39608,46.27171,0.0,0.0,48.0,48.0,287.3692074309837,,162.56029989583334,,0.9537505750887938,1.0484921593959724,,,,,,,11.6,7.8,0.0,,,,False,
2018-09-13,14.796562083333335,0.9702079458333334,-6.274013729166668,38.13079604166665,33.89467854166666,0.3640632000000001,,191.75339716666664,-5.9194087802083395,,-5.564803831250001,31.43573,45.32007,0.0,0.0,48.0,48.0,285.6704055189888,,20.715970863541674,,0.9647722351438034,1.0365140740715302,,,,,,,9.6,6.7000003,0.0,,,,False,
2018-09-14,151.38695791666666,1.3571088583333335,1.9988862507500065,39.701751249999994,25.73956166666667,0.3500414104166665,,137.10637562499997,-0.2650744683749908,,-2.5290351874999955,32.25548,46.39878,0.0,0.0,17.0,17.0,283.95797999316414,,151.65203238504162,,0.9537505750887938,1.0484921593959724,,,,96.02070783755343,,3.4463143998718677,9.5,6.7000003,0.0,,0.5143752615981978,3.4463143998718677,True,3.4463143998718677
2018-09-15,134.82198,1.8831653041666667,11.736912283333336,40.29309624999999,35.13995916666667,0.3113237166666667,98.77786512291664,187.88194145833333,9.90880695416667,21.73489603541667,8.080701624999996,33.86027,46.40454,0.0,0.0,0.0,0.0,282.2324366278316,120.51276115833332,124.91317304583332,,0.9427289150337842,1.0607503218082193,23.055297964036424,0.9647722351438034,127.83395018069912,104.7786522166627,3.547329923126925,3.762831357516812,11.5,7.9,0.0,0.4763077610243752,0.4741394385395976,3.745701609680281,False,
2018-09-16,146.87579541666668,1.969143347916666,5.263392170833334,40.49236687500001,56.90677479166667,0.38952838125,,168.1688568749999,3.7241334114583315,,2.1848746520833315,36.899,44.52944,0.0,0.0,12.0,12.0,280.49429646031683,,143.15166200520838,,0.9189336602222627,1.088217836919947,,,,88.59280756985468,,3.1821844433770163,10.0,7.1,0.0,,0.4481949980451017,3.1821844433770163,True,3.1821844433770163
2018-09-17,140.60105187499997,1.50782494375,9.792650937499998,41.134192083333346,38.896175625,0.34516670624999995,101.43120620164585,197.07988522916665,8.177890302083334,23.40793723333333,6.563129666666665,34.70845,46.53537,0.0,0.0,0.0,0.0,278.74409554285717,124.8391434349792,132.42316157291665,,0.9427289150337842,1.0607503218082193,24.829976953124927,0.9427289150337842,132.42316157291665,107.5931846197917,3.6456263606048687,3.8670993352041423,9.8,7.0,0.0,0.5524427621720204,0.4150277405702257,2.90519418399158,False,
2018-09-18,126.44267166666668,2.6249453395833333,11.60404804166667,39.82348020833333,53.72884041666669,0.3060734208333334,76.75872274583331,150.437829375,9.83385705625,39.95355794583333,8.063666070833333,35.50101,44.22565,0.0,0.0,0.0,0.0,276.9823846691622,116.71228069166663,116.60881461041667,,0.9332079634102954,1.0715725103176583,42.81313438413866,1.0008872921107692,125.06567160566841,82.25253722152974,2.755304391200492,2.952508443167978,10.8,7.5,0.0,0.3936677924223971,0.4716338558191116,3.5372539186433367,False,
2018-09-19,116.49306520833339,3.4557050375,3.687268270833332,39.28698541666667,64.16805854166664,0.2678228708333334,68.39895421479166,173.11768125,2.822403541666669,53.13335405416668,1.9575388124999995,36.83867,42.43212,0.0,0.0,0.0,0.0,275.2097290760484,121.53230826895832,113.67066166666672,,0.9332079634102954,1.0715725103176583,56.93624158542033,1.069161615556928,130.23068065646723,73.29443907104691,2.453933674994617,2.629567868267019,10.2,7.1,0.0,0.3703616765616142,0.5102043014904859,3.6224504919255764,False,
2018-09-20,123.44546479166661,1.2995568541666664,14.48370325,39.17258500000001,58.33953083333334,0.2417164145833333,43.7799623625,121.46326166666664,12.963884854166665,49.23517078791666,11.444066458333335,35.17907,43.3134,0.0,0.0,0.0,0.0,273.42670812062835,93.01513315041666,110.48157993749994,,0.9427289150337842,1.0607503218082193,52.22622325756524,0.8419062544456356,98.66583242233885,46.4396091647736,1.57050757905523,1.6659164198850824,7.7000003,5.9,0.0,0.2823587106707216,0.5010536852802776,2.9562167909378414,False,
2018-09-21,151.40467083333337,1.3480381645833337,-3.874264916666665,39.39213437499999,54.88271604166666,,128.38389404375002,177.21328108333333,-4.284179822916664,10.979175472916666,-4.694094729166664,35.08811,44.13431,0.0,0.0,0.0,0.0,271.63391493358864,139.36306951666668,155.68885065625003,,0.9537505750887938,1.0484921593959724,11.511579399985692,0.8951384054107413,146.12108569758087,134.60950629759515,4.606474539551644,4.82985243717707,8.7,6.4,0.0,0.754664432063541,0.4866213434809242,3.1143766446857426,False,
2018-09-22,146.38539541666663,1.3050925312499997,-0.19500877083333445,40.42736020833332,40.784744374999974,0.4197908354166666,119.76614152687502,177.96929902083335,-2.1599557708333315,6.51656724166667,-4.124902770833333,34.73713,46.07201,0.0,0.0,0.0,0.0,269.8319560491567,126.28270876854168,148.5453511875,,0.9647722351438034,1.0365140740715302,6.754513660620995,0.8501289859225719,130.8938049504697,124.13929128984873,4.3016317745751,4.458701875820383,8.8,6.3,0.0,0.7077304350526215,0.4800548188953424,3.024345450603847,False,
2018-09-23,133.67914462500002,1.339683027083333,9.904979666666668,40.47562500000001,36.72842270833333,0.3610002458333333,83.75740860041664,192.31507791666672,7.507439262499998,17.278141295833336,5.109898858333336,34.340070000000004,45.26522,0.0,0.0,0.0,0.0,268.02145101240075,101.03554989624998,126.17170536250002,,0.9633055291795982,1.0380922456156279,17.936304497855748,0.8007781903713505,104.88422087880795,86.94791638095222,3.0084512521149867,3.1230499161331946,10.1,7.0,0.0,0.4461499880190278,0.4983370092842971,3.4883590649900795,False,
2018-09-24,105.0571827083333,2.215448475,0.6729700479166668,38.89231812500001,45.34697437500001,0.3060578562499999,84.87778643124999,183.06814794375,-0.8888915489583322,23.573647072708336,-2.4507531458333323,34.063390000000005,44.0332,0.0,0.0,0.0,0.0,266.20303196457246,108.45143350395833,105.94607425729164,,0.9633055291795982,1.0380922456156279,24.47162022705807,1.023647494862173,112.58259214635805,88.11097191929998,3.0439631934268747,3.1599145870358227,10.1,7.0,0.0,0.4514163695765461,0.4993689916990822,3.4955829418935758,False,
2018-09-25,97.81346652083332,1.5920890791666669,0.7598169374999998,37.48002125000001,36.90126104166666,0.2572748520833333,53.95488195,155.18594833333339,-0.2215789375000002,36.59881623979167,-1.2029748125000028,31.12932,43.38694,0.0,0.0,0.0,0.0,264.37734320724394,90.55369818979166,98.03504545833331,,0.9923847177180908,1.0076737198245254,36.879665301525115,0.9236870117868066,91.24858189877476,54.368916597249644,1.9323038820445044,1.9471318406511569,7.6,5.6,0.0,0.3477021203233241,0.4200900558018819,2.352504272427629,False,
2018-09-26,,,,,,,,,,,,32.67278,44.72769,,,,,262.5450407460463,,,,0.9537845775561092,1.048454780598685,,,,55.81551904942953,,1.9653191589591208,7.8,5.7000003,0.0,,0.3447928175987903,1.9653191589591208,True,1.9653191589591208
2018-09-27,90.10953533333333,1.3979491333333327,8.182135788124999,39.232353333333336,37.62664083333333,0.19036218749999992,49.73954805624998,185.0233369583333,6.12523941802083,32.89110101458333,4.0683430479166685,32.69258,46.24097,0.0,0.0,0.0,0.0,260.70679181486406,82.63064907083331,83.9842959153125,,0.9094127085987741,1.099610760378314,36.16740859632592,0.983882143325412,90.86155085533264,54.69414225900674,1.7843988444108487,1.9621441701207984,9.900001,6.8,0.0,0.28855060515943204,0.35729330167885043,2.4295945195644717,False,
2018-09-28,89.55996481250001,1.7824651541666665,11.321388916666665,38.89558916666667,38.03552458333334,0.1619636354166666,55.88963579791667,170.77720520833338,6.550898761458334,36.152691765833346,1.7804086062500015,33.01412,45.13715,0.0,0.0,0.0,0.0,258.86327438138227,92.04232756375,83.00906605104169,,0.9094127085987741,1.099610760378314,39.753888882350815,1.1088225894163637,101.210733799365,61.45684491701419,2.004370598940883,2.2040274783813207,11.7,7.9,0.0,0.2789908166803397,0.3709714927276942,2.9306748279273824,False,
2018-09-29,90.87109504166663,1.5903878958333335,15.00722552083333,38.816789375,47.3974225,0.14431213541666665,48.26131542291666,204.89236520833325,11.043612875,38.65442946875,7.080000229166664,33.07333,44.46746,0.0,0.0,0.0,0.0,257.0151766349295,86.91574489166666,79.82748216666666,,0.9262739224397878,1.0795942493620236,41.731099766832436,1.088794767573915,93.83373836406,52.102638597227575,1.7306624155425652,1.8684131914067423,10.7,7.3,0.0,0.25594700583407193,0.4926824240949321,3.5965817898647194,False,
2018-09-30,42.06208227708333,2.3695036166666665,-14.238403145833333,36.29083520833333,68.96939895833333,0.25967157291666665,71.52221101458333,146.66934441666663,-15.660399302083334,22.617805390625005,-17.082395458333334,34.044470000000004,41.3922,0.0,0.0,3.0,3.0,255.16319645759728,94.14001640520834,57.72248157916666,,0.9262739224397878,1.0795942493620236,24.41805263290813,1.6309072969445164,101.63302034590949,77.21496771300136,2.558470861882627,2.7621104296487844,7.6,5.3,50.2,0.5211528924993883,0.5523168195979866,2.927279249215402,False,
2018-10-01,-6.995519624999999,2.3195916791666664,-21.874310028000004,34.34637520833333,86.42190583333333,0.4384849333333333,51.2093130625,81.14147875000002,-21.222502824416672,-0.9315727812499998,-20.570695620833334,33.25352,35.57577,0.0,0.0,3.0,3.0,253.30804087965848,50.27774028125,14.226983199416669,,0.9262739224397878,1.0795942493620236,-1.0057206174996862,3.5339705949263704,54.27955927855487,55.28527989605455,1.8283687925557042,1.9738964341561247,4.9,3.7,38.2,0.5334855158696089,0.610479481325927,2.25877411001586,False,
2018-10-02,96.65889770833336,2.1884417104166665,-5.7899997291666665,35.08483916666666,80.80305645833332,0.4383036937500001,94.75053071666666,182.3430787083333,-5.243688197916664,8.472416054166667,-4.697376666666664,32.395509999999994,38.3054,0.0,0.0,7.0,7.0,251.4504255203376,103.22294677083332,101.90258590625004,,0.9236870117868066,1.0826177993621144,9.172388423842165,1.0129570888985882,111.75099947671222,102.5786110528701,3.3853963180297453,3.6650903117939673,4.9,3.4,1.4,1.0779677085267516,0.6539591406003363,2.2234611404075477,False,
2018-10-03,112.85422315208332,1.3515801083333334,-6.579179183333332,35.95399729166667,76.84302333333333,0.3803654875,96.92551309375004,138.98144970833332,-6.3690687583333325,6.454362299999998,-6.158958333333335,33.85367,38.82795,0.0,0.0,0.0,0.0,249.59107401501976,103.37987539375004,119.22329191041663,,0.9288608330927691,1.0765875407517866,6.948686035678043,0.8671113985967506,111.29748581338349,104.34879977770544,3.466048845712114,3.7315050029307737,5.6,4.1,0.7,0.9101231926163136,0.6920181413844849,2.8372743136803957,False,
2018-10-04,103.25189466666666,1.9510359958333332,-15.128630895833325,35.13833437499999,52.12816395833333,0.31221994375,94.41506884583332,228.23692858333325,-17.389761833333335,11.590030070833338,-19.650892770833327,32.71719,38.40953,0.0,0.0,0.0,0.0,247.73071743001805,106.00509891666668,120.6416565,,0.9325523318587527,1.0723258801002742,12.428289196095006,0.8786774153475476,113.6720109909312,101.24372179483619,3.3735866119598628,3.6175842327643615,7.2000003,5.2000003,0.0,0.6956892372550144,0.6787640910472198,3.529573467641507,False,
2018-10-05,91.5396571458333,1.2838842125,-9.738161625000002,35.04395520833334,48.74953104166666,0.27859980833333325,71.56301025104166,203.26315729166674,-11.634754096875,9.732473284583332,-13.531346568750005,30.96741,38.88706,0.0,0.0,0.0,0.0,245.87009366603905,81.29548353562498,103.1744112427083,,0.9325523318587527,1.0723258801002742,10.436382980443225,0.7879423062021148,87.17525093051641,76.73886795007317,2.5568139744669858,2.741737795422991,6.4,4.7000003,0.0,0.5833484316012055,0.6677853293719845,3.1385912391032424,False,
2018-10-06,79.47946860416668,2.3101748333333334,-9.568171833333333,34.556325625,54.13634229166667,0.2411866083333333,73.66023208333331,195.69758270833336,-11.178136885416668,10.548066877916666,-12.788101937500004,29.4202,38.9678,0.0,0.0,0.0,0.0,244.00994685151315,84.20829896124998,90.65760548958336,,0.9325523318587527,1.0723258801002742,11.310965098218539,0.9288608330927691,90.29873829536942,78.98777319715084,2.6304914982534693,2.8207441109609404,7.7000003,5.4,0.0,0.5223600113231125,0.5994215995128568,3.236876694534725,False,
2018-10-07,76.21162895833334,2.4615571645833327,-9.652529937500002,33.85501458333333,41.24079729166665,0.20574710625,66.52492042291668,206.45607577500004,-12.665767507291667,12.415281029166666,-15.679005077083332,30.59504,37.65973,0.0,0.0,0.0,0.0,242.1510267269781,78.94020145208334,88.87739646562503,,0.9085264667868692,1.1006833995014365,13.66529372894886,0.8881921004809692,86.88816929160733,73.22287556265847,2.374056568106398,2.613084653992064,9.2,6.1,0.0,0.4283745401385317,0.534530539348545,3.26063623904932,False,
2018-10-08,77.72647708333334,1.0744325916666666,-11.740608500000004,32.47772562500001,45.80117520833333,0.17459258750000006,53.555959242500016,202.07630602083327,-14.662618634375004,21.64516104145833,-17.58462876875,27.3752,37.54678,0.0,0.0,0.0,0.0,240.29408802171474,75.20112028395835,92.38909571770834,,0.9288608330927691,1.0765875407517866,23.3029106948,0.8139609950695128,80.96058914828602,57.65767845348601,1.9086732391575112,2.054853828643332,6.4,4.5,0.0,0.4566341841429626,0.5276732022896623,2.3745294103034804,False,
2018-10-09,,,,,,,,,,,,27.47578,38.17094,,,,,238.4398898238564,,,,0.924261253497158,1.0819451710393213,,,,85.1552094974742,,2.9983984304142064,7.2000003,5.0,0.0,,0.5996796860828413,2.9983984304142064,True,2.9983984304142064
2018-10-10,83.53427058333338,2.2960519625,-4.705312354166668,33.673660625,57.33813416666666,0.1318536729166667,66.10169432937501,163.89261437499997,-9.6946240625,21.183283118749994,-14.683935770833333,28.69785,38.37059,0.0,0.0,0.0,0.0,236.5891949451941,87.284977448125,93.22889464583336,,0.924261253497158,1.0819451710393213,22.91915087709033,0.9362438306247364,94.43755985427492,71.51840897718459,2.358535897159227,2.55180652465432,7.0,4.9,0.0,0.520776831630443,0.7389873104453312,3.6210378916574446,False,
2018-10-11,87.9753939583333,1.5668972291666667,-7.418820874999998,33.47313062500002,61.39068020833333,0.26009204375,71.86496039083333,206.86396833333333,-8.002075396875002,20.124262012208334,-8.58532991875,30.693590000000004,36.77474,0.0,0.0,0.0,0.0,234.7427692819145,91.9892224030417,95.9774693552083,,0.9325523318587527,1.0723258801002742,21.579766973609818,0.9584460084334344,98.64242387308151,77.0626568994717,2.563670373783235,2.749090089854106,6.0,4.2000003,0.0,0.6545452149017187,0.8411065585866889,3.5326477867066095,False,
2018-10-12,70.12058295833332,1.8280851500000004,-11.457396798750002,33.386408541666675,71.5804789583333,0.5141822479166668,82.56347467083334,79.00331229166669,-10.637763516041666,-2.92106041875,-9.818130233333337,31.20556,36.61361,0.0,0.0,0.0,0.0,232.90138117250882,79.64241425208334,80.75834647437497,,0.935627088239562,1.0688018897374592,-3.1220348955972934,0.9861818341879284,85.1219628558802,88.24399775147751,2.9450742106588064,3.147700881769188,4.4,3.1000001,10.6,1.0153873343602788,0.9540653977841461,2.9576028696110024,False,
2018-10-13,95.0123993958333,2.2281357999999996,-14.928915420833327,32.93966062500001,70.31234333333336,0.4408590875,110.4869197145834,209.30040175833332,-14.665224411458338,-0.9068153999999988,-14.40153340208333,30.33396,35.6965,0.0,0.0,0.0,0.0,231.06580075408604,109.5801043145834,109.67762380729164,,0.935627088239562,1.0688018897374592,-0.9692060131630286,0.9991108533416116,117.11942256905458,118.08862858221764,3.939399885951835,4.210438042536851,4.2000003,3.1000001,6.0,1.3582057574980513,0.9398793896650712,2.9136262424125463,False,
2018-10-14,110.70721916666668,0.9857704166666664,-12.520790979166668,32.672064375,66.34603333333332,0.38617935625,84.71236416145831,161.93696533333332,-11.212973060416665,9.747169482708333,-9.905155141666668,29.07232,36.16346,0.0,0.0,0.0,0.0,229.23679931833283,94.45953364416664,121.92019222708336,,0.935627088239562,1.0688018897374592,10.417793162709957,0.7747652945644176,100.95852806260442,90.54073489989443,3.0196234398318698,3.227379238787828,3.9,3.1000001,0.0,1.0410900289866791,1.000762109390023,3.1023626822692387,False,
2018-10-15,84.1264402083333,4.293193589583335,-30.791861375,31.247142916666665,23.101970625,0.29394773125,179.0185054166666,186.86716430229168,-34.134988520833346,-59.30351418749999,-37.47811566666668,28.49584,33.88284,0.0,0.0,0.0,0.0,227.41514866834027,119.7149912291666,118.26142872916668,,0.9362438306247364,1.0680978258972562,-63.34195457173583,1.0122910953775872,127.86732185918191,191.2092764309177,6.37237821381068,6.806323315966227,9.2,6.0,0.0,1.1343872193277045,1.0281361710331989,6.168817026199192,False,
2018-10-16,77.36517833333336,2.9788620104166665,-15.707231791666665,31.51884895833333,22.835909791666666,0.2447861979166667,116.87451216666665,169.74264487166667,-17.935852553125,-29.22980657708334,-20.16447331458334,28.02892,34.5033,0.0,0.0,0.0,0.0,225.60162047752314,87.64470558958332,95.30103088645836,,0.9362438306247364,1.0680978258972562,-31.220292856380038,0.9196616739015469,93.61311949163904,124.83341234801908,4.161388132926087,4.444769617492996,7.9,5.2000003,0.0,0.8547633409506236,0.9955704698782564,5.17696672820193,False,
2018-10-17,84.89371750000002,2.3534266916666664,-10.948572166666665,31.076923124999997,44.83493708333333,0.21383224375,99.57740493958332,132.6034141770833,-13.421718834375005,-6.569976320833335,-15.894865502083334,26.30531,35.154720000000005,0.0,0.0,0.0,0.0,223.79698565183315,93.00742861875,98.31543633437502,,0.935627088239562,1.0688018897374592,-7.022003107237027,0.9460104342356548,99.4065154673418,106.42851857457886,3.543990252254199,3.7878234788204215,5.8,4.0,0.0,0.9469558697051054,0.9059188558925908,3.623675423570364,False,
2018-10-18,84.5922354166667,1.9597979208333332,-6.7715284812500025,32.54100083333333,40.538135208333344,0.1946946,101.41239234958331,156.20011213958338,-9.448962845833336,-12.704995589583328,-12.126397210416668,27.68643,36.91302,0.0,0.0,0.0,0.0,222.00201369645688,88.70739676,94.04119826250003,,0.9286015145407478,1.0768881854500991,-13.681859646617903,0.9432822890281382,95.5279475328784,109.20980717949635,3.614444605625282,3.8923526927617096,6.8,4.6,0.0,0.8461636464039486,0.8582705222816178,3.9480443206443865,False,
2018-10-19,83.2216652083333,1.9422139104166665,-3.665691979166669,33.13504458333335,39.479713125,0.17713152499999996,99.63915387916668,169.3748450625,-6.448052635416667,-15.797039985416667,-9.230413291666665,26.94122,38.09039,0.0,0.0,0.0,0.0,220.21747208816825,83.84211389375,89.66971784374998,,0.9209271785643276,1.0858621868006353,-17.153408383541613,0.9350103458543872,91.04098113865533,108.19438952219693,3.5533003273777126,3.858394463845777,7.3,4.9,0.0,0.7874274262756827,0.8122510727739366,3.980030334054588,False,
2018-10-20,90.89038943750002,1.3272486708333335,-2.785835708333334,34.27520187499999,41.800121875,0.1608758520833333,82.9276537775,141.27216527083337,-3.9057179375,0.07454681312500015,-5.025600166666665,29.35317,39.90487,0.0,0.0,0.0,0.0,218.44412565448133,83.002200590625,94.79610737500002,,0.9209271785643276,1.0858621868006353,0.08094756551893098,0.8755865919924328,90.12895104260105,90.0480034770821,2.9606295633009796,3.2148356919126115,6.5,4.4,0.0,0.7306444595983924,0.9333888507140226,4.106911032156597,False,
2018-10-21,78.4360079166667,0.8812234104166666,-6.5737695625000026,33.103840416666664,53.252133125,0.1478752729166667,69.43499000208332,202.912325625,-7.0189598958333335,3.907635133333332,-7.464150229166667,28.09362,39.20569,0.0,0.0,0.0,0.0,216.6827359607244,73.34262513541665,85.45496781250003,,0.9209271785643276,1.0858621868006353,4.243153231100323,0.858260520281752,79.63998331524277,75.39683008414247,2.4760935918403493,2.6886964023588016,5.1,3.8,0.0,0.7075516937098673,0.9281223401233232,3.5268648482123064,False,
2018-10-22,,,,,,,,,,,,27.41423,38.89591,,,,,214.93406070612716,,,,0.9209271785643276,1.0858621868006353,,,,87.85101304358672,,3.0933203168034185,4.2000003,3.2,0.0,,0.9666625845966732,3.0933203168034185,True,3.0933203168034185
2018-10-23,99.06556316458334,1.7009480479166668,-14.322124570208333,34.05364125,51.61008708333333,0.5053509479166666,130.30808857500003,178.88996839583328,-13.17502283822917,-26.80064140208333,-12.027921106249998,29.61515,38.30399,0.0,0.0,0.0,0.0,213.1988531299785,103.5074471729167,112.2405860028125,,0.9190059146054412,1.088132278701745,-29.162642999517264,0.9221926832271083,112.62979435486632,141.7924373543836,4.65116990091144,5.061088102907734,4.4,3.2,0.0,1.5815900085911392,1.05379187430898,3.3721340480374487,False,
2018-10-24,86.09296677083336,1.1539227999999997,-11.381091737499998,33.794891458333325,48.94888541666668,0.4219566645833333,80.26090308958334,138.98870231874997,-9.823254368750002,-3.994702683333333,-8.265416999999998,29.38473,39.33731,0.0,0.0,0.0,0.0,211.4778614288801,76.26620040625002,95.91622113958336,,0.9202714192682222,1.0866359413782252,-4.340787510830038,0.7951334977559491,82.87359447378587,87.2143819846159,2.8640808846198964,3.112213228242321,4.6,3.4,0.0,0.91535680616091,1.163214320272301,3.9549287998585863,False,
2018-10-25,85.70799229166666,0.9150064583333334,-11.688643125,33.49545125,46.93649312499999,0.3897875604166667,80.60064830625002,179.11123306250005,-10.242206648229168,-3.0379881812500003,-8.795770171458335,27.75043,39.99155,0.0,0.0,0.0,0.0,209.77182818607898,77.56266012500002,95.95019893989584,,0.9202714192682222,1.0866359413782252,-3.301187147228516,0.8083637239104219,84.2823742007287,87.58356134795723,2.8753649793639284,3.1244749311571027,3.7,2.9,0.0,1.0774051132440496,1.1943381241272617,3.4635806738700183,False,
2018-10-26,83.18104749999998,1.5365172124999995,-15.966924833333325,33.133056458333336,47.97442375,0.3459500833333334,124.38383139166667,211.96580033333333,-14.2636271875,-34.89549925833334,-12.560329541666668,26.90687,38.85696,0.0,0.0,0.0,0.0,208.08148981382544,89.48833213333332,97.44467468749998,,0.9150073867708871,1.092887352012596,-38.13684978159744,0.9183501553093358,97.8006663412224,135.9375161228198,4.435728679979012,4.847751771308589,5.3,3.7,0.0,1.310203164549523,1.1225476912551666,4.153426511171362,False,
2018-10-27,80.81848958333332,1.1175569395833331,-9.04425944375,33.081494166666666,49.49564354166667,0.29266035416666664,105.21313278541668,117.11645879166667,-8.426964992708337,-11.040590795833333,-7.8096705416666685,27.4941,39.40273,0.0,0.0,0.0,0.0,206.40757600965438,94.17254198958337,89.24545457604167,,0.9015615288931518,1.1091866366876826,-12.24607577187536,1.0552082729249093,104.45492511775555,116.70100088963088,3.7518820264210713,4.161537406134955,4.3,3.0,0.0,1.3871791353783185,1.0796753677915267,3.23902610337458,False,
2018-10-28,63.43522564583333,1.0808230458333332,-8.493034458333335,33.06937333333334,51.36737875,0.2662490520833334,79.45913119791666,105.3726599375,-7.804822891666664,-10.156117372291666,-7.1166113249999965,28.00105,39.48754,0.0,0.0,0.0,0.0,204.75080922744428,69.303013825625,71.2400485375,,0.9052515814850336,1.1046652891338062,-11.219110333539446,0.9728097502508668,76.55663380552821,87.77574413906765,2.83346533988864,3.130030808938703,5.0,3.5,0.0,0.8942945168396293,1.136381454902434,3.977335092158518,False,
2018-10-29,76.55378937500002,1.0882349645833334,-8.850167333333333,33.05946666666666,55.67532875000001,0.2530448395833333,80.78690503583333,174.660910825,-7.712300799999999,-13.566793129166667,-6.5744342666666675,28.34216,38.43785,0.0,0.0,0.0,0.0,203.11190416405748,67.22011190666666,84.266090175,,0.9052515814850336,1.1046652891338062,-14.986765454649431,0.7977124815814638,74.25572435498474,89.24248980963415,2.8807851553148662,3.1823033665282736,6.9,4.6,0.0,0.6918050940225975,1.1376055663243254,5.232985496601376,False,
2018-10-30,75.5142882291667,1.81201413125,-13.946632045833333,32.858752499999994,50.67678687500001,0.4884551000000001,124.52221147916669,259.31047333333333,-11.743105127083332,-44.97273327708333,-9.539578208333333,27.93519,36.93365,0.0,0.0,0.0,0.0,201.4915672623161,79.54947820208334,87.25739335625002,,0.9116646182324379,1.096894603564663,-49.33034843918564,0.9116646182324379,87.25739335625,136.5877417954357,4.4394768208197615,4.869638167407602,5.5,3.8,0.0,1.28148374434566,1.1063154858757636,4.2039987935746685,False,
2018-10-31,56.49673291666667,3.511790125,-28.30553520833334,31.4501525,23.72825770833333,0.5325224854166667,191.53737320833343,256.1653547916667,-24.58445578958333,-100.97341377083332,-20.863376370833333,27.48149,33.85504,0.0,0.0,0.0,0.0,199.8904962310072,90.56395943750013,81.08118870625,,0.9116646182324379,1.096894603564663,-110.75719266872886,1.1169540171100023,99.33911838444293,210.09631105317183,6.819348934697628,7.480107046294261,9.1,5.7000003,0.0,1.3122994159372607,1.083893465351813,6.178193062609743,False,
2018-11-01,67.98929514583332,1.680337529166667,-17.990952439583335,30.39944520833333,29.29926895833333,0.4368986458333333,106.5529850375,222.38672474374997,-16.297557738541652,-26.988124479166668,-14.6041630375,25.41771,35.42699,0.0,0.0,0.0,0.0,198.30937958256598,79.56486055833331,84.28685288437498,,0.9183501553093358,1.08890927302469,-29.38761900690922,0.943977119035168,86.63891446888556,116.02653347579478,3.789756267667363,4.126700742366431,6.0,3.8,0.0,1.08597389319729,1.1048859051958804,4.198566387059279,False,
2018-11-02,71.2847686666667,1.2079097583333334,-8.963235416666663,30.916071666666678,46.30805041666665,0.4049233520833335,77.18444544375,150.31144927083338,-8.242435697916669,-9.906297429374998,-7.521635979166668,25.5135,37.92242,0.0,0.0,0.0,0.0,196.7488961890139,67.27814801437499,79.52720436458334,,0.9322584833549018,1.0726638779422184,-10.626127416642415,0.8459765252899628,72.16683914987004,82.79296656651245,2.746588317571515,2.9461660758370547,4.0,2.7,0.0,1.091172601409589,1.1152586959466626,3.011198532235668,False,
2018-11-03,73.25930928124998,1.47045765625,-10.965826583333332,31.352936041666666,48.76834020833334,0.3735623666666667,99.86982572291664,165.07895784375003,-10.128296728125003,-25.53324059166667,-9.290766872916667,24.79678,37.29543,0.0,0.0,0.0,0.0,195.20971485668036,74.33658513124995,83.38760600937498,,0.9322584833549018,1.0726638779422184,-27.388584869488835,0.8914584395538654,79.73816967986843,107.12675454935729,3.5553519874317905,3.8136976502881583,4.5,3.1000001,0.0,1.2302249917106651,1.0597182274321924,3.2851266566337047,False,
2018-11-04,49.94920062291669,1.5379726187499996,-9.284208479166663,32.79947312500001,33.43595354166666,0.3251127645833333,87.13205380541666,155.80536702083333,-7.895076822916664,-35.13938764460415,-6.505945166666664,28.54254,36.20813,0.0,0.0,0.0,0.0,193.6924939201659,51.99266616081251,57.84427744583335,,0.9322584833549018,1.0726638779422184,-37.69275181937597,0.8988385447376291,55.770654908612286,93.46340672798826,3.1062602410330022,3.3319731560441888,4.8,3.2,0.0,1.0412415957481005,0.9824367659468842,3.143797697876265,False,
2018-11-05,69.51288527083331,0.9595914354166664,-8.943386912500003,31.35483729166667,48.32334145833333,0.2982479562500001,76.06761690791667,152.45795595833332,-8.035395605208336,-7.58659470625,-7.127404297916668,25.18329,37.62366,0.0,0.0,0.0,0.0,192.19788085594516,68.48102220166668,77.54828087604164,,0.9322584833549018,1.0726638779422184,-8.13786609798203,0.8830759551089381,73.45711884028694,81.59498493826898,2.708001653210349,2.904775554806552,5.8,3.8,0.0,0.7644146292780742,1.0859607867341652,4.126650937807182,False,
2018-11-06,68.4453244583333,0.8732757666666667,-6.053066,31.443880833333324,58.504206875,0.2857560875000001,71.00709527708334,132.27910699791667,-5.7324263125,0.3357448687499998,-5.411786625000001,26.14816,37.83418,0.0,0.0,0.0,0.0,190.72651191594287,71.34284014583334,74.1777507708333,,0.943977119035168,1.0593477106967304,0.3556705580884865,0.9617821975519558,75.57687438309135,75.22120382500285,2.528066438612231,2.678101394233103,4.2000003,3.0,0.0,0.8927004647443676,1.1351311421437598,3.4053934264312797,False,
2018-11-07,65.52339047916664,0.8283766458333334,-2.7217101229166687,31.567347499999997,67.10642729166666,,61.72154619375002,168.27403752083333,-3.1681940916666664,2.3167662575000003,-3.6146780604166655,27.0122,37.27237,0.0,0.0,0.0,0.0,189.27901178134744,64.03831245125002,68.6915845708333,,0.9497617714405008,1.0528956103205784,2.4393130226605853,0.9322584833549018,67.42565807225878,64.98634504959821,2.1977369208669826,2.3139875566203103,4.2000003,3.0,0.0,0.7713291855401034,1.0727572697779335,3.2182718093338014,False,
2018-11-08,61.04421527083332,2.6460542875,-16.54781339791667,31.03078145833333,55.01691937499999,0.7749201125000001,168.0930995341666,96.16728151875004,-15.056619521875,-85.16409937458333,-13.565425645833335,27.33811,34.24228,0.0,0.0,0.0,0.0,187.85599323686017,82.92900015958328,76.10083479270833,,0.943977119035168,1.0593477106967304,-90.2183937060137,1.0897252360696732,87.85064646942335,178.06904017543704,5.982216293563236,6.3372471354788935,5.2000003,3.5,0.0,1.810642038708256,1.1203913727868184,3.9213698047538648,False,
2018-11-09,47.07282756208334,3.7373187895833317,-26.790227720833343,30.068366249999997,19.491183125000013,0.5659775500000003,195.54256062500005,175.9688328354167,-23.349754907291665,-118.41610083333336,-19.90928209375,28.36678,32.31942,0.0,0.0,0.0,0.0,186.45805686551086,77.12645979166669,70.422582469375,,0.9497617714405008,1.0528956103205784,-124.67979275869568,1.0951949940945014,81.20611095421246,205.88590371290817,6.952599808252119,7.320361818424352,8.400001,5.1,0.0,1.4353650892767518,1.1531713733920939,5.881173894324688,False,
2018-11-10,51.08342145833334,1.1695781729166663,-14.9048845,30.04871395833333,25.48552187499999,0.4583050666666666,75.13687197083333,237.94173312500004,-13.989347802083339,-17.576944216875006,-13.073811104166673,25.30498,35.68969,0.0,0.0,0.0,0.0,185.0857907641005,57.55992775395832,65.07276926041668,,0.9617821975519558,1.0397364419359398,-18.27538944016011,0.88454707565322,59.8471544809904,78.12254392115051,2.6714727752090504,2.7776275980245897,5.7000003,3.5,0.0,0.7936078851498828,1.1767527067073529,4.118634473475734,False,
2018-11-11,33.15654354166669,2.7997129791666677,-24.147479747916673,27.48154312500001,36.75478666666667,0.4030477270833334,141.65968603499996,113.74491937291668,-21.408475603125012,-84.60886522708334,-18.669471458333327,20.919220000000006,32.3659,0.0,0.0,0.0,0.0,183.73977027926028,57.050820807916615,54.5650191447917,,0.9617821975519558,1.0397364419359398,-87.97092048744511,1.0455566900201885,59.317817436348115,147.28873792379326,5.024143549881551,5.223785138329249,6.1,3.8,0.0,1.3746803168102932,1.1417516007670478,4.338656028471823,False,
2018-11-12,36.34331416666669,2.567762564583333,-20.718297345833328,27.58432375000001,23.433757291666666,0.3317821583333332,132.05212714583334,137.78919989875,-18.83646074583333,-68.72021663541666,-16.95462414583333,23.65857,31.020290000000006,0.0,0.0,0.0,0.0,182.42055776405087,63.33191051041668,55.17977491250002,,0.9617821975519558,1.0397364419359398,-71.45091353357512,1.147737746499396,65.848495295106,137.29940882868112,4.6838656438155635,4.869985799006787,8.1,4.9,0.0,0.9938746335150028,0.9678943768725036,4.742682538980868,False,
2018-11-13,36.323109625,2.0821632666666665,-18.44376535416666,26.796085208333324,25.89041270833333,0.2823761874999999,115.41382013124998,188.56573528187505,-16.8967641875,-52.85630697083334,-15.349763020833334,22.20701,30.69477,0.0,0.0,0.0,0.0,181.12870235495345,62.55751316041664,53.2198738125,,0.9667941439619596,1.0343463561973611,-54.671728517330635,1.175453992634674,64.70613579024541,119.37786430757605,4.090582585276094,4.231079191804709,6.5,4.0,0.0,1.057769797951177,0.927569600564098,3.710278402256392,False,
2018-11-14,21.4820436875,1.2776001645833337,-17.835438068749994,26.23558125000001,35.128876041666665,0.2566272520833333,57.45838510416666,144.2508127875,-16.362449136458338,-21.51513256041667,-14.889460204166667,21.55493,31.08179,0.0,0.0,0.0,0.0,179.86473976903343,35.94325254374999,37.84449282395833,,0.9667941439619596,1.0343463561973611,-22.254098966970183,0.9497617714405008,37.177772298509346,59.43187126547953,2.035377959440676,2.1052857758318835,6.6,4.0,0.0,0.5263214439579709,0.9487667355094088,3.795066942037635,False,
2018-11-15,50.5924925,0.8842057854166671,-13.887762645833336,27.095386041666657,37.772309791666665,0.2489783333333333,56.65953788791669,185.99136375,-12.705720708333335,-1.074825122916667,-11.52367877083333,20.55807,34.13384,0.0,0.0,0.0,0.0,178.62919212099186,55.58471276500003,63.29821320833334,,0.9667941439619596,1.0343463561973611,-1.1117414494382354,0.8781403130931063,57.49384510875473,58.60558655819296,2.00875184372585,2.077745150062564,5.6,3.5,0.0,0.5936414714464469,0.8768963330741747,3.069137165759612,False,
2018-11-16,47.25435187500002,1.129180916666667,-12.737440233333334,26.89636583333332,45.240032916666664,0.2438538395833333,72.33627419583333,128.66272359375,-11.46836091875,-7.1362423083333315,-10.19928160416667,21.80699,33.92563,0.0,0.0,0.0,0.0,177.422567759752,65.20003188749999,58.72271279375002,,0.9667941439619596,1.0343463561973611,-7.381346228566026,1.1103034717844191,67.43941540678739,74.8207616353534,2.564045143966708,2.652110751787503,3.5,2.3,0.0,1.1530916551179122,0.9077276557341364,2.0877735649046865,False,
2018-11-17,45.86882333333332,0.7264724041666667,-12.691626193749995,26.422625,53.97626916666666,0.24057857291666665,55.75446306541666,167.37144729166667,-11.717449221875,1.3334863250000002,-10.743272249999995,20.35423,33.26367,0.0,0.0,0.0,0.0,176.24536112415862,57.08794939041667,57.58627255520832,,0.9531954195747262,1.0491028171811358,1.39896426023002,0.9913464938312528,59.891128532580225,58.49216427235021,1.9753767089991507,2.0723732704050097,3.3,2.2,0.0,0.9419878297670591,0.905305408325892,1.9916719414852881,False,
2018-11-18,51.21160729166669,0.9559992375000004,-7.561668018750002,27.88467895833332,54.72972458333332,0.2434815062499999,54.62448458395833,166.3452259083334,-6.8852573447916665,0.7531806791666674,-6.208846670833332,23.118170000000006,34.10667,0.0,0.0,0.0,0.0,175.09805261730477,55.377665263125,58.096864636458356,,0.9667941439619596,1.0343463561973611,0.7790496910542962,0.9531954195747262,57.279686279630525,56.50063658857622,1.9380850484800012,2.004651207895876,3.3,2.3,0.0,0.8715874997636549,0.9505286686466422,2.1862158925625383,False,
2018-11-19,48.51542895833333,1.328951925,-10.1943900625,27.701363125,46.84739041666668,0.2814060250000001,72.5310378375,129.97444070833333,-9.176582493749997,-18.369966583333333,-8.158774925000001,21.8441,33.20922,0.0,0.0,0.0,0.0,173.98110849893868,54.16107125416666,57.69201145208333,,0.9667941439619596,1.0343463561973611,-19.000907998938125,0.938796722300984,56.021306699492925,75.02221469843104,2.5729549917526056,2.6613266203791186,3.3,2.2,0.0,1.2096938921347358,0.9184889113830572,2.02067564883969,False,
2018-11-20,52.17189485416667,0.8299797937500001,-6.236602166666665,29.07657645833334,40.96920020833333,0.5645698312499999,61.44550968125,100.07109220833335,-5.579868114583332,-5.611443439583334,-4.923134062500002,24.49574,34.76359,0.0,0.0,0.0,0.0,172.89498079533786,55.83406624166667,57.75176296875001,,0.9531954195747262,1.0491028171811358,-5.8869811209194784,0.9667941439619596,58.575676188810654,64.46265730973015,2.1826182882512994,2.289790995035507,3.3,2.2,0.0,1.0408140660934655,0.8690274888081725,1.9118605168164395,False,
2018-11-21,51.33365145833336,0.6425909645833331,-9.141111304166673,27.506072916666664,57.36977520833333,0.4987095854166666,49.65685758958333,174.14698535416667,-8.616128714583331,3.336915845833335,-8.091146125,22.50902,33.69898,0.0,0.0,0.0,0.0,171.84010722598438,52.993773435416664,59.94978017291669,,0.9497617714405008,1.0528956103205784,3.5134240460870982,0.8839694371282696,55.79691142447349,52.28348737838639,1.7611863965073855,1.854345425838944,3.2,2.2,0.0,0.8428842662032228,0.9024893095467896,1.9854765240369807,False,
2018-11-22,18.821210145833344,0.9281115708333332,-3.0201917395833333,28.204738749999994,71.839609375,0.4728826000000001,26.68611184208332,187.3317468333333,-2.878528417708333,-9.716728948333332,-2.7368650958333336,24.98131,31.88836,0.0,0.0,0.0,0.0,170.81691114631406,16.969382893749984,21.69973856354168,,0.9497038689683049,1.0529598042875548,-10.231325011752283,0.7820086331482679,17.868078090683557,28.09940310243585,0.9471212235979256,0.9972805782362612,4.0,2.7,0.0,0.3693631706013529,0.9694920627198268,2.6176286155725164,False,
2018-11-23,41.51609583333333,0.7547169770833334,-8.550357087499998,26.85458083333334,68.47096979166666,0.4425813333333333,47.73663281458331,137.76591753749997,-8.589001814583337,4.5073593500625,-8.627646541666666,21.81116,33.32706,0.0,0.0,0.0,0.0,169.82580150576123,52.24399216464582,50.10509764791666,,0.9531954195747262,1.0491028171811358,4.728683392198303,1.0426881618265458,54.8093193607191,50.08063596852082,1.6920131592534466,1.7750957720803449,3.3,2.2,0.0,0.8068616970937186,1.001096015235131,2.202411281253266,False,
2018-11-24,52.57713160416667,0.7588114062500001,-6.7619848458333305,27.43389708333333,69.32355333333335,0.4148090395833333,53.54639064937501,160.69855239583333,-6.946089688541669,1.3413256583333333,-7.130194531249999,22.20185,33.32836,0.0,0.0,0.0,0.0,168.86717282027328,54.88771630770834,59.52322129270834,,0.9497038689683049,1.0529598042875548,1.4123620026845425,0.922122746646982,57.79455902115541,56.38219701847086,1.8990041455884887,1.9995750334801103,2.4,1.7,0.0,1.176220574937378,1.0074790593985374,1.7127144490178587,False,
2018-11-25,51.83462324999999,1.5333662479166659,-6.833657583333334,28.40481625,56.84674562500002,0.3776221229166666,92.90922363979166,133.79429757499997,-6.698305552083338,-35.45709049374999,-6.562953520833332,23.58349,33.2077,0.0,0.0,0.0,0.0,167.94140515841832,57.45213314604167,58.53292880208333,,0.946212318361884,1.0568452561801722,-37.47265788627076,0.9815352541183076,60.71801437282578,98.19067225909654,3.2980966499374573,3.48557779891012,4.0,2.6000001,0.0,1.3406067719749166,0.9931768184097888,2.5822598699405344,False,
2018-11-26,41.75774147916668,2.1633105458333333,-11.086477572916666,28.74141395833334,27.23536145833333,0.31524966041666674,122.00011674999998,227.3227593708333,-9.989356421875002,-64.93581445833333,-8.892235270833334,25.3575,32.11079,0.0,0.0,0.0,0.0,167.0488641401714,57.06430229166665,51.74709790104168,,0.9461082002232344,1.0569615608067342,-68.63465980213648,1.1027536732744567,60.31477401654728,128.94943381868376,4.332181253508127,4.578949059405623,5.1,3.2,0.0,1.4309215597418643,1.0971457597111949,3.51086648339181,False,
2018-11-27,46.42891479166667,0.9469625645833334,-7.975804895833335,28.890056458333326,34.09860854166667,0.2789717312500001,60.73330032708333,180.5104970833333,-7.484198734375003,-9.7200481875,-6.992592572916664,23.00223,35.3325,0.0,0.0,0.0,0.0,166.18990094742549,51.01325213958334,53.91311352604167,,0.946212318361884,1.0568452561801722,-10.272586816802058,0.946212318361884,53.91311352604168,64.18570034284375,2.156929247635373,2.2795404432797124,3.4,2.1000001,0.0,1.0854953752373109,1.15520257223469,2.4259255669459034,False,
2018-11-28,51.27049125,0.9097182270833334,-7.457871697916665,27.73997499999999,53.700300416666686,0.2641435375,65.37078663187499,158.60825289583332,-6.9712309651041675,-10.27387966875,-6.484590232291663,22.89523,33.82567,0.0,0.0,0.0,0.0,165.36485234524045,55.096906963124994,58.24172221510417,,0.9461082002232344,1.0569615608067342,-10.859095890222573,0.9460040820845848,58.235312779368016,69.09440866959059,2.319040130789361,2.4511362762125763,5.3,3.3,0.0,0.7427685792819825,1.149948071559018,3.7948285813109615,False,
2018-11-29,,,,,,,,,,,,22.90904,26.979,,,,,164.57404071281226,,,,0.946212318361884,1.0568452561801722,,,,92.5616230461081,,3.2591855142611563,4.5,3.0,1.0,,1.0863951714203852,3.2591855142611563,True,3.2591855142611563
