date,theta_3,sw_in,ws,Rn,t_avg,theta_4,rh,G,sw_out,lw_out,H,t_dew,vp,LE,wd,vpd,lw_in,theta_1,theta_2,es,theta_mean,t_min,t_max,H_subday_gaps,G_subday_gaps,Rn_subday_gaps,LE_subday_gaps,rso,flux,energy,ebr_corr,ebr_5day_clim,LE_corr,ebc_cf,H_corr,ebr,flux_corr,ET,ET_corr,gridMET_ETr,gridMET_ETo,gridMET_prcp,EToF,EToF_filtered,ET_fill,ET_gap,ET_fill_val,ASCE_ETo
2015-01-01,,,,,,,,,,,,,,,,,,,,,,,,48.0,48.0,48.0,48.0,78.39164820375379,,,,,,,,,,,,0.5,0.3,0.0,,,,False,,
2015-01-02,,,,,,,,,,,,,,,,,,,,,,,,48.0,48.0,48.0,48.0,78.87349966273587,,,,,,,,,,,,0.6,0.4,2.9,,,,False,,
2015-01-03,,,,,,,,,,,,,,,,,,,,,,,,48.0,48.0,48.0,48.0,79.39497071530072,,,,,,,,,,,,0.1,0.1,2.2,,,,False,,
2015-01-04,,,,,,,,,,,,,,,,,,,,,,,,48.0,48.0,48.0,48.0,79.95607144555787,,,,,,,,,,,,0.1,0.1,14.400001,,,,False,,
2015-01-05,,,,,,,,,,,,,,,,,,,,,,,,48.0,48.0,48.0,48.0,80.55680897482449,,,,,,,,,,,,0.1,0.1,12.400001,,,,False,,
2015-01-06,,,,,,,,,,,,,,,,,,,,,,,,48.0,48.0,48.0,48.0,81.19718685380279,,,,,,,,,,,,0.2,0.2,0.3,,,,False,,
2015-01-07,,,,,,,,,,,,,,,,,,,,,,,,48.0,48.0,48.0,48.0,81.87720442953686,,,,,,,,,,,,0.2,0.1,0.0,,,,False,,
2015-01-08,,,,,,,,,,,,,,,,,,,,,,,,48.0,48.0,48.0,48.0,82.59685619029808,,,,,,,,,,,,0.0,0.0,0.0,,,,False,,
2015-01-09,,,,,,,,,,,,,,,,,,,,,,,,48.0,48.0,48.0,48.0,83.35613109161177,,,,,,,,,,,,0.3,0.2,0.0,,,,False,,
2015-01-10,,,,,,,,,,,,,,,,,,,,,,,,48.0,48.0,48.0,48.0,84.15501186668314,,,,,,,,,,,,0.5,0.3,3.6000001000000004,,,,False,,
2015-01-11,,,,,,,,,,,,,,,,,,,,,,,,48.0,48.0,48.0,48.0,84.9934743245034,,,,,,,,,,,,0.2,0.1,0.0,,,,False,,
2015-01-12,,,,,,,,,,,,,,,,,,,,,,,,48.0,48.0,48.0,48.0,85.8714866389199,,,,,,,,,,,,0.6,0.4,0.0,,,,False,,
2015-01-13,,,,,,,,,,,,,,,,,,,,,,,,48.0,48.0,48.0,48.0,86.78900863194106,,,,,,,,,,,,0.90000004,0.5,0.0,,,,False,,
2015-01-14,,,,,,,,,,,,,,,,,,,,,,,,48.0,48.0,48.0,48.0,87.74599105451048,,,,,,,,,,,,0.8,0.5,0.0,,,,False,,
2015-01-15,,,,,,,,,,,,,,,,,,,,,,,,48.0,48.0,48.0,48.0,88.74237486793682,,,,,,,,,,,,0.8,0.5,0.0,,,,False,,
2015-01-16,,,,,,,,,,,,,,,,,,,,,,,,48.0,48.0,48.0,48.0,89.77809052909966,,,,,,,,,,,,1.2,0.8,1.4,,,,False,,
2015-01-17,,,,,,,,,,,,,,,,,,,,,,,,48.0,48.0,48.0,48.0,90.85305728247026,,,,,,,,,,,,0.90000004,0.5,6.8,,,,False,,
2015-01-18,,,,,,,,,,,,,,,,,,,,,,,,48.0,48.0,48.0,48.0,91.96718246189674,,,,,,,,,,,,2.0,1.2,1.7,,,,False,,
2015-01-19,,,,,,,,,,,,,,,,,,,,,,,,48.0,48.0,48.0,48.0,93.1203608049932,,,,,,,,,,,,1.2,0.7,0.0,,,,False,,
2015-01-20,,,,,,,,,,,,,,,,,,,,,,,,48.0,48.0,48.0,48.0,94.31247378286378,,,,,,,,,,,,0.6,0.4,0.0,,,,False,,
2015-01-21,,,,,,,,,,,,,,,,,,,,,,,,48.0,48.0,48.0,48.0,95.54338894776377,,,,,,,,,,,,0.6,0.4,0.0,,,,False,,
2015-01-22,,,,,,,,,,,,,,,,,,,,,,,,48.0,48.0,48.0,48.0,96.81295930117248,,,,,,,,,,,,0.8,0.5,0.0,,,,False,,
2015-01-23,,,,,,,,,,,,,,,,,,,,,,,,48.0,48.0,48.0,48.0,98.12102268461297,,,,,,,,,,,,1.3000001,0.8,1.4,,,,False,,
2015-01-24,,,,,,,,,,,,,,,,,,,,,,,,48.0,48.0,48.0,48.0,99.46740119541315,,,,,,,,,,,,2.2,1.3000001,1.0,,,,False,,
2015-01-25,,,,,,,,,,,,,,,,,,,,,,,,48.0,48.0,48.0,48.0,100.85190062945487,,,,,,,,,,,,1.9,1.1,0.0,,,,False,,
2015-01-26,,,,,,,,,,,,,,,,,,,,,,,,48.0,48.0,48.0,48.0,102.27430995281078,,,,,,,,,,,,1.7,1.0,0.0,,,,False,,
2015-01-27,,,,,,,,,,,,,,,,,,,,,,,,48.0,48.0,48.0,48.0,103.73440080401541,,,,,,,,,,,,1.4,0.8,0.0,,,,False,,
2015-01-28,,,,,,,,,,,,,,,,,,,,,,,,48.0,48.0,48.0,48.0,105.23192702856852,,,,,,,,,,,,1.2,0.7,0.0,,,,False,,
2015-01-29,,,,,,,,,,,,,,,,,,,,,,,,48.0,48.0,48.0,48.0,106.76662424711449,,,,,,,,,,,,0.6,0.4,0.0,,,,False,,
2015-01-30,,,,,,,,,,,,,,,,,,,,,,,,48.0,48.0,48.0,48.0,108.3382094585928,,,,,,,,,,,,0.5,0.3,0.0,,,,False,,
2015-01-31,,,,,,,,,,,,,,,,,,,,,,,,48.0,48.0,48.0,48.0,109.9463806795048,,,,,,,,,,,,0.5,0.3,0.0,,,,False,,
2015-02-01,,,,,,,,,,,,,,,,,,,,,,,,48.0,48.0,48.0,48.0,111.59081662029429,,,,,,,,,,,,0.6,0.4,2.5,,,,False,,
2015-02-02,,,,,,,,,,,,,,,,,,,,,,,,48.0,48.0,48.0,48.0,113.27117639969616,,,,,,,,,,,,0.8,0.6,1.1,,,,False,,
2015-02-03,,,,,,,,,,,,,,,,,,,,,,,,48.0,48.0,48.0,48.0,114.98709929776471,,,,,,,,,,,,1.0,0.6,0.0,,,,False,,
2015-02-04,,,,,,,,,,,,,,,,,,,,,,,,48.0,48.0,48.0,48.0,116.73820454815572,,,,,,,,,,,,1.0,0.6,0.5,,,,False,,
2015-02-05,,,,,,,,,,,,,,,,,,,,,,,,48.0,48.0,48.0,48.0,118.52409117010157,,,,,,,,,,,,1.2,0.8,2.7,,,,False,,
2015-02-06,,,,,,,,,,,,,,,,,,,,,,,,48.0,48.0,48.0,48.0,120.34433784038907,,,,,,,,,,,,1.7,1.1,1.0,,,,False,,
2015-02-07,,,,,,,,,,,,,,,,,,,,,,,,48.0,48.0,48.0,48.0,122.19850280552208,,,,,,,,,,,,1.4,0.90000004,5.0,,,,False,,
2015-02-08,,,,,,,,,,,,,,,,,,,,,,,,48.0,48.0,48.0,48.0,124.08612383412995,,,,,,,,,,,,1.6,1.0,0.7,,,,False,,
2015-02-09,,,,,,,,,,,,,,,,,,,,,,,,48.0,48.0,48.0,48.0,126.00671820956535,,,,,,,,,,,,1.3000001,0.90000004,8.7,,,,False,,
2015-02-10,,,,,,,,,,,,,,,,,,,,,,,,48.0,48.0,48.0,48.0,127.95978276252063,,,,,,,,,,,,1.2,0.8,0.8,,,,False,,
2015-02-11,,,,,,,,,,,,,,,,,,,,,,,,48.0,48.0,48.0,48.0,129.94479394338458,,,,,,,,,,,,1.2,0.8,0.0,,,,False,,
2015-02-12,,,,,,,,,,,,,,,,,,,,,,,,48.0,48.0,48.0,48.0,131.96120793395684,,,,,,,,,,,,1.8000001,1.2,0.0,,,,False,,
2015-02-13,,,,,,,,,,,,,,,,,,,,,,,,48.0,48.0,48.0,48.0,134.00846079803634,,,,,,,,,,,,2.2,1.4,0.0,,,,False,,
2015-02-14,,,,,,,,,,,,,,,,,,,,,,,,48.0,48.0,48.0,48.0,136.08596867030732,,,,,,,,,,,,1.7,1.1,0.0,,,,False,,
2015-02-15,,,,,,,,,,,,,,,,,,,,,,,,48.0,48.0,48.0,48.0,138.19312798285276,,,,,,,,,,,,1.6,1.0,0.0,,,,False,,
2015-02-16,,,,,,,,,,,,,,,,,,,,,,,,48.0,48.0,48.0,48.0,140.32931572854048,,,,,,,,,,,,1.4,0.90000004,0.0,,,,False,,
2015-02-17,,,,,,,,,,,,,,,,,,,,,,,,48.0,48.0,48.0,48.0,142.49388976044452,,,,,,,,,,,,1.3000001,0.90000004,0.0,,,,False,,
2015-02-18,,,,,,,,,,,,,,,,,,,,,,,,48.0,48.0,48.0,48.0,144.68618912638476,,,,,,,,,,,,1.7,1.2,0.0,,,,False,,
2015-02-19,,,,,,,,,,,,,,,,,,,,,,,,48.0,48.0,48.0,48.0,146.90553443759663,,,,,,,,,,,,1.8000001,1.2,0.0,,,,False,,
2015-02-20,,,,,,,,,,,,,,,,,,,,,,,,48.0,48.0,48.0,48.0,149.15122827046915,,,,,,,,,,,,1.3000001,0.90000004,2.1000001,,,,False,,
2015-02-21,,,,,,,,,,,,,,,,,,,,,,,,48.0,48.0,48.0,48.0,151.4225556002276,,,,,,,,,,,,0.7,0.5,0.0,,,,False,,
2015-02-22,,,,,,,,,,,,,,,,,,,,,,,,48.0,48.0,48.0,48.0,153.7187842653707,,,,,,,,,,,,1.5,1.0,0.0,,,,False,,
2015-02-23,,,,,,,,,,,,,,,,,,,,,,,,48.0,48.0,48.0,48.0,156.03916546161796,,,,,,,,,,,,1.3000001,0.90000004,0.0,,,,False,,
2015-02-24,,,,,,,,,,,,,,,,,,,,,,,,48.0,48.0,48.0,48.0,158.38293426406625,,,,,,,,,,,,1.5,1.0,0.0,,,,False,,
2015-02-25,,,,,,,,,,,,,,,,,,,,,,,,48.0,48.0,48.0,48.0,160.74931017620347,,,,,,,,,,,,1.5,1.1,0.3,,,,False,,
2015-02-26,,,,,,,,,,,,,,,,,,,,,,,,48.0,48.0,48.0,48.0,163.13749770438218,,,,,,,,,,,,1.6,1.1,0.0,,,,False,,
2015-02-27,,,,,,,,,,,,,,,,,,,,,,,,48.0,48.0,48.0,48.0,165.54668695631284,,,,,,,,,,,,1.5,1.0,0.0,,,,False,,
2015-02-28,,,,,,,,,,,,,,,,,,,,,,,,48.0,48.0,48.0,48.0,167.9760542620921,,,,,,,,,,,,2.0,1.3000001,0.0,,,,False,,
2015-03-01,,,,,,,,,,,,,,,,,,,,,,,,48.0,48.0,48.0,48.0,170.4247628162545,,,,,,,,,,,,1.5,1.1,0.0,,,,False,,
2015-03-02,,,,,,,,,,,,,,,,,,,,,,,,48.0,48.0,48.0,48.0,172.8919633392944,,,,,,,,,,,,0.8,0.7,0.5,,,,False,,
2015-03-03,,,,,,,,,,,,,,,,,,,,,,,,48.0,48.0,48.0,48.0,175.37679475708248,,,,,,,,,,,,1.4,1.0,0.0,,,,False,,
2015-03-04,,,,,,,,,,,,,,,,,,,,,,,,48.0,48.0,48.0,48.0,177.8783848965746,,,,,,,,,,,,1.6,1.1,0.0,,,,False,,
2015-03-05,,,,,,,,,,,,,,,,,,,,,,,,48.0,48.0,48.0,48.0,180.39585119618724,,,,,,,,,,,,2.6000001,1.7,0.0,,,,False,,
2015-03-06,,,,,,,,,,,,,,,,,,,,,,,,48.0,48.0,48.0,48.0,182.92830142920144,,,,,,,,,,,,3.4,2.2,0.0,,,,False,,
2015-03-07,,,,,,,,,,,,,,,,,,,,,,,,48.0,48.0,48.0,48.0,185.474834438537,,,,,,,,,,,,3.0,2.1000001,0.0,,,,False,,
2015-03-08,,,,,,,,,,,,,,,,,,,,,,,,48.0,48.0,48.0,48.0,188.03454088123257,,,,,,,,,,,,3.3,2.2,0.0,,,,False,,
2015-03-09,,,,,,,,,,,,,,,,,,,,,,,,48.0,48.0,48.0,48.0,190.606503980962,,,,,,,,,,,,4.2000003,2.8,0.0,,,,False,,
2015-03-10,,,,,,,,,,,,,,,,,,,,,,,,48.0,48.0,48.0,48.0,193.189800286908,,,,,,,,,,,,4.4,2.9,0.0,,,,False,,
2015-03-11,,,,,,,,,,,,,,,,,,,,,,,,48.0,48.0,48.0,48.0,195.78350043732465,,,,,,,,,,,,2.7,1.9,0.0,,,,False,,
2015-03-12,,,,,,,,,,,,,,,,,,,,,,,,48.0,48.0,48.0,48.0,198.38666992611743,,,,,,,,,,,,2.7,1.9,0.3,,,,False,,
2015-03-13,,,,,,,,,,,,,,,,,,,,,,,,48.0,48.0,48.0,48.0,200.99836987078132,,,,,,,,,,,,3.7,2.6000001,0.0,,,,False,,
2015-03-14,,,,,,,,,,,,,,,,,,,,,,,,48.0,48.0,48.0,48.0,203.6176577800512,,,,,,,,,,,,3.0,2.0,6.6,,,,False,,
2015-03-15,,,,,,,,,,,,,,,,,,,,,,,,48.0,48.0,48.0,48.0,206.2435883196323,,,,,,,,,,,,1.7,1.3000001,11.0,,,,False,,
2015-03-16,,,,,,,,,,,,,,,,,,,,,,,,48.0,48.0,48.0,48.0,208.8752140744011,,,,,,,,,,,,1.0,0.8,1.1,,,,False,,
2015-03-17,,,,,,,,,,,,,,,,,,,,,,,,48.0,48.0,48.0,48.0,211.5115863054889,,,,,,,,,,,,1.5,1.1,7.4,,,,False,,
2015-03-18,,,,,,,,,,,,,,,,,,,,,,,,48.0,48.0,48.0,48.0,214.15175570069093,,,,,,,,,,,,1.6,1.3000001,1.7,,,,False,,
2015-03-19,,,,,,,,,,,,,,,,,,,,,,,,48.0,48.0,48.0,48.0,216.79477311667182,,,,,,,,,,,,3.4,2.4,0.0,,,,False,,
2015-03-20,,,,,,,,,,,,,,,,,,,,,,,,48.0,48.0,48.0,48.0,219.43969031147662,,,,,,,,,,,,3.9,2.7,0.0,,,,False,,
2015-03-21,,,,,,,,,,,,,,,,,,,,,,,,48.0,48.0,48.0,48.0,222.0855606658942,,,,,,,,,,,,3.6000001000000004,2.4,0.6,,,,False,,
2015-03-22,,,,,,,,,,,,,,,,,,,,,,,,48.0,48.0,48.0,48.0,224.73143989226287,,,,,,,,,,,,4.2000003,2.9,0.0,,,,False,,
2015-03-23,,,,,,,,,,,,,,,,,,,,,,,,48.0,48.0,48.0,48.0,227.3763867293536,,,,,,,,,,,,2.5,1.8000001,2.0,,,,False,,
2015-03-24,,,,,,,,,,,,,,,,,,,,,,,,48.0,48.0,48.0,48.0,230.0194636220171,,,,,,,,,,,,2.9,2.1000001,1.2,,,,False,,
2015-03-25,,,,,,,,,,,,,,,,,,,,,,,,48.0,48.0,48.0,48.0,232.65973738433465,,,,,,,,,,,,2.4,1.7,2.2,,,,False,,
2015-03-26,,,,,,,,,,,,,,,,,,,,,,,,48.0,48.0,48.0,48.0,235.2962798450661,,,,,,,,,,,,1.7,1.3000001,0.6,,,,False,,
2015-03-27,,,,,,,,,,,,,,,,,,,,,,,,48.0,48.0,48.0,48.0,237.92816847425317,,,,,,,,,,,,4.5,3.2,1.5,,,,False,,
2015-03-28,,,,,,,,,,,,,,,,,,,,,,,,48.0,48.0,48.0,48.0,240.55448698989417,,,,,,,,,,,,2.8,2.0,2.1000001,,,,False,,
2015-03-29,,,,,,,,,,,,,,,,,,,,,,,,48.0,48.0,48.0,48.0,243.17432594367713,,,,,,,,,,,,3.7,2.6000001,0.0,,,,False,,
2015-03-30,,,,,,,,,,,,,,,,,,,,,,,,48.0,48.0,48.0,48.0,245.7867832848211,,,,,,,,,,,,4.9,3.5,0.0,,,,False,,
2015-03-31,,,,,,,,,,,,,,,,,,,,,,,,48.0,48.0,48.0,48.0,248.390964901155,,,,,,,,,,,,3.5,2.5,1.2,,,,False,,
2015-04-01,,,,,,,,,,,,,,,,,,,,,,,,48.0,48.0,48.0,48.0,250.98598513662884,,,,,,,,,,,,2.8,2.1000001,0.0,,,,False,,
2015-04-02,,,,,,,,,,,,,,,,,,,,,,,,48.0,48.0,48.0,48.0,253.57096728453584,,,,,,,,,,,,2.8,2.1000001,0.7,,,,False,,
2015-04-03,,,,,,,,,,,,,,,,,,,,,,,,48.0,48.0,48.0,48.0,256.1450440557978,,,,,,,,,,,,3.7,2.7,0.0,,,,False,,
2015-04-04,,,,,,,,,,,,,,,,,,,,,,,,48.0,48.0,48.0,48.0,258.70735802174977,,,,,,,,,,,,2.6000001,2.0,3.0,,,,False,,
2015-04-05,,,,,,,,,,,,,,,,,,,,,,,,48.0,48.0,48.0,48.0,261.25706203094137,,,,,,,,,,,,3.3,2.5,0.0,,,,False,,
2015-04-06,,,,,,,,,,,,,,,,,,,,,,,,48.0,48.0,48.0,48.0,263.79331959955533,,,,,,,,,,,,3.2,2.4,3.6000001000000004,,,,False,,
2015-04-07,,,,,,,,,,,,,,,,,,,,,,,,48.0,48.0,48.0,48.0,266.31530527513166,,,,,,,,,,,,3.8,2.8,0.0,,,,False,,
2015-04-08,,,,,,,,,,,,,,,,,,,,,,,,48.0,48.0,48.0,48.0,268.82220497337073,,,,,,,,,,,,3.8,2.8,0.0,,,,False,,
2015-04-09,,,,,,,,,,,,,,,,,,,,,,,,48.0,48.0,48.0,48.0,271.3132162878738,,,,,,,,,,,,4.1,3.1000001,0.0,,,,False,,
2015-04-10,,,,,,,,,,,,,,,,,,,,,,,,48.0,48.0,48.0,48.0,273.78754877277555,,,,,,,,,,,,5.5,3.9,0.0,,,,False,,
2015-04-11,,,,,,,,,,,,,,,,,,,,,,,,48.0,48.0,48.0,48.0,276.24442419829927,,,,,,,,,,,,3.9,2.7,0.6,,,,False,,
2015-04-12,,,,,,,,,,,,,,,,,,,,,,,,48.0,48.0,48.0,48.0,278.6830767793658,,,,,,,,,,,,3.7,2.5,0.0,,,,False,,
2015-04-13,,,,,,,,,,,,,,,,,,,,,,,,48.0,48.0,48.0,48.0,281.10275337746793,,,,,,,,,,,,5.4,3.8,1.3000001,,,,False,,
2015-04-14,,,,,,,,,,,,,,,,,,,,,,,,48.0,48.0,48.0,48.0,283.50271367611225,,,,,,,,,,,,3.2,2.4,3.5,,,,False,,
2015-04-15,,,,,,,,,,,,,,,,,,,,,,,,48.0,48.0,48.0,48.0,285.88223033021853,,,,,,,,,,,,4.1,3.0,0.0,,,,False,,
2015-04-16,,,,,,,,,,,,,,,,,,,,,,,,48.0,48.0,48.0,48.0,288.24058908994897,,,,,,,,,,,,4.9,3.6000001000000004,0.0,,,,False,,
2015-04-17,,,,,,,,,,,,,,,,,,,,,,,,48.0,48.0,48.0,48.0,290.5770888995299,,,,,,,,,,,,5.2000003,4.0,0.0,,,,False,,
2015-04-18,,,,,,,,,,,,,,,,,,,,,,,,48.0,48.0,48.0,48.0,292.8910419717025,,,,,,,,,,,,5.0,3.8,0.0,,,,False,,
2015-04-19,,,,,,,,,,,,,,,,,,,,,,,,48.0,48.0,48.0,48.0,295.1817738385311,,,,,,,,,,,,4.8,3.5,0.0,,,,False,,
2015-04-20,,,,,,,,,,,,,,,,,,,,,,,,48.0,48.0,48.0,48.0,297.44862337936456,,,,,,,,,,,,5.3,4.0,0.0,,,,False,,
2015-04-21,,,,,,,,,,,,,,,,,,,,,,,,48.0,48.0,48.0,48.0,299.690942826829,,,,,,,,,,,,5.8,4.4,0.0,,,,False,,
2015-04-22,,,,,,,,,,,,,,,,,,,,,,,,48.0,48.0,48.0,48.0,301.90809775180117,,,,,,,,,,,,3.6000001000000004,2.7,0.0,,,,False,,
2015-04-23,,,,,,,,,,,,,,,,,,,,,,,,48.0,48.0,48.0,48.0,304.09946702837806,,,,,,,,,,,,4.2000003,3.1000001,0.0,,,,False,,
2015-04-24,,,,,,,,,,,,,,,,,,,,,,,,48.0,48.0,48.0,48.0,306.26444277992715,,,,,,,,,,,,3.5,2.6000001,0.0,,,,False,,
2015-04-25,,,,,,,,,,,,,,,,,,,,,,,,48.0,48.0,48.0,48.0,308.40243030736127,,,,,,,,,,,,3.4,2.6000001,0.0,,,,False,,
2015-04-26,,,,,,,,,,,,,,,,,,,,,,,,48.0,48.0,48.0,48.0,310.5128480008396,,,,,,,,,,,,2.9,2.2,0.4,,,,False,,
2015-04-27,,,,,,,,,,,,,,,,,,,,,,,,48.0,48.0,48.0,48.0,312.59512723614466,,,,,,,,,,,,4.8,3.7,0.0,,,,False,,
2015-04-28,,,,,,,,,,,,,,,,,,,,,,,,48.0,48.0,48.0,48.0,314.6487122570412,,,,,,,,,,,,6.2000003,4.8,0.0,,,,False,,
2015-04-29,,,,,,,,,,,,,,,,,,,,,,,,48.0,48.0,48.0,48.0,316.67306004495333,,,,,,,,,,,,4.6,3.3,0.0,,,,False,,
2015-04-30,,,,,,,,,,,,,,,,,,,,,,,,48.0,48.0,48.0,48.0,318.6676401773385,,,,,,,,,,,,6.6,4.7000003,0.0,,,,False,,
2015-05-01,,,,,,,,,,,,,,,,,,,,,,,,48.0,48.0,48.0,48.0,320.63193467616793,,,,,,,,,,,,7.8,5.5,0.0,,,,False,,
2015-05-02,,,,,,,,,,,,,,,,,,,,,,,,48.0,48.0,48.0,48.0,322.56543784794087,,,,,,,,,,,,6.9,5.0,0.0,,,,False,,
2015-05-03,,,,,,,,,,,,,,,,,,,,,,,,48.0,48.0,48.0,48.0,324.4676561166813,,,,,,,,,,,,5.3,4.2000003,0.0,,,,False,,
2015-05-04,,,,,,,,,,,,,,,,,,,,,,,,48.0,48.0,48.0,48.0,326.33810785137433,,,,,,,,,,,,6.6,5.0,0.0,,,,False,,
2015-05-05,,,,,,,,,,,,,,,,,,,,,,,,48.0,48.0,48.0,48.0,328.1763231892998,,,0.8806430010870826,0.8806430010870826,,1.1355339209709052,,,,,,5.8,4.3,0.0,,,,False,,
2015-05-06,,,,,,,,,,,,,,,,,,,,,,,,48.0,48.0,48.0,48.0,329.98184385672226,,,0.8354312426752668,0.8354312426752668,,1.1969865967637758,,,,,,5.0,3.9,0.0,,,,False,,
2015-05-07,,,,,,,,,,,,,,,,,,,,,,,,48.0,48.0,48.0,48.0,331.754222988373,,,0.8025417607694925,0.8025417607694925,,1.2460410770913413,,,,,,5.1,4.0,0.0,,,,False,,
2015-05-08,,,,,,,,,,,,,,,,,,,,,,,,48.0,48.0,48.0,48.0,333.49302494715374,,,0.8040820453327476,0.8040820453327476,,1.2436541840530428,,,,,,3.3,2.9,4.5,,,,False,,
2015-05-09,,,,,,,,,,,,,,,,,,,,,,,,48.0,48.0,48.0,48.0,335.19782514544954,,,0.8193942364836146,0.8193942364836146,,1.2204137586950148,,,,,,5.8,4.4,0.0,,,,False,,
2015-05-10,,,,,,,,,,,,,,,,,,,,,,,,48.0,48.0,48.0,48.0,336.8682098694128,,,0.8300730551255625,0.8300730551255625,,1.2047132403891043,,,,,,5.2000003,4.2000003,0.0,,,,False,,
2015-05-11,,,,,,,,,,,,,,,,,,,,,,,,48.0,48.0,48.0,48.0,338.50377610753054,,,0.8806430010870826,0.8381042323338426,,1.1355339209709052,,,,,,4.9,3.8,0.0,,,,False,,
2015-05-12,,,,,,,,,,,,,,,,,,,,,,,,48.0,48.0,48.0,48.0,340.10413138473587,,,0.7902194842634509,0.8449871651363243,,1.2654712012474376,,,,,,6.3,4.5,0.0,,,,False,,
2015-05-13,,,,,,,,,,,,,,,,,,,,,,,,48.0,48.0,48.0,48.0,341.66889360326604,,,0.7367627969579436,0.8503405573160323,,1.3572889458166857,,,,,,4.2000003,3.1000001,8.1,,,,False,,
2015-05-14,,,,,,,,,,,,,,,,,,,,,,,,48.0,48.0,48.0,48.0,343.1976908913985,,,0.8087028990225131,0.8546232710597987,30.5870877342858,1.236548058883812,,,,,1.0770013531132754,5.2000003,4.2000003,0.7,,0.25642887528205066,1.0770013531132754,True,1.0770013531132754,
2015-05-15,,,,,,,,,,,,,,,,,,,,,,12.613796800000001,19.768724,35.0,32.0,32.0,35.0,344.69016146112136,,,0.8806430010870826,0.8581273095774258,24.705920047289464,1.1355339209709052,,,,,0.8699196717251789,5.2000003,4.0,0.0,,0.21747991793129476,0.8699196717251789,True,0.8699196717251789,
2015-05-16,26.0,139.38472916666666,2.290935705666667,61.95404166666668,13.382233758333335,24.5,55.61208333333335,0.3595416666666677,18.702979166666672,389.7312500000001,36.16342490979167,4.528288349279915,0.8574897635417577,18.079340420666664,119.152190275625,0.7149668857066666,330.99375,24.68541666666667,27.212499999999995,1.5724566492484242,25.59947916666665,7.6034183,18.190248800000003,0.0,0.0,0.0,0.0,346.1459534757133,54.242765330458326,61.59450000000002,0.8834671483353027,0.8592659180925726,20.464077758559736,1.1319040010534376,40.933525347188734,0.8806430010870826,61.39760310574847,0.6325634310565936,0.7160010785330487,3.6000001000000004,2.7,0.0,0.26518558464186986,0.1851373597006553,0.4998708711917694,False,,2.887741323993814
2015-05-17,26.018749999999986,284.56283333333334,3.3946221451041665,142.51597916666663,11.743005635416665,24.5,42.60812499999999,6.7865416666666665,41.455333333333336,401.42499999999984,78.64541024441665,-0.13903411591110762,0.6139395896256726,16.337502780958335,186.558641275,0.7821087300883333,300.82916666666665,24.47916666666666,26.9375,1.3960483197140066,25.48385416666667,6.0295762,16.2204798,0.0,0.0,0.0,0.0,347.5647249281111,94.98291302537498,135.72943749999996,0.8862912955835227,0.8686248463189585,18.43355887885815,1.1282972144520644,88.73539730821516,0.6997959674398194,107.16895618707329,0.5707252024704669,0.6439476561650183,3.5,2.6000001,0.0,0.24767216592223146,0.16973079949794082,0.4413000956677261,False,,4.334599111866421
2015-05-18,26.03333333333332,333.5057708333333,2.051968562270833,149.31768749999995,10.73784906458333,24.5,46.66729166666665,7.642375,50.23525000000001,407.03125000000006,89.19604615920832,-0.723463135978875,0.588395582662283,14.646080992083334,155.288946255,0.7818574328631249,273.0645833333333,24.168750000000006,26.485416666666666,1.3702530155254078,25.296875,0.47381629999999997,17.7100051,0.0,0.0,0.0,0.0,348.94614353085564,103.84212715129166,141.67531249999996,0.8931676947536965,0.8834686005885882,16.397907221803624,1.1196105791485929,99.86483689807586,0.7329585184524771,116.2627441198795,0.5111475578207777,0.5722862132421099,5.3,4.1,0.0,0.13958200322978292,0.16189836310198003,0.6637832887181179,False,,4.204783585912759
2015-05-19,26.05624999999999,280.23047916666667,2.4457692879375004,125.25258333333336,12.410346220833334,24.5,45.54104166666666,5.771999999999999,41.31427083333333,403.51041666666674,77.6727458685625,0.6856813563231098,0.6514705868822316,10.356102890270831,164.63594632624995,0.8665816127014581,289.87500000000006,23.72916666666666,25.89583333333333,1.51805219958369,25.0453125,2.5670314999999997,19.1120853,0.0,0.0,0.0,0.0,350.28988661828913,88.02884875883333,119.48058333333336,0.8931676947536965,0.8921040676925149,11.594802354698546,1.1196105791485929,86.96322798596276,0.7367627969579436,98.55803034066128,0.36200493152574936,0.40530455104019103,5.9,4.6,0.0,0.08810968500873717,0.1537588717153888,0.7072908098907884,False,,4.171752768901837
2015-05-20,26.07916666666668,339.22054166666663,1.6115032720833329,145.76504166666672,15.54966126875,24.5,38.08958333333332,13.827291666666666,51.03427083333333,435.81458333333336,102.77693593733332,0.2594606465657634,0.6302193681865386,15.972856715770831,95.882107356375,1.2776398923602084,293.39166666666665,23.83333333333334,25.97916666666667,1.9078592605467468,25.097916666666666,4.403864700000001,23.9454922,0.0,0.0,0.0,0.0,351.5956410615803,118.74979265310415,131.93775000000005,0.8931676947536965,0.8945312476307387,17.883379358201676,1.1196105791485929,115.07014476791564,0.9000440939238703,132.95352412611732,0.5600218969544625,0.6270064403850795,8.0,5.8,0.0,0.10810455868708267,0.13243500016909865,0.7681230009807721,False,,5.0343227140407265
2015-05-21,26.154166666666693,338.86302083333334,1.431132475479167,140.97097916666667,17.134528506249993,24.5,38.122708333333335,14.681645833333334,50.93947916666667,447.4020833333332,97.0346936965833,1.2824230757580668,0.6823326997874358,18.41939073845833,128.71361608645836,1.432721544009375,300.4875,23.737500000000008,25.75625000000001,2.1150542437968114,25.03697916666667,6.0057285,25.8006373,0.0,0.0,0.0,0.0,352.86310319702784,115.45408443504164,126.28933333333336,0.8931676947536965,0.8970135503693238,20.62254473224956,1.1196105791485929,108.64106960713798,0.9142029765119378,129.26361433938754,0.6467815525390198,0.7241434686208382,7.9,5.9,0.0,0.12273618112217595,0.11898660081337195,0.7020209447988945,False,,5.173853298660627
2015-05-22,26.19375000000002,310.89358333333337,1.5880909727500006,123.06012500000004,18.250403252083327,24.5,38.20291666666667,13.650458333333335,46.79179166666666,448.22916666666674,83.80948698143752,2.8873833184270334,0.7648881723159545,15.462496647624993,121.91631813508332,1.4658089869827082,307.1979166666667,23.425,25.37708333333333,2.2306971592986633,24.87395833333333,7.1299853,26.093302100000002,0.0,0.0,0.0,0.0,354.0919787679808,99.27198362906252,109.4096666666667,0.8931676947536965,0.8995509759082707,17.311974826730598,1.1196105791485929,93.83398825743372,0.9073419804075432,111.14596308416435,0.543534660201809,0.6085471556958811,7.6,5.8,0.0,0.10492192339584157,0.11913497430310566,0.6909828509580126,False,,5.072544393375466
2015-05-23,26.17083333333335,251.06885416666668,1.7816443053541668,101.95037500000008,17.191088754166667,24.5,42.240625,7.130729166666668,38.16847916666666,427.7833333333333,67.52703912314584,4.063939045279399,0.8287106814022831,16.510787629249993,129.88063100833332,1.2370516313427082,316.8437499999999,22.7375,24.54791666666667,2.0657623127449907,24.4890625,7.7654821,24.4286826,0.0,0.0,0.0,0.0,355.2819828805852,84.03782675239583,94.8196458333334,0.8931676947536965,0.9081027504715906,18.485652499784013,1.1196105791485929,75.60398738085502,0.8862912955835227,94.08963988063904,0.5797940118371675,0.6491435093798973,7.4,5.6,0.0,0.1159184838178388,0.12430585585216705,0.6961127927721353,False,,4.443832041610375
2015-05-24,26.11875000000001,290.9613125,1.5325490398750004,118.53458333333332,16.0666109875,24.5,47.15854166666666,8.790937500000002,45.13360416666666,433.3458333333333,80.92099796458334,3.449445644273458,0.7948086147969374,20.878768342166673,190.43104652725003,1.1604706899720834,306.06249999999994,22.33958333333333,24.08958333333333,1.955279304769021,24.261979166666666,5.1166385000000005,23.6954105,0.0,0.0,0.0,0.0,356.4328399734425,101.79976630674999,109.74364583333332,0.9000440939238703,0.9220747974049146,23.19749497065495,1.1110566768349734,89.90781508469959,0.9276142188801744,113.10531005535455,0.7323900573716897,0.813726863290365,6.9,5.3,0.0,0.15353337043214435,0.12754611528518392,0.6759944110114747,False,,4.491738807630778
2015-05-25,26.10416666666666,187.85208333333333,2.1413300331875,77.76210416666667,14.144208702083338,24.5,62.04895833333334,1.9778125000000013,27.47333333333333,405.6208333333333,64.81805672152085,6.973225959517508,1.0236319995582537,14.517502844666668,159.94179957229167,0.6366478970375001,322.99999999999994,21.668750000000006,23.289583333333336,1.660279896595754,23.890625,6.805373299999999,19.8969025,0.0,0.0,0.0,0.0,357.5442838011366,79.33555956618751,75.78429166666669,0.9036930371657068,0.9249655076700364,16.06463948222791,1.1065704380508952,71.72574541994109,1.0468602110202587,87.790384902169,0.5083114922376089,0.562482470631675,4.8,4.0,0.5,0.14062061765791875,0.1287485988259359,0.5149943953037436,False,,3.171751982983913
2015-05-26,26.031249999999986,310.59712499999995,,140.1378333333333,,24.489583333333343,64.145625,11.113729166666666,46.042145833333336,435.66041666666655,,,,,,0.7035633395193751,311.23125,21.69791666666667,23.35,,23.89218750000001,6.7860814,19.9530153,21.0,0.0,0.0,21.0,358.61605743145583,,129.02410416666663,0.9073419804075432,0.9284985979940742,16.304615541530133,1.1021202827525278,,,,,0.5741015016783101,5.0,4.2000003,1.8000001,,0.13669082396930066,0.5741015016783101,True,0.5741015016783101,
2015-05-27,26.008333333333336,154.9639375,,58.83843750000002,,24.425,70.99187500000002,2.5594999999999986,22.046166666666675,404.51875,,,,,,0.4929868695431252,330.4375,21.045833333333334,22.375000000000004,,23.46354166666666,,,48.0,0.0,0.0,48.0,359.64791325600646,,56.27893750000002,0.9107724784597404,0.9329149608991212,16.70808270591748,1.0979690577510175,,,,,0.5883079761801263,4.6,4.0,1.9,,0.14707699404503158,0.5883079761801263,True,0.5883079761801263,
2015-05-28,25.929166666666656,213.04993749999997,,95.974625,,24.4,66.03374999999998,8.141416666666665,30.725333333333346,423.60416666666674,,,,,,0.6723341895422915,337.2416666666667,20.945833333333336,22.120833333333334,,23.34895833333333,,,48.0,0.0,0.0,48.0,360.6396130137897,,87.83320833333335,0.9142029765119378,0.9215253043546612,26.94467910357027,1.0938489872516204,,,,,0.9487485734452442,5.5,4.4,1.3000001,,0.21562467578301006,0.9487485734452442,True,0.9487485734452442,
2015-05-29,25.872916666666665,311.03964583333334,,143.80227083333332,,24.345833333333307,55.83166666666666,12.4113125,46.45433333333336,442.7145833333333,,,,,,0.9700634600277084,321.91041666666666,20.735416666666673,21.466666666666654,,23.10520833333333,,,48.0,0.0,0.0,48.0,361.5909278271821,,131.39095833333332,0.9872372149502168,0.9067754329039976,37.12457937747818,1.0129277795209806,,,,,1.3071928445965468,5.9,4.6,2.3,,0.2841723575209885,1.3071928445965468,True,1.3071928445965468,
2015-05-30,25.82916666666664,200.25133333333335,,125.5034583333333,,24.29999999999998,79.20583333333335,3.1510000000000002,22.721000000000004,402.125,,,,,,0.3751008300979166,350.10208333333344,20.558333333333334,21.077083333333327,,22.94114583333334,,,48.0,0.0,0.0,48.0,362.50163824964363,,122.3524583333333,1.0468602110202587,0.8915694435481043,38.06585689982522,0.955237375031582,,,,,1.3403361491840744,4.5,3.8,7.0,,0.3527200392589669,1.3403361491840744,True,1.3403361491840744,
2015-05-31,25.745833333333334,299.3056041666667,,180.9511041666666,,24.27083333333334,69.05625,10.8530625,36.9526875,417.08125,,,,,,0.7506303894810418,335.6791666666667,22.066666666666666,23.99583333333333,,24.01979166666668,,,48.0,0.0,0.0,48.0,363.37153432435656,,170.0980416666666,0.8759073362869815,0.8759073362869815,64.6061442767428,1.1416732781792354,,,,,2.2748456933835053,7.0,5.4,0.0,,0.4212677209969454,2.2748456933835053,True,2.2748456933835053,
2015-06-01,25.720833333333346,261.11283333333336,,144.48241666666667,,24.20000000000002,66.96000000000002,14.134729166666665,37.70437500000001,430.79791666666665,,,,,,0.8174562117308336,351.8729166666667,22.397916666666678,24.387499999999992,,24.176562499999992,,,48.0,0.0,0.0,48.0,364.2004156528901,,130.34768750000003,0.8598164167693341,0.8598164167693341,72.3365324417692,1.1630389702925077,,,,,2.5470402411662247,6.6,5.2000003,14.2,,0.4898154027349239,2.5470402411662247,True,2.5470402411662247,
2015-06-02,25.71250000000001,80.88437499999998,,59.0406875,,24.189583333333346,89.73416666666668,-8.652979166666666,10.641395833333334,385.225,,,,,,0.15180587298812498,374.02083333333326,37.78541666666667,,,31.65833333333333,,,48.0,0.0,0.0,48.0,364.98809147287824,,67.69366666666666,0.8432966849951621,0.8432966849951621,30.1295176145144,1.1858222827067524,,,,,1.0608898604985142,2.1000001,1.9,11.0,,0.5583630844729023,1.0608898604985142,True,1.0608898604985142,
2015-06-03,26.69166666666668,212.6683125,,145.19664583333332,,24.25833333333333,78.02937499999999,0.2437916666666674,26.40304166666667,390.02083333333326,,,,,,0.3632380926460417,348.95,41.708333333333336,36.60625,,32.316145833333344,,,48.0,0.0,0.0,48.0,365.7343807436108,,144.9528541666666,0.8020504423980162,0.8176476734162049,55.19367550416909,1.2468043743111006,,,,,1.9434234379448072,3.8,3.1000001,0.90000004,,0.6269107662108808,1.9434234379448072,True,1.9434234379448072,
2015-06-04,26.935416666666654,342.132625,,200.82104166666664,,24.58750000000002,67.26916666666665,10.886333333333335,43.6678125,402.88333333333327,,,,,,0.6851056090045836,305.2374999999999,36.19166666666667,30.25416666666668,,29.4921875,12.6591413,21.292051999999998,38.0,0.0,0.0,38.0,366.43911223834635,,189.93470833333328,0.7820451223185609,0.7845457873284928,79.00472362999777,1.2786985961056303,,,,,2.7818337917954366,4.9,4.0,0.0,,0.6954584479488592,2.7818337917954366,True,2.7818337917954366,
2015-06-05,26.914583333333336,349.47712499999994,,193.0289583333334,,24.770833333333307,60.38645833333332,15.739979166666664,51.98022916666667,413.0979166666668,,,,,,0.9580855292927084,308.5875000000001,31.337499999999995,24.89583333333333,,26.9796875,8.6696136,12.144511300000001,39.0,0.0,0.0,39.0,367.102124642084,,177.2889791666667,0.7820451223185609,0.7842679356607225,99.81057430733395,1.2786985961056303,,,,,3.514428196559453,5.6,4.6,0.0,,0.7640061296868377,3.514428196559453,True,3.514428196559453,
2015-06-06,26.750000000000032,335.06270833333326,,179.03270833333332,,24.79999999999998,59.57874999999999,19.333020833333336,55.1336875,421.05,,,,,,1.0270334698914585,320.15208333333334,28.18125,21.360416666666673,,25.272916666666664,,,48.0,0.0,0.0,48.0,367.72326665347464,,159.69968749999995,0.7820451223185609,0.7840456543265064,125.3170211158486,1.2786985961056303,,,,,4.412535200551526,6.6,5.3,0.0,,0.8325538114248161,4.412535200551526,True,4.412535200551526,
2015-06-07,26.512500000000014,333.6960625,,181.3549375,,24.75625000000002,56.79145833333333,19.545395833333334,57.70472916666666,429.6270833333333,,,,,,1.258703688087708,334.9916666666666,25.56041666666667,,,24.38333333333333,18.8329845,29.0934445,16.0,0.0,0.0,16.0,368.3023970894968,,161.80954166666666,0.7820451223185609,0.7838637877803296,127.6814932123741,1.2786985961056303,,,,,4.495790581694007,6.8,5.4,0.0,,0.8325538114248161,4.495790581694007,True,4.495790581694007,
2015-06-08,26.23333333333333,343.38183333333336,1.8696600559375,191.2408333333333,24.21756899791667,24.595833333333346,50.82916666666665,19.15691666666667,62.03241666666666,438.10625000000016,11.093642921479166,12.852188328023038,1.5205513219636941,126.92633857060416,161.35265808620838,1.7106920843920836,347.96875,23.027083333333334,,3.2312434063557767,23.396180555555567,14.2911582,33.4241428,0.0,0.0,0.0,0.0,368.8393849914924,138.01998149208333,172.08391666666665,0.7820451223185609,0.7802264568567921,162.30053093905946,1.2786985961056303,14.185425629392574,0.8020504423980162,176.48595656845202,4.487411201937741,5.73804640406647,8.900001,6.7000003,0.0,0.8564247980804522,0.8325538114248161,5.57811078631241,False,,6.512274412784456
2015-06-09,25.8625,343.0646249999998,1.5825486091666658,183.87854166666668,23.84740925833334,24.5,46.03625,16.968541666666667,64.057375,434.63333333333327,3.7195500087499984,10.499388695994313,1.3224085864988226,123.47251338297916,155.46596601437497,1.8420849230937495,339.5104166666667,20.73958333333333,,3.1644935095925715,22.608680555555555,13.1618675,33.1233005,0.0,0.0,0.0,0.0,369.3341097311406,127.19206339172918,166.91000000000003,0.7820451223185609,0.7800445903106155,157.88412952044914,1.2786985961056303,4.756183374333308,0.7620398022391058,162.64031289478243,4.363742564433377,5.5799114909073415,9.3,6.9,0.0,0.8086828247691801,0.8325538114248161,5.744621298831231,False,,6.310946783551799
2015-06-10,25.356249999999992,310.33154166666674,,162.02479166666663,,24.452083333333334,47.57958333333333,12.38620833333333,58.81385416666668,423.1833333333332,,,,,,1.5475135344766668,333.67083333333335,18.43125,,,21.85590277777777,11.404765800000002,29.173596500000002,4.0,0.0,0.0,4.0,369.78646111493777,,149.63858333333332,0.7820451223185609,0.7798223089763993,130.04596530889953,1.2786985961056303,,,,,4.579045962836489,6.8,5.5,0.0,,0.8325538114248161,4.579045962836489,True,4.579045962836489,
2015-06-11,24.695833333333322,358.5797916666665,,187.56770833333331,,24.3125,43.54041666666669,11.425270833333334,71.67075,427.92291666666665,,,,,,1.7553521155527083,328.57916666666665,16.29791666666667,,,21.260590277777773,,,48.0,0.0,0.0,48.0,370.19633948577,,176.1424375,0.7820451223185609,0.779544457308629,146.59727707799394,1.2786985961056303,,,,,5.161833880600003,8.3,6.2000003,0.0,,0.8325538114248161,5.161833880600003,True,5.161833880600003,
2015-06-12,23.808333333333326,351.66285416666665,,171.6520208333333,,24.11458333333333,35.86062500000001,5.856312500000001,73.21547916666665,415.1791666666666,,,,,,1.4978597753597922,308.4,14.25416666666667,,,20.72569444444445,,,48.0,0.0,0.0,48.0,370.5636558201856,,165.7957083333333,0.7820451223185609,0.7791872194500673,122.29116708140842,1.2786985961056303,,,,,4.305991912817648,7.0,5.2000003,0.0,,0.8280753200759714,4.305991912817648,True,4.305991912817648,
2015-06-13,22.77916666666667,357.2611041666667,,175.26341666666667,,23.91666666666665,49.493958333333346,3.9031458333333315,73.20447916666667,388.375,,,,,,0.9213393073260416,279.57708333333335,12.670833333333333,,,18.849652777777774,,,48.0,0.0,0.0,48.0,370.888331820026,,171.36027083333337,0.7820451223185609,0.7787109023053184,121.62977805007736,1.2786985961056303,,,,,4.2827037564601085,6.9,5.2000003,0.0,,0.8235968287271267,4.2827037564601085,True,4.2827037564601085,
2015-06-14,21.616666666666664,374.5853333333334,,195.11425,,23.679166666666685,48.59500000000001,3.452270833333332,78.3462708333333,395.92708333333337,,,,,,1.014487209998333,294.8229166666667,11.51666666666666,,,17.391840277777774,6.7372357,7.1888495,46.0,0.0,0.0,46.0,371.17029999712446,,191.66197916666667,0.7620398022391058,0.77804405830267,104.68417676521256,1.3122674131478358,,,,,3.6860325182022686,5.6,4.5,0.0,,0.819118337378282,3.6860325182022686,True,3.6860325182022686,
2015-06-15,20.25208333333334,336.11847916666665,,173.75689583333332,,23.43541666666665,52.36979166666668,1.1414374999999997,71.70508333333333,393.1583333333333,,,,,,0.9987070248318752,302.50208333333336,13.108333333333334,18.702083333333334,,18.874479166666664,,,48.0,0.0,0.0,48.0,371.4095037498622,,172.61545833333332,0.7770437922986971,0.7770437922986971,124.93418508688204,1.286928754738186,,,,,4.399055168558961,7.2000003,5.4,0.0,,0.8146398460294372,4.399055168558961,True,4.399055168558961,
2015-06-16,19.277083333333326,367.80727083333323,,197.7411458333333,,23.20416666666668,51.67729166666666,4.549500000000003,75.14718749999999,396.71458333333334,,,,,,1.1716280899195828,301.78125,19.050000000000004,25.97708333333333,,21.87708333333333,,,48.0,0.0,0.0,48.0,371.60589743045637,,193.19164583333333,0.7753766822920759,0.7753766822920759,124.247358055509,1.2896957347800548,,,,,4.3748713152752,7.1,5.4,0.0,,0.8101613546805925,4.3748713152752,True,4.3748713152752,
2015-06-17,18.591666666666654,291.62752083333334,,157.41583333333332,,23.008333333333336,54.77270833333333,4.579208333333331,62.90702083333334,402.2479166666666,,,,,,1.1306427900833331,330.9187500000001,18.104166666666668,19.241666666666664,,19.736458333333328,,,48.0,0.0,0.0,48.0,371.75944640195803,,152.836625,0.7720424622788333,0.7720424622788333,121.27237304220756,1.2952655441364012,,,,,4.270119175658263,7.0,5.3,0.0,,0.8056828633317478,4.270119175658263,True,4.270119175658263,
2015-06-18,18.03541666666668,282.52764583333345,,151.59791666666663,,22.820833333333336,57.06125,5.9274999999999975,,402.1125,,,,,,1.12964550727625,331.5854166666666,16.375,15.96458333333333,,18.29895833333333,,,48.0,0.0,0.0,48.0,371.87012708405365,,145.67041666666663,0.7620398022391058,0.7620398022391058,109.22107021578933,1.3122674131478358,,,,,3.8457809855179343,6.5,4.8,0.0,,0.8012043719829031,3.8457809855179343,True,3.8457809855179343,
2015-06-19,17.38541666666666,311.2988541666667,,173.69749999999996,,22.6125,52.56520833333333,4.239895833333335,68.86591666666669,398.7624999999999,,,,,,1.0833669901054168,330.05833333333334,14.345833333333333,,,17.238368055555554,,,48.0,0.0,0.0,48.0,371.937926986888,,169.4576041666666,,,124.44959690511942,,,,,,4.381992343487321,7.4,5.5,0.0,,0.7967258806340584,4.381992343487321,True,4.381992343487321,
2015-06-20,16.44583333333333,348.8840416666667,,181.4625,,22.34375000000001,46.90916666666669,3.202041666666668,79.35327083333334,390.9458333333334,,,,,,1.156009622590208,302.8875,12.491666666666667,,,16.558680555555554,,,48.0,0.0,0.0,48.0,371.9628447322606,,178.26045833333333,,,121.50004993001696,,,,,,4.2781359021401535,7.1,5.4,0.0,,0.7922473892852135,4.2781359021401535,True,4.2781359021401535,
2015-06-21,15.508333333333335,368.32495833333326,,194.63762500000007,,21.995833333333312,48.26729166666666,2.907500000000001,82.50475,390.2166666666668,,,,,,1.1480670015720835,299.0729166666668,11.352083333333333,10.891666666666666,,14.936979166666667,,,48.0,0.0,0.0,48.0,371.9448900616992,,191.73012500000007,,,123.05050480417437,,,,,,4.332728938650028,7.3,5.5,0.0,,0.7877688979363688,4.332728938650028,True,4.332728938650028,
2015-06-22,14.691666666666654,321.9725833333333,,172.60304166666668,,21.618749999999995,48.16958333333335,3.4086875000000005,70.64972916666666,392.67083333333335,,,,,,1.2345041886391666,313.92916666666656,10.5875,10.133333333333333,,14.257812500000002,,,48.0,0.0,0.0,48.0,371.8840838310516,,169.19435416666667,,,131.24921029942567,,,,,,4.621413398866394,7.9,5.9,0.0,,0.7832904065875241,4.621413398866394,True,4.621413398866394,
2015-06-23,14.23541666666668,321.6482291666667,,172.5832291666666,,21.339583333333348,51.971875,3.4583958333333342,71.4325416666667,396.4770833333334,,,,,,1.1787905829739582,318.8562500000001,12.5875,22.152083333333334,,17.578645833333333,,,48.0,0.0,0.0,48.0,371.7804579914058,,169.12483333333327,,,128.2869443052237,,,,,,4.51710910838434,7.6,5.8,0.0,,0.7788119152386794,4.51710910838434,True,4.51710910838434,
2015-06-24,14.10208333333334,301.82799999999986,,172.3126041666667,,21.141666666666673,51.55583333333331,4.073791666666667,64.29656250000001,401.96875000000017,,,,,,1.2545512021814589,336.7333333333332,15.700000000000006,22.691666666666674,,18.40885416666666,,,48.0,0.0,0.0,48.0,371.6340555562948,,168.23881250000005,,,118.75274180452492,,,,,,4.181400489005108,7.0,5.4,0.0,,0.7743334238898347,4.181400489005108,True,4.181400489005108,
2015-06-25,13.989583333333321,340.83052083333337,,199.0773125000001,,20.92708333333333,50.555625,8.477479166666665,71.80302083333333,416.2083333333335,,,,,,1.4866313583997914,346.20833333333337,14.91875,16.497916666666665,,16.583333333333332,,,48.0,0.0,0.0,48.0,371.4449305553094,,190.5998333333334,,,133.370755577079,,,,,,4.696115088500039,7.8,6.1,0.0,,0.7698549325409899,4.696115088500039,True,4.696115088500039,
2015-06-26,13.743750000000013,362.2678333333333,,205.0641666666667,,20.654166666666672,48.93875,6.0793333333333335,77.18362500000002,416.07916666666665,,,,,,1.7153176304437503,336.0604166666667,13.066666666666668,12.479166666666664,,14.9859375,,,48.0,0.0,0.0,48.0,371.2131479743919,,198.98483333333337,,,130.42120860197656,,,,,,4.592258647152872,7.6,6.0,0.0,,0.7653764411921453,4.592258647152872,True,4.592258647152872,
2015-06-27,13.389583333333334,350.0939375000001,,198.85208333333333,,20.304166666666678,48.64354166666669,8.232958333333334,73.92689583333333,426.1520833333332,,,,,,1.9561434991341664,348.8416666666667,11.606250000000005,10.60833333333333,,13.977083333333335,,,48.0,0.0,0.0,48.0,370.93878368324687,,190.619125,,,127.49709966507307,,,,,,4.489297904075473,7.1,5.9,0.0,,0.7608979498433005,4.489297904075473,True,4.489297904075473,
2015-06-28,12.972916666666654,342.480625,,200.04429166666668,,19.866666666666678,49.00270833333334,9.497062500000004,71.84183333333334,434.7124999999999,,,,,,2.166612267739375,364.10000000000014,10.691666666666668,9.6125,,13.285937500000005,,,48.0,0.0,0.0,48.0,370.62192435044227,,190.54722916666668,,,141.78441894104014,,,,,,4.9923684260634085,8.3,6.6,0.0,,0.7564194584944558,4.9923684260634085,True,4.9923684260634085,
2015-06-29,12.710416666666674,129.488,,62.06229166666667,,19.6,61.78625,4.662416666666666,28.742166666666666,424.88958333333335,,,,,,1.1979979247414585,386.20833333333326,10.133333333333333,9.252083333333337,,12.923958333333333,,,48.0,0.0,0.0,48.0,370.2626673469303,,57.39987500000001,,,121.72520231245242,,,,,,4.286063738312273,7.1,5.7000003,0.0,,0.7519409671456111,4.286063738312273,True,4.286063738312273,
2015-06-30,13.525,360.8788541666667,,209.5102083333333,,19.38541666666666,53.46062499999999,3.212604166666668,75.7950625,420.59791666666666,,,,,,1.6069482776939583,345.0270833333333,16.747916666666665,29.597916666666674,,19.814062499999995,,,48.0,0.0,0.0,48.0,369.86112063883576,,206.29760416666667,,,135.85988695263626,,,,,,4.783759845099305,8.3,6.4,0.0,,0.7474624757967664,4.783759845099305,True,4.783759845099305,
2015-07-01,13.38541666666666,346.5397083333333,,198.21854166666665,,19.200000000000014,51.28625,5.825499999999999,71.95643750000002,422.25000000000006,,,,,,1.680322793873749,345.86041666666665,16.99791666666666,19.441666666666666,,17.25625,,,48.0,0.0,0.0,48.0,369.4174026704981,,192.39304166666665,,,145.59632830294547,,,,,,5.126589492690661,9.0,6.9,0.0,,0.7429839844479217,5.126589492690661,True,5.126589492690661,
2015-07-02,13.225000000000017,346.3734375,,201.36979166666669,,19.00833333333333,53.42104166666667,6.6655000000000015,70.774375,425.5458333333333,,,,,,1.6479211823547921,351.29166666666674,15.374999999999995,14.391666666666666,,15.5,,,48.0,0.0,0.0,48.0,368.9316422388521,,194.70429166666668,,,132.13447981246426,,,,,,4.652584606524184,7.7000003,6.3,0.0,,0.7385054930990769,4.652584606524184,True,4.652584606524184,
2015-07-03,13.014583333333327,336.0733541666668,,188.53885416666665,,18.78125000000001,50.23979166666667,4.992166666666667,69.34964583333335,421.5916666666667,,,,,,1.7816311222314587,343.3791666666668,13.46666666666667,11.764583333333334,,14.256770833333327,,,48.0,0.0,0.0,48.0,368.40397836033986,,183.5466875,,,133.41783528553222,,,,,,4.697772811201487,7.9,6.4,0.0,,0.7340270017502322,4.697772811201487,True,4.697772811201487,
2015-07-04,12.689583333333335,342.03460416666667,,195.70010416666665,,18.52083333333332,44.2504166666667,3.9296875,70.25316666666666,423.05625000000015,,,,,,2.0130768964029166,346.96458333333334,11.78333333333333,10.097916666666668,,13.272916666666665,29.345385800000003,33.575717700000006,37.0,0.0,0.0,37.0,367.8345601316272,,191.77041666666665,0.6614942524223093,0.6614942524223093,155.3950992927705,1.5117289323952932,,,,,5.4716138280104065,10.1,7.5,0.0,,0.7295485104013875,5.4716138280104065,True,5.4716138280104065,
2015-07-05,12.402083333333325,125.150125,,58.98125,,18.235416666666683,58.19458333333332,-4.604374999999998,28.45370833333333,388.45833333333337,,,,,,0.7963218494047918,350.75000000000006,10.614583333333334,8.993749999999997,,12.561458333333334,8.729970100000001,17.8031389,42.0,0.0,0.0,42.0,367.2235465854699,,63.58562499999999,0.680298469123218,0.680298469123218,70.01333169667298,1.4699430402788052,,,,,2.4652380647786454,4.0,3.4,0.5,,0.7250700190525428,2.4652380647786454,True,2.4652380647786454,
2015-07-06,12.808333333333335,316.962625,,167.43064583333333,,18.047916666666666,62.01229166666668,-2.9430833333333326,67.36402083333333,385.75000000000006,,,,,,0.886191194348125,303.59375,14.7125,23.633333333333336,,17.300520833333334,5.556686599999999,24.6219812,10.0,0.0,0.0,10.0,366.571106543131,,170.37372916666664,0.6865665413568541,0.6865665413568541,108.46432080901079,1.4565230604213697,,,,,3.8191350968296,6.6,5.3,0.0,,0.7205915277036979,3.8191350968296,True,3.8191350968296,
2015-07-07,13.141666666666675,184.9109375,,95.32966666666664,,17.899999999999988,73.27874999999997,-0.0401458333333336,,393.27083333333337,,,,,,0.576140417700625,342.5229166666668,20.183333333333326,29.8125,,20.259375,12.050673300000001,24.1485595,6.0,0.0,0.0,6.0,365.8774184647856,,95.36981249999997,0.6897005774736723,0.6897005774736723,77.2835487976607,1.4499045421462948,,,,,2.7212295381484433,4.4,3.8,6.1,,0.7161130363548533,2.7212295381484433,True,2.7212295381484433,
2015-07-08,13.068750000000005,340.7421458333333,,189.64520833333336,,17.85416666666665,57.84437500000002,3.1845833333333338,67.40066666666667,402.82291666666674,,,,,,1.291130551265833,319.16041666666666,21.022916666666664,25.58958333333333,,19.383854166666673,,,48.0,0.0,0.0,48.0,365.1426702993805,,186.460625,0.6915809991437631,0.6915809991437631,125.30563807519,1.4459622245811932,,,,,4.4121343925276175,8.0,6.2000003,0.0,,0.7116345450060086,4.4121343925276175,True,4.4121343925276175,
2015-07-09,12.991666666666653,326.39554166666665,,180.13020833333337,,17.756250000000023,49.490625000000016,3.7633125000000014,65.12333333333332,405.8250000000001,,,,,,1.5703121050479167,324.68958333333325,19.472916666666666,20.23958333333333,,17.615104166666665,15.1311894,30.633294899999996,24.0,0.0,0.0,24.0,364.36705933541606,,176.36689583333333,0.6928346135904905,0.6928346135904905,112.46701545740862,1.4433459015820245,,,,,3.9600739004801184,6.6,5.6,0.0,,0.7071560536571639,3.9600739004801184,True,3.9600739004801184,
2015-07-10,15.00833333333332,325.934375,,207.35968750000004,,17.654166666666672,54.75104166666666,5.212708333333335,62.23200000000002,413.3770833333333,,,,,,1.5176654500135418,357.04791666666665,29.87708333333333,33.49375,,24.008333333333336,15.7227782,31.767953000000002,13.0,0.0,0.0,13.0,363.55079205411374,,202.14697916666668,0.6614942524223093,0.6937300524810099,127.71971472895606,1.5117289323952932,,,,,4.497136398773242,8.1,6.4,0.5,,0.7026775623083191,4.497136398773242,True,4.497136398773242,
2015-07-11,14.899999999999983,108.80639583333328,1.740417779541667,73.73560416666666,20.171095968750006,17.602083333333347,81.46145833333334,2.3064166666666672,22.27472916666667,404.2354166666667,-6.173795125458334,16.952536745558547,1.973821687625328,34.495245728791666,223.52542362541664,0.395736291971875,391.44166666666666,28.547916666666666,27.92083333333333,2.369557979597201,22.242708333333336,18.192173,22.360690100000003,0.0,0.0,0.0,0.0,362.694083986413,28.32145060333333,71.42918749999998,0.6991026858241267,0.6944016316488995,49.34217308595727,1.4304050324469362,-8.831027616751962,0.396496888661002,40.51114546920531,1.2148114188114645,1.7376723669419205,5.7000003,4.5,2.0,0.3861494148759823,0.6981990709594744,3.1418958193176345,False,,2.229946758489006
2015-07-12,14.874999999999988,215.38743749999998,,127.58424999999998,,17.643750000000008,68.91208333333331,4.2403958333333325,41.24241666666666,408.03541666666666,,,,,,0.7619466062952083,361.4541666666667,26.954166666666666,25.03958333333333,,21.128125,18.9998669,24.2536035,31.0,0.0,0.0,31.0,361.79715957519227,,123.34385416666665,0.6991026858241267,0.6949239710017024,96.53894271760599,1.4304050324469362,,,,,3.3992308400920863,6.5,4.9,0.0,,0.6937205796106297,3.3992308400920863,True,3.3992308400920863,
2015-07-13,14.816666666666665,219.67387500000004,,132.06170833333334,,17.60416666666668,71.529375,0.8057708333333332,41.25522916666667,398.6895833333333,,,,,,0.6088478367697919,352.3250000000001,24.56875,21.825,,19.70364583333334,,,48.0,0.0,0.0,48.0,360.8602520440732,,131.25593750000002,0.6991026858241267,0.6953418424839448,140.61085307297887,1.4304050324469362,,,,,4.951046021039121,7.6,5.6,0.90000004,,0.8841153608998432,4.951046021039121,True,4.951046021039121,
2015-07-14,14.743750000000013,248.97877083333336,,138.99658333333335,,17.600000000000012,71.780625,2.225333333333333,48.74816666666666,398.99166666666673,,,,,,0.6340144282483332,337.7625,22.69791666666667,19.64583333333333,,18.671875000000004,,,48.0,0.0,0.0,48.0,359.88360327408645,,136.77125,0.6991026858241267,0.6956837373330523,115.50177216708981,1.4304050324469362,,,,,4.066930660139279,5.9,4.6,1.1,,0.8841153608998432,4.066930660139279,True,4.066930660139279,
2015-07-15,14.589583333333332,270.65770833333335,1.2567283302500003,154.95249999999996,17.900242666666667,17.600000000000012,67.086875,-1.032458333333334,50.60675,394.68958333333336,1.5886505537500015,11.38882602540557,1.3763966251350892,101.59450284808337,208.17009949479169,0.766017160495,329.5875,21.00000000000001,18.99166666666667,2.1424137856300898,18.0453125,9.0020204,24.0120051,0.0,0.0,0.0,0.0,358.8674636894148,103.18315340183337,155.98495833333328,0.6991026858241267,0.7025216343152011,145.32128814284303,1.4304050324469362,2.2724137468836143,0.6614942524223093,147.59370188972662,3.5700293136030705,5.106587896160913,6.6,5.1,0.6,1.0012917443452771,1.1330983339117735,5.778801502950046,False,,4.039145125988588
2015-07-16,14.385416666666664,245.62408333333332,1.6047526842500002,135.7764375,18.03563549791666,17.579166666666676,53.57583333333334,-0.6036249999999999,47.97708333333333,391.9770833333334,-20.303683529875,8.157864457259345,1.108920022914983,120.77639201435422,130.6057041000208,1.00408510591,330.10833333333335,19.99583333333334,18.70625,2.1130051288249834,17.666666666666668,11.1528642,23.0936348,0.0,0.0,0.0,0.0,357.8120921533313,100.4727084844792,136.3800625,0.6991026858241267,0.7028635291643084,172.7591589381162,1.4304050324469362,-29.042491098343174,0.7367111192259441,143.71666783977304,4.244632460715937,6.071543632695698,6.7000003,4.8,0.8,1.2649049234782703,1.1330983339117735,5.438872002776513,False,,4.101490842389099
2015-07-17,14.187500000000007,138.53581250000005,,60.5015,,17.545833333333334,61.891875,-5.230854166666666,27.318020833333325,375.18124999999986,,,,,,0.6295988108162499,324.475,18.668749999999992,16.7125,,16.778645833333332,6.423218,17.315924,14.0,0.0,0.0,14.0,356.71775587535933,,65.73235416666667,0.6991026858241267,0.7032814006465509,141.59312188725167,1.4304050324469362,,,,,4.985632669211805,5.8,4.4,0.3,,1.1330983339117735,4.985632669211805,True,4.985632669211805,
2015-07-18,13.929166666666662,348.3205,,206.1315625,,17.464583333333326,60.92541666666666,1.4958749999999983,64.05652083333332,393.7249999999999,,,,,,0.9606588184256246,315.61250000000007,17.368750000000002,15.345833333333333,,16.027083333333334,6.7515955000000005,24.8415724,18.0,0.0,0.0,18.0,355.5847303305745,,204.6356875,0.6991026858241267,0.7038037399993539,170.55535136418948,1.4304050324469362,,,,,6.005421169732402,6.9,5.3,0.0,,1.1330983339117735,6.005421169732402,True,6.005421169732402,
2015-07-19,13.552083333333329,324.9827291666667,,197.0172916666667,,17.345833333333314,48.62458333333333,4.5629374999999985,58.39052083333332,407.06458333333313,,,,,,1.5218164895720832,337.48958333333337,15.316666666666661,13.458333333333336,,14.918229166666668,8.903768,29.411423499999998,9.0,0.0,0.0,9.0,354.413299191853,,192.4543541666667,0.6991026858241267,0.7044753191672435,210.44481178040496,1.4304050324469362,,,,,7.409968186971525,9.0,6.6,0.0,,1.1227224525714432,7.409968186971525,True,7.409968186971525,
2015-07-20,13.183333333333335,246.38320833333333,,142.48291666666668,,17.206250000000008,56.56187500000001,4.501312500000001,45.36877083333332,407.46875,,,,,,1.2645186303739584,348.95208333333335,13.66666666666667,12.087500000000004,,14.035937499999998,26.3938408,29.116062899999996,35.0,0.0,0.0,35.0,353.2037542757574,,137.9816041666667,0.6991026858241267,0.705370758057763,195.8635901629642,1.4304050324469362,,,,,6.89654907533687,8.2,6.2000003,0.0,,1.1123465712311127,6.89654907533687,True,6.89654907533687,
2015-07-21,12.912499999999996,345.65308333333326,,202.64145833333333,,17.05416666666667,46.589375,2.4964375000000008,63.35950000000002,404.2770833333332,,,,,,1.6167562687652086,324.6166666666666,21.914583333333336,23.847916666666666,,18.932291666666668,13.3639741,30.098854,28.0,0.0,0.0,28.0,351.9563955026203,,200.14502083333332,0.7367111192259441,0.7066243725044903,234.72167009029545,1.3573841549326569,,,,,8.264780174180867,10.400001,7.5,0.0,,1.1019706898907822,8.264780174180867,True,8.264780174180867,
2015-07-22,12.868749999999995,298.63008333333335,,178.7930625,,16.952083333333324,44.52500000000001,0.4583958333333333,54.18266666666667,395.78541666666666,,,,,,1.4217334011504168,330.12708333333325,26.16875,24.860416666666666,,20.2125,9.746686500000001,26.862713199999998,19.0,0.0,0.0,19.0,350.671530871267,,178.33466666666664,0.7085047941745809,0.7085047941745809,210.81050767835075,1.4114230534812615,,,,,7.422844698143071,9.7,6.8,0.90000004,,1.0915948085504517,7.422844698143071,True,7.422844698143071,
2015-07-23,12.78958333333334,323.1365208333333,,193.4488125,,16.79791666666668,42.572083333333346,0.2833541666666675,58.86714583333333,399.54583333333335,,,,,,1.4730572402364583,328.7270833333334,22.64375,20.2,,18.1078125,,,48.0,0.0,0.0,48.0,349.34947644868515,,193.16545833333333,0.7116388302913993,0.7116388302913993,221.08945747953132,1.4052071885826178,,,,,7.78477660027855,10.1,7.2000003,0.0,,1.0812189272101211,7.78477660027855,True,7.78477660027855,
2015-07-24,13.99374999999999,329.2141458333333,,198.61604166666663,,16.645833333333346,45.46208333333333,2.2590833333333333,61.137687499999984,404.71458333333334,,,,,,1.4557615872660417,335.2416666666667,27.74375,26.381249999999994,,21.191145833333334,,,48.0,0.0,0.0,48.0,347.9905563748185,,196.3569583333333,0.7179069025250354,0.7179069025250354,222.0089897961683,1.3929382716377037,,,,,7.817154234849474,10.3,7.3,0.0,,1.0708430458697908,7.817154234849474,True,7.817154234849474,
2015-07-25,15.150000000000004,195.9725625,,112.88208333333336,,16.525,58.07479166666666,0.5387708333333336,35.8525625,397.9375,,,,,,0.9650736889783332,350.69166666666666,32.34583333333333,28.99375,,23.25364583333333,,,48.0,0.0,0.0,48.0,346.59510288253693,,112.34331250000002,0.7367111192259441,0.7367111192259441,192.7520828873407,1.3573841549326569,,,,,6.786989852988548,9.0,6.4,1.1,,1.0604671645294603,6.786989852988548,True,6.786989852988548,
2015-07-26,15.03125,176.90856250000004,,91.94750000000003,,16.45624999999999,63.307916666666664,-0.11054166666666736,32.87333333333334,390.04999999999984,,,,,,0.7944491446781251,337.96666666666675,29.22083333333333,25.36041666666667,,21.517187499999995,12.462958300000002,22.3160582,35.0,0.0,0.0,35.0,345.16345633270134,,92.0580416666667,,,158.06102825206318,,,,,,5.565483800902388,7.1,5.3,0.0,,1.0500912831891298,5.565483800902388,True,5.565483800902388,
2015-07-27,15.0,93.80247916666671,,57.22714583333333,,16.399999999999988,74.39875,-5.1930416666666686,18.651645833333326,373.30624999999986,,,,,,0.3766229304772917,355.38333333333327,27.235416666666666,23.40833333333335,,20.510937500000004,11.5708014,15.101011199999999,38.0,0.0,0.0,38.0,343.6959652641172,,62.4201875,,,112.20700073199629,,,,,,3.9509185270254368,4.8,3.8,2.3,,1.0397154018487993,3.9509185270254368,True,3.9509185270254368,
2015-07-28,14.916666666666654,262.95379166666675,,169.73035416666667,,16.379166666666652,62.19249999999999,1.1089791666666668,46.60583333333333,389.5437500000001,,,,,,0.7837457472470833,342.91666666666674,26.131249999999994,22.37708333333333,,19.951041666666665,19.1817676,22.1150185,41.0,0.0,0.0,41.0,342.1929864580514,,168.621375,,,149.0907513429361,,,,,,5.249631554593191,7.1,5.1,0.3,,1.0293395205084688,5.249631554593191,True,5.249631554593191,
2015-07-29,14.752083333333347,306.7596875,,179.00897916666668,,16.291666666666664,51.46145833333333,0.6899999999999996,54.93645833333334,393.1520833333333,,,,,,1.233339914194375,320.34375,23.40208333333333,19.785416666666666,,18.5578125,,,48.0,0.0,0.0,48.0,340.65488501686093,,178.31897916666668,,,188.1022209533213,,,,,,6.623263654592898,9.0,6.5,0.0,,1.0189636391681385,6.623263654592898,True,6.623263654592898,
2015-07-30,14.460416666666674,333.9434791666667,,195.97099999999998,,16.175000000000004,44.87000000000001,1.5966250000000004,59.46977083333334,399.5708333333334,,,,,,1.6068498698785414,321.0729166666668,20.4375,17.1375,,17.05260416666667,,,48.0,0.0,0.0,48.0,339.08203445617335,,194.374375,,,194.78005538354728,,,,,,6.858396753229092,9.400001,6.8,0.0,,1.0085877578278075,6.858396753229092,True,6.858396753229092,
2015-07-31,14.020833333333336,335.5143541666667,,196.93454166666672,,16.060416666666672,39.36145833333333,2.3186666666666667,59.87302083333335,403.79166666666674,,,,,,1.969601008742084,325.0708333333333,17.69791666666666,14.85,,15.657291666666673,8.2705391,32.2082484,11.0,0.0,0.0,11.0,337.4748168099465,,194.61587500000005,0.7332818139785081,0.7332818139785081,201.28108335463932,1.363732170820357,,,,,7.087304323061089,9.900001,7.1,0.0,,0.9982118764874772,7.087304323061089,True,7.087304323061089,
2015-08-01,13.462500000000004,332.8111875,,192.68124999999995,,15.899999999999983,36.363125,2.0572291666666658,60.34452083333334,406.20416666666665,,,,,,2.211949203689375,326.42083333333335,15.2875,12.947916666666671,,14.399479166666667,,,48.0,0.0,0.0,48.0,335.8336227476342,,190.62402083333328,0.7259625778692713,0.7259625778692713,224.4381674233487,1.3774814714761734,,,,,7.902687961177174,11.400001,8.0,0.0,,0.9878359951471468,7.902687961177174,True,7.902687961177174,
2015-08-02,,,,,,,,,,,,,,,,,,,,,,18.2064635,31.0910797,22.0,11.0,11.0,22.0,334.158851702587,,,0.7235228324995258,0.7235228324995258,180.44060772418732,1.3821263892188993,,,,,6.353490739744307,8.7,6.5,0.0,,0.9774601138068164,6.353490739744307,True,6.353490739744307,
2015-08-03,,,,,,,,,,,,,,,,,,,,,,,,48.0,48.0,48.0,48.0,332.4509120107262,,,0.722302959814653,0.722302959814653,170.2855878372869,1.3844606150535577,,,,,5.995922531417482,8.2,6.2000003,0.0,,0.9670842324664858,5.995922531417482,True,5.995922531417482,
2015-08-04,,,,,,,,,,,,,,,,,,,,,,,,48.0,48.0,48.0,48.0,330.7102210584506,,,0.7215710362037293,0.7215710362037293,179.3268749728452,1.3858649388993196,,,,,6.314275117432626,9.2,6.6,0.0,,0.9567083511261552,6.314275117432626,True,6.314275117432626,
2015-08-05,,,,,,,,,,,,,,,,,,,,,,17.0534837,26.5738722,28.0,27.0,27.0,28.0,328.9372054386571,,,0.7210830871297803,0.7210830871297803,177.38200392237275,1.3868027386142538,,,,,6.245794300586443,9.400001,6.6,0.0,,0.9463324697858247,6.245794300586443,True,6.245794300586443,
2015-08-06,11.36875,157.5029166666666,,81.15020833333338,,14.779166666666686,42.866875,-2.425500000000001,30.15358333333333,383.13125000000014,,,,,,1.1472839340804162,336.925,9.6375,8.422916666666664,,11.052083333333336,14.7598231,22.299698100000004,27.0,0.0,0.0,27.0,327.13230111368864,,83.57570833333338,0.7332818139785081,0.7228257623938843,135.56505721919564,1.363732170820357,,,,,4.773378601072022,7.2000003,5.1,0.0,,0.9359565884454945,4.773378601072022,True,4.773378601072022,
2015-08-07,11.002083333333333,318.63522916666665,,181.84958333333336,,14.522916666666662,50.021875,-1.5299375000000015,57.30027083333334,387.25624999999985,,,,,,1.1808693855193748,307.74791666666664,9.14375,7.949999999999998,,10.654687499999996,5.248056500000001,25.645249800000002,23.0,0.0,0.0,23.0,325.29595358397006,,183.37952083333334,0.7186433417600346,0.7241327688419623,149.83423400451773,1.39151083978722,,,,,5.275810308173647,7.8,5.7000003,0.0,,0.9255807071051638,5.275810308173647,True,5.275810308173647,
2015-08-08,10.641666666666666,294.23052083333334,,166.51604166666667,,14.266666666666675,45.81354166666667,0.3635416666666663,53.94906249999998,393.90833333333336,,,,,,1.452248128068125,320.1645833333332,8.670833333333334,7.529166666666668,,10.277083333333335,5.6940862999999995,26.3765918,25.0,0.0,0.0,25.0,323.42861806103247,,166.1525,0.7186433417600346,0.7251493294126896,132.55934741391994,1.39151083978722,,,,,4.6675446114006505,6.5,5.1,0.0,,0.9152048257648332,4.6675446114006505,True,4.6675446114006505,
2015-08-09,10.341666666666663,228.31512500000005,,125.33000000000004,,13.999999999999993,48.51229166666666,1.3382291666666672,41.68889583333333,396.90625000000006,,,,,,1.3683757225206248,335.6166666666666,8.283333333333337,7.181250000000001,,9.951562499999998,,,48.0,0.0,0.0,48.0,321.53075964358936,,123.99177083333336,0.7186433417600346,0.7259625778692714,143.90516824768238,1.39151083978722,,,,,5.0670420887772165,7.6,5.6,0.0,,0.9048289444245028,5.0670420887772165,True,5.0670420887772165,
2015-08-10,10.083333333333329,250.89556249999995,,147.45839583333338,,13.72708333333334,52.55333333333332,3.660520833333333,46.150020833333336,408.79375,,,,,,1.5026987219327086,351.52291666666656,8.027083333333334,6.964583333333329,,9.70052083333333,8.840076,32.133742600000005,9.0,0.0,0.0,9.0,319.60285349528976,,143.79787500000003,0.7186433417600346,0.7266279629701111,161.8933142786426,1.39151083978722,,,,,5.700422349874367,8.7,6.3,0.6,,0.9048289444245028,5.700422349874367,True,5.700422349874367,
2015-08-11,9.902083333333339,302.69860416666666,0.7504778024166666,174.2101458333333,23.0837935125,13.512499999999996,48.91270833333334,5.118125,53.937708333333305,418.4604166666666,13.253229258937502,9.702666419791527,1.2362775325223587,110.73887450702084,180.32086802708332,1.8143931821791677,343.8875,7.810416666666668,6.785416666666667,3.050670714701526,9.502604166666666,11.5918642,32.8521904,0.0,0.0,0.0,0.0,317.645385022748,123.99210376595836,169.09202083333332,0.7186433417600346,0.7253746814848762,154.09434426235615,1.39151083978722,18.44201217599668,0.7332818139785081,172.5363564383528,3.910828542304616,5.4419603091661255,6.9,5.4,0.0,1.0077704276233566,0.9048289444245028,4.886076299892316,False,,4.768988965875144
2015-08-12,9.704166666666678,235.5750833333334,0.8567094452708334,136.2580625,23.18261086041667,13.300000000000011,43.55208333333334,4.119875,42.07177083333333,415.26041666666674,-3.5351807963541666,9.385682658086148,1.204415419487895,96.56110824875002,198.49188399125,1.869238556019375,358.0187500000001,7.527083333333333,6.527083333333329,3.0736539755072694,9.264583333333333,12.1296258,33.73518060000001,0.0,0.0,0.0,0.0,315.65885005242814,93.02592745239583,132.1381875,0.7332818139785081,0.7268604291194444,131.68348976888734,1.363732170820357,-4.821039781654505,0.7040048695415613,126.86244998723284,3.410455054610154,4.650947275108765,7.7000003,5.8,0.0,0.8018874612256491,0.9048289444245028,5.248007877662117,False,,4.231823798329743
2015-08-13,9.502083333333324,259.00168749999995,,143.49166666666667,,13.035416666666665,43.67666666666666,5.071374999999999,49.4139375,422.02916666666647,,,,,,2.016200957363751,355.9395833333333,7.314583333333332,6.314583333333335,,9.04166666666667,12.998348,31.5691878,35.0,0.0,0.0,35.0,313.6437550049487,,138.42029166666669,0.7332818139785081,0.7283461767540128,169.60251972048275,1.363732170820357,,,,,5.971871033201718,9.1,6.6,0.0,,0.9048289444245028,5.971871033201718,True,5.971871033201718,
2015-08-14,9.36666666666667,152.57579166666662,,74.2625625,,12.829166666666676,50.50937500000001,2.445791666666667,29.286395833333344,413.51875,,,,,,1.4610911077104165,364.49166666666673,7.064583333333332,6.07083333333333,,8.832812499999998,13.486453400000002,34.219820299999995,1.0,0.0,0.0,1.0,311.60061706537067,,71.81677083333334,0.7332818139785081,0.7298319243885809,152.85282006985167,1.363732170820357,,,,,5.3820976835882535,9.0,6.5,1.6,,0.8280150282443467,5.3820976835882535,True,5.3820976835882535,
2015-08-15,9.312500000000009,128.4426666666667,,73.02666666666667,,12.662500000000005,58.39333333333333,-0.29187500000000005,24.092083333333346,391.77083333333326,,,,,,0.8961024701764586,360.4458333333334,6.908333333333332,5.9250000000000025,,8.702083333333334,9.9339955,19.4830737,29.0,0.0,0.0,29.0,309.5299643480325,,73.31854166666669,0.7332818139785081,0.7328591683258258,79.66042978510346,1.363732170820357,,,,,2.8049218485083993,5.3,3.8,0.0,,0.7381373285548418,2.8049218485083993,True,2.8049218485083993,
2015-08-16,9.181250000000004,230.13810416666664,,132.68547916666668,,12.514583333333325,61.89520833333332,-2.4646250000000007,41.995895833333336,385.65833333333336,,,,,,0.8582803898002084,330.1958333333334,6.716666666666668,5.733333333333333,,8.536458333333334,6.2657614,24.3496083,18.0,0.0,0.0,18.0,307.43233605450405,,135.1501041666667,0.7332818139785081,0.7371750253296689,86.512859272228,1.363732170820357,,,,,3.0462026103075663,5.8,4.5,0.0,,0.6769339134016813,3.0462026103075663,True,3.0462026103075663,
2015-08-17,9.095833333333337,269.99493749999993,0.8231489021805555,154.8904375,17.34787154375,12.327083333333347,50.88520833333333,0.07943750000000087,48.6850833333333,393.9229166666668,52.995855017826386,,0.9708531062834608,60.788150210993074,,1.1465911279139582,327.51041666666663,6.6729166666666675,5.695833333333336,,8.447916666666668,8.2496785,26.0904329,5.0,0.0,0.0,5.0,305.3082826232511,113.78400522881945,154.81099999999995,0.7194957176409238,0.7402865537498715,84.48716054948142,1.3898623375810923,73.65694293718484,0.7349865657402863,158.14410348666624,2.1349622776699086,2.967303661889752,5.9,4.4,0.0,0.6743871958840345,0.6157304982485208,2.709214192293492,False,,3.859174153493318
2015-08-18,9.035416666666665,281.81645833333334,,159.01493749999997,,12.154166666666674,45.98354166666667,0.5397083333333327,52.21010416666667,395.47083333333336,,,,,,1.29252074620125,324.86458333333337,6.591666666666669,5.620833333333335,,8.350520833333333,6.286520200000001,26.031671799999998,19.0,0.0,0.0,19.0,303.15836586961944,,158.47522916666662,0.7349865657402863,0.7433980821700743,72.44400860423113,1.3605690860387214,,,,,2.5508245822386564,6.3,4.6,0.0,,0.5545270830953601,2.5508245822386564,True,2.5508245822386564,
2015-08-19,8.947916666666657,241.2351666666666,,121.36593750000004,,11.970833333333326,46.56833333333332,1.0236249999999991,49.30054166666667,400.0125000000001,,,,,,1.3701876253574998,329.45208333333335,6.4895833333333295,5.541666666666668,,8.2375,15.2944212,25.532197600000003,37.0,0.0,0.0,37.0,300.9831591147804,,120.34231250000003,0.7349865657402863,0.746509610590277,72.85463730038218,1.3605690860387214,,,,,2.5652832212965384,7.1,5.2000003,0.0,,0.4933236679421996,2.5652832212965384,True,2.5652832212965384,
2015-08-20,8.908333333333326,196.9485833333333,,92.47462500000002,,11.847916666666668,42.758125,1.951270833333333,41.65497916666667,402.88333333333327,,,,,,1.5414307838097916,340.05208333333337,6.3979166666666645,5.458333333333331,,8.153125,9.5395783,29.891957300000005,20.0,0.0,0.0,20.0,298.7832473023116,,90.52335416666668,0.7349865657402863,0.7496211390104794,78.54281732508804,1.3605690860387214,,,,,2.7655696178498506,9.3,6.4,0.0,,0.4321202527890391,2.7655696178498506,True,2.7655696178498506,
2015-08-21,8.899999999999991,114.6598125,,51.17922916666668,,11.747916666666667,51.14833333333331,-0.8038333333333342,25.57568749999999,388.625,,,,,,1.0117597352349998,350.71875000000017,6.23541666666667,5.270833333333334,,8.038541666666667,,,48.0,0.0,0.0,48.0,296.55922710112696,,51.98306250000002,0.7519430250697274,0.7527326674306823,53.724032651113966,1.3298879923878146,,,,,1.8916758719429805,7.3,5.1,2.4,,0.3709168376358785,1.8916758719429805,True,1.8916758719429805,
2015-08-22,8.829166666666676,286.1191875,,142.2433333333333,,11.641666666666676,54.84374999999999,-4.227520833333333,55.66302083333331,373.3395833333335,,,,,,0.7893009332481249,285.1437499999999,6.037499999999998,5.097916666666668,,7.9015625000000025,18.113988,20.187674100000002,41.0,0.0,0.0,41.0,294.31170699351543,,146.4708541666666,0.7661177688023066,0.7570974773361198,34.30413827658113,1.3052823478606008,,,,,1.2078823476826002,5.2000003,3.9,0.0,,0.30971342248271794,1.2078823476826002,True,1.2078823476826002,
2015-08-23,8.739583333333327,255.02554166666664,,125.74895833333332,,11.539583333333333,51.47270833333334,-2.895833333333333,51.78193749999999,377.5770833333333,,,,,,1.0519986177166667,300.09375000000006,5.943749999999995,5.0375000000000005,,7.815104166666664,0.7734799,3.1401139,46.0,0.0,0.0,46.0,292.04130734709645,,128.64479166666666,0.7675086266007376,0.7600540283234337,29.642517398543703,1.3029169514731798,,,,,1.0437421053371434,5.5,4.2000003,0.0,,0.2485100073295574,1.0437421053371434,True,1.0437421053371434,
2015-08-24,8.71666666666666,191.45241666666664,,82.18881250000003,,11.429166666666653,47.62875,0.936791666666667,41.75129166666665,392.4333333333333,,,,,,1.2667917330770837,324.9291666666666,5.912499999999998,5.062500000000001,,7.780208333333332,,,48.0,0.0,0.0,48.0,289.74866046955583,,81.25202083333336,0.7675086266007376,0.7630105793107474,26.597752879085604,1.3029169514731798,,,,,0.9365329608819846,7.0,5.0,0.0,,0.18730659217639686,0.9365329608819846,True,0.9365329608819846,
2015-08-25,8.75208333333333,225.76822916666669,,104.93833333333332,,11.335416666666672,43.77354166666666,4.408416666666667,48.54472916666666,416.49791666666647,,,,,,1.6944604786768749,344.20416666666665,5.885416666666668,5.091666666666668,,7.766145833333333,17.335923,31.7438484,26.0,0.0,0.0,26.0,287.43441064508414,,100.52991666666668,0.7675086266007376,0.7659671302980612,30.321439878022762,1.3029169514731798,,,,,1.06764763159744,8.0,5.7000003,0.0,,0.18730659217639686,1.06764763159744,True,1.06764763159744,
2015-08-26,8.806250000000004,226.26952083333336,0.5835058677708332,102.32952083333338,20.598801945833333,11.275000000000004,46.72208333333334,3.927979166666667,49.19079166666665,413.55208333333337,51.53213090220833,7.1752236140467325,1.0382333746800565,24.128763749375,141.22192484562495,1.6617852596866678,338.81041666666664,5.775000000000002,4.977083333333332,2.700018634366723,7.708333333333331,9.1469739,33.8864905,0.0,0.0,0.0,0.0,285.09921415150035,75.66089465158333,98.4015416666667,0.7675086266007376,0.7672557433646593,31.437775307152236,1.3029169514731798,67.14208689802211,0.7688994843991686,98.57986220517435,0.8500872192858068,1.1075930482381755,6.4,4.8,0.0,0.2307485517162866,0.18730659217639686,0.8990716424467052,False,,3.586486792652501
2015-08-27,8.839583333333335,173.88375,0.8474936170416666,64.42685416666667,20.587804987500004,11.199999999999996,42.43708333333333,2.9106874999999994,41.20556249999999,412.4625,30.517873892333327,6.695329149711683,0.9990979039992008,16.610754459604173,189.64602035812496,1.6309646962770836,344.21458333333334,5.602083333333333,4.79375,2.6300626002762835,7.608854166666664,9.7207468,31.0110575,0.0,0.0,0.0,0.0,282.7437392571112,47.1286283519375,61.51616666666667,0.7675086266007376,0.7673695408208945,21.642433562176997,1.3029169514731798,39.762255217241886,0.7661177688023066,61.404688779418876,0.5852119370397061,0.7624825529734882,7.4,5.3,0.0,0.14386463263650726,0.18730659217639686,0.9927249385349036,False,,3.244081169304699
2015-08-28,8.862499999999997,133.07135416666668,,48.02758333333332,,11.18125,41.622708333333335,2.4709166666666658,30.609354166666673,410.93125,,,,,,1.566013751791667,356.5020833333333,5.427083333333332,4.61875,,7.5223958333333325,11.3148414,29.7343423,4.0,0.0,0.0,4.0,280.36866619642484,,45.55666666666665,0.7675086266007376,0.7673540868453563,31.38534839732101,1.3029169514731798,,,,,1.1051088938407418,8.8,5.9,0.0,,0.18730659217639686,1.1051088938407418,True,1.1051088938407418,
2015-08-29,8.84583333333334,54.12881250000001,,5.254583333333333,,11.118750000000004,52.48604166666666,-0.4135416666666665,13.432354166666665,401.54166666666674,,,,,,1.1264551969691667,366.1062499999999,5.210416666666666,4.383333333333336,,7.3895833333333325,,,48.0,0.0,0.0,48.0,277.97468712390946,,5.668124999999999,0.7675086266007376,0.7673347693759337,29.257528166994167,1.3029169514731798,,,,,1.030186256970183,8.1,5.5,0.0,,0.18730659217639686,1.030186256970183,True,1.030186256970183,
2015-08-30,8.827083333333341,100.47893749999996,,46.15724999999998,,11.100000000000007,65.33416666666668,-0.4088541666666667,21.574083333333334,388.20416666666665,,,,,,0.6230044838897918,355.45833333333326,5.097916666666664,4.287499999999999,,7.328124999999994,9.94012300909091,21.4098844,27.0,0.0,0.0,27.0,275.56250604506243,,46.56610416666665,0.7675086266007376,0.7673099326295331,20.74624724568677,1.3029169514731798,,,,,0.730495709487948,5.6,3.9,1.5,,0.18730659217639686,0.730495709487948,True,0.730495709487948,
2015-08-31,8.79583333333334,135.25960416666663,,51.719645833333324,,11.0625,54.67416666666665,-1.4046875000000003,29.340249999999994,387.55208333333326,,,,,,0.8542620219722915,333.3520833333333,4.993749999999999,4.208333333333334,,7.265104166666666,8.73803,20.651243,23.0,0.0,0.0,23.0,273.13283872413035,,53.12433333333332,0.7675086266007376,0.7672768169676658,22.874067476013614,1.3029169514731798,,,,,0.8054183463585067,6.4,4.3,0.0,,0.18730659217639686,0.8054183463585067,True,0.8054183463585067,
2015-09-01,8.777083333333335,242.79839583333327,,109.82335416666666,,11.0,45.776666666666664,1.7149166666666658,54.81183333333333,402.4895833333335,,,,,,1.282149442018125,324.3208333333333,5.033333333333331,4.268750000000002,,7.269791666666666,,,48.0,0.0,0.0,48.0,270.68641256790283,,108.1084375,0.7661177688023066,0.7672304550410514,29.257528166994167,1.3052823478606008,,,,,1.030186256970183,8.0,5.5,0.0,,0.18730659217639686,1.030186256970183,True,1.030186256970183,
2015-09-02,8.800000000000006,82.09216666666667,,27.72912500000001,,11.0,46.33645833333335,-0.3251874999999993,18.165770833333333,392.4854166666667,,,,,,1.00730267621625,356.29791666666665,4.96875,4.187499999999997,,7.239062500000002,13.6836421,15.313239999999999,42.0,0.0,0.0,42.0,268.2239664850784,,28.054312500000005,0.7671609121511298,0.7671609121511298,20.74624724568677,1.303507496485954,,,,,0.730495709487948,5.7000003,3.9,0.0,,0.18730659217639686,0.730495709487948,True,0.730495709487948,
2015-09-03,,,,,,,,,,,,,,,,,,,,,,10.0862956,15.467037,3.0,2.0,2.0,3.0,265.74625072078493,,,0.7670450073345939,0.7670450073345939,11.703011266797665,1.3037044638031108,,,,,0.4120745027880732,2.7,2.2,4.7000003,,0.18730659217639686,0.4120745027880732,True,0.4120745027880732,
2015-09-04,,,,,,,,,,,,,,,,,,,,,,,,48.0,48.0,48.0,48.0,263.25402666592237,,,0.7668131977015221,0.7668131977015221,15.958651727451365,1.3040985770686286,,,,,0.5619197765291908,4.0,3.0,0.90000004,,0.18730659217639686,0.5619197765291908,True,0.5619197765291908,
2015-09-05,,,,,,,,,,,,,,,,,,,,,,,,48.0,48.0,48.0,48.0,260.74806664107075,,,0.7661177688023066,0.7661177688023066,7.44737080614397,1.3052823478606008,,,,,0.2622292290469557,1.7,1.4,15.5,,0.18730659217639686,0.2622292290469557,True,0.2622292290469557,
2015-09-06,,,,,,,,,,,,,,,,,,,,,,,,48.0,48.0,48.0,48.0,258.2291536548001,,,,,15.426696669869651,,,,,,0.5431891173115511,4.1,2.9,1.2,,0.18730659217639686,0.5431891173115511,True,0.5431891173115511,
2015-09-07,,,,,,,,,,,,,,,,,,,,,,,,48.0,48.0,48.0,48.0,255.69808113629543,,,,,13.298876439542802,,,,,,0.4682664804409923,3.5,2.5,0.4,,0.18730659217639686,0.4682664804409923,True,0.4682664804409923,
2015-09-08,,,,,,,,,,,,,,,,,,,,,,,,48.0,48.0,48.0,48.0,253.15565264229787,,,,,13.830832029079572,,,,,,0.4869971583892912,3.8,2.6000001,0.0,,0.18730659217639686,0.4869971583892912,True,0.4869971583892912,
2015-09-09,,,,,,,,,,,,,,,,,,,,,,,,48.0,48.0,48.0,48.0,250.60268153844447,,,,,19.682337130523347,,,,,,0.6930343910526686,5.4,3.7,0.0,,0.18730659217639686,0.6930343910526686,True,0.6930343910526686,
2015-09-10,,,,,,,,,,,,,,,,,,,,,,,,48.0,48.0,48.0,48.0,248.03999065517482,,,,,18.086471957778205,,,,,,0.6368424133997496,4.6,3.4,0.0,,0.18730659217639686,0.6368424133997496,True,0.6368424133997496,
2015-09-11,,,,,,,,,,,,,,,,,,,,,,,,48.0,48.0,48.0,48.0,245.46841191845027,,,,,16.490607316988132,,,,,,0.5806504544774896,3.9,3.1000001,0.0,,0.18730659217639686,0.5806504544774896,True,0.5806504544774896,
2015-09-12,,,,,,,,,,,,,,,,,,,,,,,,48.0,48.0,48.0,48.0,242.88878595562062,,,,,23.93797759117705,,,,,,0.8428796647937862,6.5,4.5,0.0,,0.18730659217639686,0.8428796647937862,True,0.8428796647937862,
2015-09-13,,,,,,,,,,,,,,,,,,,,,,,,48.0,48.0,48.0,48.0,240.30196167684252,,,,,27.6616645901142,,,,,,0.9739943355092416,7.9,5.2000003,0.0,,0.18730659217639686,0.9739943355092416,True,0.9739943355092416,
2015-09-14,,,,,,,,,,,,,,,,,,,,,,,,48.0,48.0,48.0,48.0,237.70879583254435,,,,,18.61842701535992,,,,,,0.6555730726173892,5.2000003,3.5,3.8,,0.18730659217639686,0.6555730726173892,True,0.6555730726173892,
2015-09-15,,,,,,,,,,,,,,,,,,,,,,,,48.0,48.0,48.0,48.0,235.110152547498,,,,,12.234966324379375,,,,,,0.4308051620057129,3.3,2.3,0.8,,0.18730659217639686,0.4308051620057129,True,0.4308051620057129,
2015-09-16,,,,,,,,,,,,,,,,,,,,,,,,48.0,48.0,48.0,48.0,232.50690283214158,,,,,11.171056741171009,,,,,,0.3933438623010928,3.1000001,2.1000001,0.0,,0.18730659217639686,0.3933438623010928,True,0.3933438623010928,
2015-09-17,,,,,,,,,,,,,,,,,,,,,,,,48.0,48.0,48.0,48.0,229.89992407186745,,,,,12.76692138196109,,,,,,0.4495358212233526,3.1000001,2.4,0.0,,0.18730659217639686,0.4495358212233526,True,0.4495358212233526,
2015-09-18,,,,,,,,,,,,,,,,,,,,,,,,48.0,48.0,48.0,48.0,227.2900994950567,,,,,12.234966324379375,,,,,,0.4308051620057129,3.4,2.3,0.0,,0.18730659217639686,0.4308051620057129,True,0.4308051620057129,
2015-09-19,,,,,,,,,,,,,,,,,,,,,,,,48.0,48.0,48.0,48.0,224.67831762071893,,,,,17.554516900196496,,,,,,0.6181117541821098,4.9,3.3,0.0,,0.18730659217639686,0.6181117541821098,True,0.6181117541821098,
2015-09-20,,,,,,,,,,,,,,,,,,,,,,,,48.0,48.0,48.0,48.0,222.06547168665298,,,,,27.6616645901142,,,,,,0.9739943355092416,8.1,5.2000003,0.0,,0.18730659217639686,0.9739943355092416,True,0.9739943355092416,
2015-09-21,,,,,,,,,,,,,,,,,,,,,,,,48.0,48.0,48.0,48.0,219.45245905911412,,,,,18.61842701535992,,,,,,0.6555730726173892,5.2000003,3.5,0.0,,0.18730659217639686,0.6555730726173892,True,0.6555730726173892,
2015-09-22,,,,,,,,,,,,,,,,,,,,,,,,48.0,48.0,48.0,48.0,216.84018062503202,,,,,14.362786554706226,,,,,,0.5057277988762717,3.7,2.7,0.0,,0.18730659217639686,0.5057277988762717,True,0.5057277988762717,
2015-09-23,,,,,,,,,,,,,,,,,,,,,,,,48.0,48.0,48.0,48.0,214.22954016788003,,,,,16.490607316988132,,,,,,0.5806504544774896,4.4,3.1000001,0.0,,0.18730659217639686,0.5806504544774896,True,0.5806504544774896,
2015-09-24,,,,,,,,,,,,,,,,,,,,,,,,48.0,48.0,48.0,48.0,211.62144372835704,,,,,18.61842701535992,,,,,,0.6555730726173892,5.1,3.5,0.0,,0.18730659217639686,0.6555730726173892,True,0.6555730726173892,
2015-09-25,,,,,,,,,,,,,,,,,,,,,,,,48.0,48.0,48.0,48.0,209.01679895108632,,,,,21.81015736085019,,,,,,0.7679570279232273,6.1,4.1,0.0,,0.18730659217639686,0.7679570279232273,True,0.7679570279232273,
2015-09-26,,,,,,,,,,,,,,,,,,,,,,,,48.0,48.0,48.0,48.0,206.41651441859332,,,,,18.086471957778205,,,,,,0.6368424133997496,5.3,3.4,0.0,,0.18730659217639686,0.6368424133997496,True,0.6368424133997496,
2015-09-27,,,,,,,,,,,,,,,,,,,,,,,,48.0,48.0,48.0,48.0,203.8214989738662,,,,,17.022561842614788,,,,,,0.5993810949644701,4.8,3.2,0.0,,0.18730659217639686,0.5993810949644701,True,0.5993810949644701,
2015-09-28,,,,,,,,,,,,,,,,,,,,,,,,48.0,48.0,48.0,48.0,201.23266103284416,,,,,13.298876439542802,,,,,,0.4682664804409923,3.5,2.5,0.0,,0.18730659217639686,0.4682664804409923,True,0.4682664804409923,
2015-09-29,,,,,,,,,,,,,,,,,,,,,,,,48.0,48.0,48.0,48.0,198.65090788822056,,,,,14.362786554706226,,,,,,0.5057277988762717,3.9,2.7,0.0,,0.18730659217639686,0.5057277988762717,True,0.5057277988762717,
2015-09-30,,,,,,,,,,,,,,,,,,,,,,,,48.0,48.0,48.0,48.0,196.07714500598104,,,,,14.362786554706226,,,,,,0.5057277988762717,4.0,2.7,0.0,,0.18730659217639686,0.5057277988762717,True,0.5057277988762717,
2015-10-01,,,,,,,,,,,,,,,,,,,,,,,,48.0,48.0,48.0,48.0,193.51227531613225,,,,,13.298876439542802,,,,,,0.4682664804409923,3.8,2.5,0.0,,0.18730659217639686,0.4682664804409923,True,0.4682664804409923,
2015-10-02,,,,,,,,,,,,,,,,,,,,,,,,48.0,48.0,48.0,48.0,190.9571984991024,,,,,12.234966324379375,,,,,,0.4308051620057129,3.3,2.3,0.8,,0.18730659217639686,0.4308051620057129,True,0.4308051620057129,
2015-10-03,,,,,,,,,,,,,,,,,,,,,,,,48.0,48.0,48.0,48.0,188.41281026932168,,,,,10.10714609405253,,,,,,0.3558825251351541,2.8,1.9,0.0,,0.18730659217639686,0.3558825251351541,True,0.3558825251351541,
2015-10-04,,,,,,,,,,,,,,,,,,,,,,,,48.0,48.0,48.0,48.0,185.8800016575144,,,,,11.171056741171009,,,,,,0.3933438623010928,3.1000001,2.1000001,0.0,,0.18730659217639686,0.3933438623010928,True,0.3933438623010928,
2015-10-05,,,,,,,,,,,,,,,,,,,,,,,,48.0,48.0,48.0,48.0,183.35965829324942,,,,,9.575191568425877,,,,,,0.3371518846481737,2.5,1.8000001,0.0,,0.18730659217639686,0.3371518846481737,True,0.3371518846481737,
2015-10-06,,,,,,,,,,,,,,,,,,,,,,,,48.0,48.0,48.0,48.0,180.85265968931373,,,,,13.298876439542802,,,,,,0.4682664804409923,3.7,2.5,0.0,,0.18730659217639686,0.4682664804409923,True,0.4682664804409923,
2015-10-07,,,,,,,,,,,,,,,,,,,,,,,,48.0,48.0,48.0,48.0,178.35987852948404,,,,,13.298876439542802,,,,,,0.4682664804409923,3.8,2.5,2.4,,0.18730659217639686,0.4682664804409923,True,0.4682664804409923,
2015-10-08,,,,,,,,,,,,,,,,,,,,,,,,48.0,48.0,48.0,48.0,175.8821799612786,,,,,8.511280921307394,,,,,,0.29969054748223506,2.2,1.6,0.0,,0.18730659217639686,0.29969054748223506,True,0.29969054748223506,
2015-10-09,,,,,,,,,,,,,,,,,,,,,,,,48.0,48.0,48.0,48.0,173.42042089527925,,,,,13.298876439542802,,,,,,0.4682664804409923,3.7,2.5,0.0,,0.18730659217639686,0.4682664804409923,True,0.4682664804409923,
2015-10-10,,,,,,,,,,,,,,,,,,,,,,,,48.0,48.0,48.0,48.0,170.97544931260816,,,,,25.00188930220564,,,,,,0.8803410394210432,7.4,4.7000003,1.1,,0.18730659217639686,0.8803410394210432,True,0.8803410394210432,
2015-10-11,,,,,,,,,,,,,,,,,,,,,,,,48.0,48.0,48.0,48.0,168.54810358214962,,,,,13.298876439542802,,,,,,0.4682664804409923,3.9,2.5,0.0,,0.18730659217639686,0.4682664804409923,True,0.4682664804409923,
2015-10-12,,,,,,,,,,,,,,,,,,,,,,,,48.0,48.0,48.0,48.0,166.13921178909487,,,,,18.086471957778205,,,,,,0.6368424133997496,5.4,3.4,0.0,,0.18730659217639686,0.6368424133997496,True,0.6368424133997496,
2015-10-13,,,,,,,,,,,,,,,,,,,,,,,,48.0,48.0,48.0,48.0,163.74959107637957,,,,,15.958651727451365,,,,,,0.5619197765291908,4.7000003,3.0,0.0,,0.18730659217639686,0.5619197765291908,True,0.5619197765291908,
2015-10-14,,,,,,,,,,,,,,,,,,,,,,,,48.0,48.0,48.0,48.0,161.38004700057581,,,,,11.171056741171009,,,,,,0.3933438623010928,3.2,2.1000001,0.0,,0.18730659217639686,0.3933438623010928,True,0.3933438623010928,
2015-10-15,,,,,,,,,,,,,,,,,,,,,,,,48.0,48.0,48.0,48.0,159.03137290377492,,,,,12.76692138196109,,,,,,0.4495358212233526,3.7,2.4,0.0,,0.18730659217639686,0.4495358212233526,True,0.4495358212233526,
2015-10-16,,,,,,,,,,,,,,,,,,,,,,,,48.0,48.0,48.0,48.0,156.7043493029871,,,,,10.10714609405253,,,,,,0.3558825251351541,2.9,1.9,0.0,,0.18730659217639686,0.3558825251351541,True,0.3558825251351541,
2015-10-17,,,,,,,,,,,,,,,,,,,,,,,,48.0,48.0,48.0,48.0,154.39974329855474,,,,,10.10714609405253,,,,,,0.3558825251351541,2.8,1.9,0.0,,0.18730659217639686,0.3558825251351541,True,0.3558825251351541,
2015-10-18,,,,,,,,,,,,,,,,,,,,,,,,48.0,48.0,48.0,48.0,152.11830800304992,,,,,7.44737080614397,,,,,,0.2622292290469557,2.0,1.4,0.0,,0.18730659217639686,0.2622292290469557,True,0.2622292290469557,
2015-10-19,,,,,,,,,,,,,,,,,,,,,,,,48.0,48.0,48.0,48.0,149.8607819921009,,,,,5.8515056333988325,,,,,,0.2060372513940366,1.4,1.1,0.6,,0.18730659217639686,0.2060372513940366,True,0.2060372513940366,
2015-10-20,,,,,,,,,,,,,,,,,,,,,,,,48.0,48.0,48.0,48.0,147.62788877855144,,,,,6.383460690980545,,,,,,0.2247679106116763,1.6,1.2,0.0,,0.18730659217639686,0.2247679106116763,True,0.2247679106116763,
2015-10-21,,,,,,,,,,,,,,,,,,,,,,,,48.0,48.0,48.0,48.0,145.42033631132583,,,,,9.575191568425877,,,,,,0.3371518846481737,2.7,1.8000001,0.0,,0.18730659217639686,0.3371518846481737,True,0.3371518846481737,
2015-10-22,,,,,,,,,,,,,,,,,,,,,,,,48.0,48.0,48.0,48.0,143.23881650032916,,,,,8.511280921307394,,,,,,0.29969054748223506,2.4,1.6,0.0,,0.18730659217639686,0.29969054748223506,True,0.29969054748223506,
2015-10-23,,,,,,,,,,,,,,,,,,,,,,,,48.0,48.0,48.0,48.0,141.0840047686659,,,,,7.979325863725681,,,,,,0.2809598882645954,2.2,1.5,0.0,,0.18730659217639686,0.2809598882645954,True,0.2809598882645954,
2015-10-24,,,,,,,,,,,,,,,,,,,,,,,,48.0,48.0,48.0,48.0,138.95655963341508,,,,,6.383460690980545,,,,,,0.2247679106116763,1.7,1.2,0.0,,0.18730659217639686,0.2247679106116763,True,0.2247679106116763,
2015-10-25,,,,,,,,,,,,,,,,,,,,,,,,48.0,48.0,48.0,48.0,136.85712231614667,,,,,7.44737080614397,,,,,,0.2622292290469557,2.1000001,1.4,0.0,,0.18730659217639686,0.2622292290469557,True,0.2622292290469557,
2015-10-26,,,,,,,,,,,,,,,,,,,,,,,,48.0,48.0,48.0,48.0,134.78631638430517,,,,,4.787595731017432,,,,,,0.16857594045102092,1.3000001,0.90000004,4.5,,0.18730659217639686,0.16857594045102092,True,0.16857594045102092,
2015-10-27,,,,,,,,,,,,,,,,,,,,,,,,48.0,48.0,48.0,48.0,132.74474742453398,,,,,3.723685403071984,,,,,,0.13111461452347786,1.0,0.7,0.6,,0.18730659217639686,0.13111461452347786,True,0.13111461452347786,
2015-10-28,,,,,,,,,,,,,,,,,,,,,,,,48.0,48.0,48.0,48.0,130.7330027489402,,,,,5.3195505758171215,,,,,,0.18730659217639686,1.4,1.0,0.3,,0.18730659217639686,0.18730659217639686,True,0.18730659217639686,
2015-10-29,,,,,,,,,,,,,,,,,,,,,,,,48.0,48.0,48.0,48.0,128.7516511352417,,,,,5.3195505758171215,,,,,,0.18730659217639686,1.5,1.0,2.8,,0.18730659217639686,0.18730659217639686,True,0.18730659217639686,
2015-10-30,,,,,,,,,,,,,,,,,,,,,,,,48.0,48.0,48.0,48.0,126.80124260165792,,,,,6.383460690980545,,,,,,0.2247679106116763,1.8000001,1.2,8.0,,0.18730659217639686,0.2247679106116763,True,0.2247679106116763,
2015-10-31,,,,,,,,,,,,,,,,,,,,,,,,48.0,48.0,48.0,48.0,124.88230821733409,,,,,5.3195505758171215,,,,,,0.18730659217639686,1.5,1.0,9.8,,0.18730659217639686,0.18730659217639686,True,0.18730659217639686,
2015-11-01,,,,,,,,,,,,,,,,,,,,,,,,48.0,48.0,48.0,48.0,122.99535994900829,,,,,10.10714609405253,,,,,,0.3558825251351541,3.0,1.9,1.4,,0.18730659217639686,0.3558825251351541,True,0.3558825251351541,
2015-11-02,,,,,,,,,,,,,,,,,,,,,,,,48.0,48.0,48.0,48.0,121.14089054454084,,,,,5.8515056333988325,,,,,,0.2060372513940366,1.7,1.1,0.0,,0.18730659217639686,0.2060372513940366,True,0.2060372513940366,
2015-11-03,,,,,,,,,,,,,,,,,,,,,,,,48.0,48.0,48.0,48.0,119.31937345384122,,,,,3.191730345490273,,,,,,0.11238395530583817,0.90000004,0.6,0.0,,0.18730659217639686,0.11238395530583817,True,0.11238395530583817,
2015-11-04,,,,,,,,,,,,,,,,,,,,,,,,48.0,48.0,48.0,48.0,117.53126278763037,,,,,4.255640460653697,,,,,,0.14984527374111753,1.1,0.8,0.0,,0.18730659217639686,0.14984527374111753,True,0.14984527374111753,
2015-11-05,,,,,,,,,,,,,,,,,,,,,,,,48.0,48.0,48.0,48.0,115.77699331437545,,,,,5.3195505758171215,,,,,,0.18730659217639686,1.5,1.0,1.4,,0.18730659217639686,0.18730659217639686,True,0.18730659217639686,
2015-11-06,,,,,,,,,,,,,,,,,,,,,,,,48.0,48.0,48.0,48.0,114.0569804956368,,,,,4.787595731017432,,,,,,0.16857594045102092,1.4,0.90000004,0.0,,0.18730659217639686,0.16857594045102092,True,0.16857594045102092,
2015-11-07,,,,,,,,,,,,,,,,,,,,,,,,48.0,48.0,48.0,48.0,112.37162055994943,,,,,7.979325863725681,,,,,,0.2809598882645954,2.3,1.5,0.0,,0.18730659217639686,0.2809598882645954,True,0.2809598882645954,
2015-11-08,,,,,,,,,,,,,,,,,,,,,,,,48.0,48.0,48.0,48.0,110.72129061525551,,,,,6.383460690980545,,,,,,0.2247679106116763,2.0,1.2,1.0,,0.18730659217639686,0.2247679106116763,True,0.2247679106116763,
2015-11-09,,,,,,,,,,,,,,,,,,,,,,,,48.0,48.0,48.0,48.0,109.10634879978291,,,,,1.0639101151634245,,,,,,0.03746131843527938,0.3,0.2,2.7,,0.18730659217639686,0.03746131843527938,True,0.03746131843527938,
2015-11-10,,,,,,,,,,,,,,,,,,,,,,,,48.0,48.0,48.0,48.0,107.52713447114135,,,,,1.0639101151634245,,,,,,0.03746131843527938,0.3,0.2,0.0,,0.18730659217639686,0.03746131843527938,True,0.03746131843527938,
2015-11-11,,,,,,,,,,,,,,,,,,,,,,,,48.0,48.0,48.0,48.0,105.98396843328516,,,,,5.8515056333988325,,,,,,0.2060372513940366,1.7,1.1,0.7,,0.18730659217639686,0.2060372513940366,True,0.2060372513940366,
2015-11-12,,,,,,,,,,,,,,,,,,,,,,,,48.0,48.0,48.0,48.0,104.47715320085291,,,,,4.787595731017432,,,,,,0.16857594045102092,1.5,0.90000004,1.0,,0.18730659217639686,0.16857594045102092,True,0.16857594045102092,
2015-11-13,,,,,,,,,,,,,,,,,,,,,,,,48.0,48.0,48.0,48.0,103.00697330026802,,,,,10.63910115163424,,,,,,0.3746131843527937,3.3,2.0,3.5,,0.18730659217639686,0.3746131843527937,True,0.3746131843527937,
2015-11-14,,,,,,,,,,,,,,,,,,,,,,,,48.0,48.0,48.0,48.0,101.57369560683591,,,,,6.915416280517316,,,,,,0.2434985885599752,2.1000001,1.3000001,0.5,,0.18730659217639686,0.2434985885599752,True,0.2434985885599752,
2015-11-15,,,,,,,,,,,,,,,,,,,,,,,,48.0,48.0,48.0,48.0,100.17756971693609,,,,,6.383460690980545,,,,,,0.2247679106116763,2.0,1.2,0.0,,0.18730659217639686,0.2247679106116763,True,0.2247679106116763,
2015-11-16,,,,,,,,,,,,,,,,,,,,,,,,48.0,48.0,48.0,48.0,98.81882835426292,,,,,3.723685403071984,,,,,,0.13111461452347786,1.0,0.7,0.0,,0.18730659217639686,0.13111461452347786,True,0.13111461452347786,
2015-11-17,,,,,,,,,,,,,,,,,,,,,,,,48.0,48.0,48.0,48.0,97.49768780891344,,,,,11.703011266797665,,,,,,0.4120745027880732,3.6000001000000004,2.2,3.5,,0.18730659217639686,0.4120745027880732,True,0.4120745027880732,
2015-11-18,,,,,,,,,,,,,,,,,,,,,,,,48.0,48.0,48.0,48.0,96.21434840797968,,,,,5.3195505758171215,,,,,,0.18730659217639686,1.7,1.0,0.0,,0.18730659217639686,0.18730659217639686,True,0.18730659217639686,
2015-11-19,,,,,,,,,,,,,,,,,,,,,,,,48.0,48.0,48.0,48.0,94.96899501614362,,,,,4.255640460653697,,,,,,0.14984527374111753,1.4,0.8,0.0,,0.18730659217639686,0.14984527374111753,True,0.14984527374111753,
2015-11-20,,,,,,,,,,,,,,,,,,,,,,,,48.0,48.0,48.0,48.0,93.76179756462564,,,,,4.787595731017432,,,,,,0.16857594045102092,1.4,0.90000004,0.0,,0.18730659217639686,0.16857594045102092,True,0.16857594045102092,
2015-11-21,,,,,,,,,,,,,,,,,,,,,,,,48.0,48.0,48.0,48.0,92.59291160668421,,,,,4.787595731017432,,,,,,0.16857594045102092,1.5,0.90000004,0.0,,0.18730659217639686,0.16857594045102092,True,0.16857594045102092,
2015-11-22,,,,,,,,,,,,,,,,,,,,,,,,48.0,48.0,48.0,48.0,91.46247889771296,,,,,3.723685403071984,,,,,,0.13111461452347786,1.1,0.7,0.0,,0.18730659217639686,0.13111461452347786,True,0.13111461452347786,
2015-11-23,,,,,,,,,,,,,,,,,,,,,,,,48.0,48.0,48.0,48.0,90.37062799783493,,,,,2.1278202303268485,,,,,,0.07492263687055876,0.6,0.4,0.0,,0.18730659217639686,0.07492263687055876,True,0.07492263687055876,
2015-11-24,,,,,,,,,,,,,,,,,,,,,,,,48.0,48.0,48.0,48.0,89.3174748947483,,,,,0.5319550575817121,,,,,,0.01873065921763969,0.1,0.1,3.4,,0.18730659217639686,0.01873065921763969,True,0.01873065921763969,
2015-11-25,,,,,,,,,,,,,,,,,,,,,,,,48.0,48.0,48.0,48.0,88.30312364443701,,,,,1.5958651727451365,,,,,,0.056191977652919084,0.5,0.3,0.0,,0.18730659217639686,0.056191977652919084,True,0.056191977652919084,
2015-11-26,,,,,,,,,,,,,,,,,,,,,,,,48.0,48.0,48.0,48.0,87.32766702722448,,,,,1.5958651727451365,,,,,,0.056191977652919084,0.6,0.3,0.0,,0.18730659217639686,0.056191977652919084,True,0.056191977652919084,
2015-11-27,,,,,,,,,,,,,,,,,,,,,,,,48.0,48.0,48.0,48.0,86.39118721652477,,,,,1.0639101151634245,,,,,,0.03746131843527938,0.3,0.2,0.0,,0.18730659217639686,0.03746131843527938,True,0.03746131843527938,
2015-11-28,,,,,,,,,,,,,,,,,,,,,,,,48.0,48.0,48.0,48.0,85.49375645751975,,,,,1.0639101151634245,,,,,,0.03746131843527938,0.4,0.2,0.0,,0.18730659217639686,0.03746131843527938,True,0.03746131843527938,
2015-11-29,,,,,,,,,,,,,,,,,,,,,,,,48.0,48.0,48.0,48.0,84.63543775288879,,,,,0.5319550575817121,,,,,,0.01873065921763969,0.2,0.1,0.0,,0.18730659217639686,0.01873065921763969,True,0.01873065921763969,
2015-11-30,,,,,,,,,,,,,,,,,,,,,,,,48.0,48.0,48.0,48.0,83.8162855526132,,,,,1.0639101151634245,,,,,,0.03746131843527938,0.4,0.2,0.0,,0.18730659217639686,0.03746131843527938,True,0.03746131843527938,
2015-12-01,,,,,,,,,,,,,,,,,,,,,,,,48.0,48.0,48.0,48.0,83.03634644479551,,,,,2.1278202303268485,,,,,,0.07492263687055876,0.8,0.4,0.0,,0.18730659217639686,0.07492263687055876,True,0.07492263687055876,
2015-12-02,,,,,,,,,,,,,,,,,,,,,,,,48.0,48.0,48.0,48.0,82.29565984436051,,,,,1.5958651727451365,,,,,,0.056191977652919084,0.5,0.3,0.3,,0.18730659217639686,0.056191977652919084,True,0.056191977652919084,
2015-12-03,,,,,,,,,,,,,,,,,,,,,,,,48.0,48.0,48.0,48.0,81.59425867644792,,,,,2.6597752879085603,,,,,,0.09365329608819846,0.8,0.5,1.0,,0.18730659217639686,0.09365329608819846,True,0.09365329608819846,
2015-12-04,,,,,,,,,,,,,,,,,,,,,,,,48.0,48.0,48.0,48.0,80.9321700512684,,,,,3.723685403071984,,,,,,0.13111461452347786,1.1,0.7,0.8,,0.18730659217639686,0.13111461452347786,True,0.13111461452347786,
2015-12-05,,,,,,,,,,,,,,,,,,,,,,,,48.0,48.0,48.0,48.0,80.30941592717035,,,,,4.787595731017432,,,,,,0.16857594045102092,1.5,0.90000004,0.0,,0.18730659217639686,0.16857594045102092,True,0.16857594045102092,
2015-12-06,,,,,,,,,,,,,,,,,,,,,,,,48.0,48.0,48.0,48.0,79.72601375866253,,,,,6.915416280517316,,,,,,0.2434985885599752,2.1000001,1.3000001,1.2,,0.18730659217639686,0.2434985885599752,True,0.2434985885599752,
2015-12-07,,,,,,,,,,,,,,,,,,,,,,,,48.0,48.0,48.0,48.0,79.18197712615374,,,,,3.723685403071984,,,,,,0.13111461452347786,1.1,0.7,9.7,,0.18730659217639686,0.13111461452347786,True,0.13111461452347786,
2015-12-08,,,,,,,,,,,,,,,,,,,,,,,,48.0,48.0,48.0,48.0,78.67731634420706,,,,,6.383460690980545,,,,,,0.2247679106116763,2.0,1.2,5.1,,0.18730659217639686,0.2247679106116763,True,0.2247679106116763,
2015-12-09,,,,,,,,,,,,,,,,,,,,,,,,48.0,48.0,48.0,48.0,78.21203904516503,,,,,6.383460690980545,,,,,,0.2247679106116763,2.0,1.2,1.7,,0.18730659217639686,0.2247679106116763,True,0.2247679106116763,
2015-12-10,,,,,,,,,,,,,,,,,,,,,,,,48.0,48.0,48.0,48.0,77.78615073508048,,,,,3.191730345490273,,,,,,0.11238395530583817,1.1,0.6,3.3,,0.18730659217639686,0.11238395530583817,True,0.11238395530583817,
2015-12-11,,,,,,,,,,,,,,,,,,,,,,,,48.0,48.0,48.0,48.0,77.39965531898969,,,,,3.191730345490273,,,,,,0.11238395530583817,1.0,0.6,0.7,,0.18730659217639686,0.11238395530583817,True,0.11238395530583817,
2015-12-12,,,,,,,,,,,,,,,,,,,,,,,,48.0,48.0,48.0,48.0,77.05255559268805,,,,,2.6597752879085603,,,,,,0.09365329608819846,0.8,0.5,2.3,,0.18730659217639686,0.09365329608819846,True,0.09365329608819846,
2015-12-13,,,,,,,,,,,,,,,,,,,,,,,,48.0,48.0,48.0,48.0,76.74485369830964,,,,,2.1278202303268485,,,,,,0.07492263687055876,0.7,0.4,1.3000001,,0.18730659217639686,0.07492263687055876,True,0.07492263687055876,
2015-12-14,,,,,,,,,,,,,,,,,,,,,,,,48.0,48.0,48.0,48.0,76.4765515411825,,,,,1.5958651727451365,,,,,,0.056191977652919084,0.5,0.3,0.0,,0.18730659217639686,0.056191977652919084,True,0.056191977652919084,
2015-12-15,,,,,,,,,,,,,,,,,,,,,,,,48.0,48.0,48.0,48.0,76.24765116561011,,,,,3.191730345490273,,,,,,0.11238395530583817,1.0,0.6,2.0,,0.18730659217639686,0.11238395530583817,True,0.11238395530583817,
2015-12-16,,,,,,,,,,,,,,,,,,,,,,,,48.0,48.0,48.0,48.0,76.05815508743913,,,,,0.0,,,,,,0.0,0.0,0.0,5.1,,0.18730659217639686,0.0,True,0.0,
2015-12-17,,,,,,,,,,,,,,,,,,,,,,,,48.0,48.0,48.0,48.0,75.90806658149158,,,,,2.1278202303268485,,,,,,0.07492263687055876,0.7,0.4,2.9,,0.18730659217639686,0.07492263687055876,True,0.07492263687055876,
2015-12-18,,,,,,,,,,,,,,,,,,,,,,,,48.0,48.0,48.0,48.0,75.79738992217844,,,,,3.191730345490273,,,,,,0.11238395530583817,0.90000004,0.6,1.9,,0.18730659217639686,0.11238395530583817,True,0.11238395530583817,
2015-12-19,,,,,,,,,,,,,,,,,,,,,,,,48.0,48.0,48.0,48.0,75.72613057586445,,,,,1.5958651727451365,,,,,,0.056191977652919084,0.5,0.3,1.4,,0.18730659217639686,0.056191977652919084,True,0.056191977652919084,
2015-12-20,,,,,,,,,,,,,,,,,,,,,,,,48.0,48.0,48.0,48.0,75.69429534381635,,,,,2.1278202303268485,,,,,,0.07492263687055876,0.7,0.4,0.5,,0.18730659217639686,0.07492263687055876,True,0.07492263687055876,
2015-12-21,,,,,,,,,,,,,,,,,,,,,,,,48.0,48.0,48.0,48.0,75.70189245484282,,,,,3.191730345490273,,,,,,0.11238395530583817,1.0,0.6,8.1,,0.18730659217639686,0.11238395530583817,True,0.11238395530583817,
2015-12-22,,,,,,,,,,,,,,,,,,,,,,,,48.0,48.0,48.0,48.0,75.74893160701572,,,,,0.0,,,,,,0.0,0.0,0.0,1.7,,0.18730659217639686,0.0,True,0.0,
2015-12-23,,,,,,,,,,,,,,,,,,,,,,,,48.0,48.0,48.0,48.0,75.83542395815047,,,,,2.1278202303268485,,,,,,0.07492263687055876,0.7,0.4,3.8,,0.18730659217639686,0.07492263687055876,True,0.07492263687055876,
2015-12-24,,,,,,,,,,,,,,,,,,,,,,,,48.0,48.0,48.0,48.0,75.96138206501315,,,,,2.1278202303268485,,,,,,0.07492263687055876,0.6,0.4,3.2,,0.18730659217639686,0.07492263687055876,True,0.07492263687055876,
2015-12-25,,,,,,,,,,,,,,,,,,,,,,,,48.0,48.0,48.0,48.0,76.12681977151384,,,,,1.0639101151634245,,,,,,0.03746131843527938,0.2,0.2,0.8,,0.18730659217639686,0.03746131843527938,True,0.03746131843527938,
2015-12-26,,,,,,,,,,,,,,,,,,,,,,,,48.0,48.0,48.0,48.0,76.33175204643362,,,,,1.5958651727451365,,,,,,0.056191977652919084,0.6,0.3,0.0,,0.18730659217639686,0.056191977652919084,True,0.056191977652919084,
2015-12-27,,,,,,,,,,,,,,,,,,,,,,,,48.0,48.0,48.0,48.0,76.57619477151728,,,,,1.5958651727451365,,,,,,0.056191977652919084,0.5,0.3,0.0,,0.18730659217639686,0.056191977652919084,True,0.056191977652919084,
2015-12-28,,,,,,,,,,,,,,,,,,,,,,,,48.0,48.0,48.0,48.0,76.86016448104058,,,,,0.0,,,,,,0.0,0.0,0.0,1.6,,0.18730659217639686,0.0,True,0.0,
2015-12-29,,,,,,,,,,,,,,,,,,,,,,,,48.0,48.0,48.0,48.0,77.18367805422788,,,,,0.0,,,,,,0.0,0.0,0.0,0.7,,0.18730659217639686,0.0,True,0.0,
2015-12-30,,,,,,,,,,,,,,,,,,,,,,,,48.0,48.0,48.0,48.0,77.54675236215259,,,,,0.5319550575817121,,,,,,0.01873065921763969,0.1,0.1,0.0,,0.18730659217639686,0.01873065921763969,True,0.01873065921763969,
2015-12-31,,,,,,,,,,,,,,,,,,,,,,,,,,,,77.94940387099426,,,,,2.1278202303268485,,,,,,0.07492263687055876,0.7,0.4,0.0,,0.18730659217639686,0.07492263687055876,True,0.07492263687055876,
