date,lw_in,theta_1,theta_mean,es,sw_out,vpd,H,vp,Rn,rh,theta_2,ws,LE,wd,t_avg,sw_in,t_dew,lw_out,G,t_min,t_max,H_subday_gaps,ppt,LE_subday_gaps,G_subday_gaps,Rn_subday_gaps,rso,flux,energy,flux_corr,ebr,ebr_corr,LE_corr,ebc_cf,ebr_5day_clim,H_corr,ET,ET_corr,gridMET_ETr,gridMET_ETo,gridMET_prcp,EToF,EToF_filtered,ET_fill,ET_gap,ET_fill_val,ASCE_ETo
2018-05-03,,,,,,,,,,,,,,,,,,,,20.153,29.478,,,,,,335.44667935076137,,,,,,,,,,,,7.1,5.3,0.6,,,,False,,
2018-05-04,,,,2.851716930532457,,0.4013575541666667,12.784649791666665,2.4503593763657894,,86.81881249999998,,4.681295208333334,29.95028604166666,276.93918750000006,23.1339375,,20.343291233709248,,,19.343,25.959,2.0,0.0,2.0,48.0,48.0,336.59272195419044,42.73493583333333,,,,,,,,,1.057768578777579,,4.7000003,3.8,5.5,,,,False,,
2018-05-05,,,,,,,,,,,,,,,,,,,,18.472,26.367,7.0,4.3180000000000005,7.0,48.0,48.0,337.7138252961637,,,,,,,,,,,,5.1,4.1,1.6,,,,False,,
2018-05-06,,,,2.98528499439012,,1.3671691666666663,,1.6181158277234535,,63.55014583333334,,1.9388629166666664,,229.68378125000004,23.21214583333333,,13.59880635866616,,,15.52,31.141,13.0,0.0,13.0,48.0,48.0,338.809935216326,,,,,,,,,,,,7.5,5.9,5.5,,,,False,,
2018-05-07,,,,3.0531916674377477,,1.2296732062499998,53.62100479166667,1.823518461187748,,65.10820833333334,,2.575769791666667,81.71856697916662,133.19651874999997,23.745916666666673,,15.675254081430849,,,16.167,31.22,1.0,1.524,1.0,48.0,48.0,339.8810069684088,135.3395717708333,,,,,,,,,2.8877993135575215,,8.0,6.1,0.0,,,,False,,
2018-05-08,,,,3.352810466746275,,1.6885910416666663,48.99535822916666,1.6642194250796072,,54.16833333333333,,3.1374366666666664,65.22773739583333,167.89335416666663,25.12489583333333,,14.282952083083716,,,16.53,32.903,10.0,0.0,10.0,48.0,48.0,340.92700478163005,114.22309562499998,,,,,,,,,2.3081141803440417,,8.0,6.2000003,0.0,,,,False,,
2018-05-09,,,,3.7223530641387903,,1.98478125,52.35277666666667,1.7375718141387897,,49.73937500000003,,6.555686875000003,56.41405833333332,261.2768333333334,27.325375000000005,,14.932844610586136,,,21.801,33.061,0.0,0.0,0.0,48.0,48.0,341.94790142070184,108.766835,,,,,,,,,2.0004945898924262,,9.5,6.8,0.0,,,,False,,
2018-05-10,,,,3.7500797008805375,,2.022577708333334,54.65103854166666,1.7275019925472055,,49.455625,,4.518453541666667,45.15837729166666,280.607,27.29447916666668,,14.885346427570724,,,21.064,34.928000000000004,0.0,0.0,0.0,48.0,48.0,342.9436777455433,99.80941583333332,,,,,,,,,1.601309807871394,,8.400001,6.3,0.0,,,,False,,
2018-05-11,,,,3.538396574260468,,1.9304699999999997,-41.39990437500001,1.6079265742604676,,48.99104166666667,,5.662561041666666,289.0303833333333,253.71985416666658,26.46847916666667,,13.71662833500374,,,20.276,31.861,2.0,0.0,2.0,48.0,48.0,343.9143222717585,247.63047895833333,,,,,,,,,10.240780810324154,,9.900001,7.4,0.0,,,,False,,
2018-05-12,,,,3.681367354146166,,1.7977235416666668,-5.936668749999999,1.8836438124795,,53.55916666666664,,4.787652083333335,196.3082875,250.81922916666667,27.2025,,16.217478854508865,,,22.187,32.667,0.0,0.0,0.0,48.0,48.0,344.85983073291413,190.37161875,,,,,,,,,6.960444338704042,,6.9,5.3,0.0,,,,False,,
2018-05-13,,,,3.9333893855058126,,1.7147281250000006,33.387958229166664,2.218661260505813,,60.279375,,3.1106575000000007,80.60614239583334,250.97470833333333,28.033041666666666,,18.75134204293948,,,20.551,34.975,12.0,0.0,12.0,48.0,48.0,345.7802056456152,113.99410062500002,,,,,,,,,2.8603296742733737,,8.3,6.6,0.0,,,,False,,
2018-05-14,,,,4.223055033950373,,1.7234327083333334,,2.4996223256170373,,62.32041666666668,,2.763985,,264.7267083333334,29.35689583333333,,20.609505708151566,,,22.405,37.037,3.0,0.0,3.0,48.0,48.0,346.6754558783391,,,,,,,,,,,,8.5,6.7000003,0.0,,,,False,,
2018-05-15,,,,4.119394879414775,,1.8227949999999995,,2.2965998794147757,,60.25083333333331,,2.2987652083333345,,220.49106666666668,28.825979166666674,,19.32183933590041,,,21.555,36.63800000000001,9.0,0.0,9.0,48.0,48.0,347.54559622494804,,,,,,,,,,,,7.3,6.0,0.0,,,,False,,
2018-05-16,,,,3.714132629532529,,1.1642438958333334,42.20812895833335,2.5498887336991958,,72.73916666666666,,1.8636775,44.80399416666666,168.07566354166667,27.15029166666667,,20.94895600498024,,,20.851,34.679,0.0,4.8260000000000005,0.0,48.0,48.0,348.39064698375716,87.012123125,,,,,,,,,1.5885214890620551,,6.4,5.2000003,8.1,,,,False,,
2018-05-17,,,,2.8784352647547315,,0.2829083958333333,23.46814958333333,2.595526868921399,,92.4490625,,2.2759485416666663,81.89256625,119.63172145833336,23.15245833333334,,21.26116013033037,,,19.753,29.889,0.0,8.128,0.0,48.0,48.0,349.21063354298644,105.36071583333332,,,,,,,,,2.8922906334311937,,4.7000003,3.9,14.3,,,,False,,
2018-05-18,,,,3.028605241312435,,0.4421814520833332,,2.5864237892291024,,87.87520833333336,,1.3521522916666668,,129.70587375,24.00491666666667,,21.201168163431788,,,20.225,29.344,2.0,0.0,2.0,48.0,48.0,350.0055859733812,,,,,,,,,,,,4.4,3.9,0.0,,,,False,,
2018-05-19,,,,3.0413306383596903,,0.29900491875,,2.7423257196096897,,92.65791666666668,,3.435798125,,207.575375,23.961125,,22.096349818776428,,,20.063,33.011,5.0,49.022,6.0,48.0,48.0,350.77553862872827,,,,,,,,,,,,6.2000003,5.1,15.900001000000001,,,,False,,
2018-05-20,,,,2.9857139594881934,,0.3594981875,7.2240293750000015,2.626215771988194,,91.9126875,,2.437477083333333,97.2898351041667,175.24241458333327,23.39433333333334,,21.3353998184933,,,18.908,34.605,2.0,59.94399999999998,5.0,48.0,48.0,351.52052975495224,104.5138644791667,,,,,,,,,3.436895363323722,,6.6,5.6,53.600002,,,,False,,
2018-05-21,,,,3.0410676061548823,,0.2289709429166667,15.17275,2.8120966632382154,,93.71964583333336,,2.7269570833333323,106.83736979166667,204.72309166666668,24.101916666666657,,22.490116099485732,,,20.246,29.221,3.0,27.686000000000003,5.0,48.0,48.0,352.2406011084105,122.01011979166668,,,,,,,,,3.776754722979741,,4.9,4.2000003,0.0,,,,False,,
2018-05-22,,,,3.445284929925561,,0.5367842708333334,,2.9085006590922275,,88.11183333333332,,1.1707477083333333,,224.0995458333333,25.923979166666665,,23.031944096105477,,,20.798,33.286,18.0,12.7,18.0,48.0,48.0,352.9357975839637,,,,,,,,,,,,5.4,4.6,4.6,,,,False,,
2018-05-23,,,,3.446177081967296,,0.5476531875,,2.8985238944672966,,87.45687499999997,,1.5441656249999998,,142.02746625000006,25.95454166666667,,22.98736782294144,,,21.076,33.079,11.0,0.254,11.0,48.0,48.0,353.60616685333235,,,,,,,,,,,,5.4,4.8,0.0,,,,False,,
2018-05-24,,,,3.5347052805893924,,0.5977924208333335,16.76212791666667,2.9369128597560583,,87.04814583333332,,1.2786279166666663,112.1614721875,216.72753166666664,26.40016666666667,,23.19996708356349,,,21.253,34.276,9.0,0.508,9.0,48.0,48.0,354.2517590142021,128.92360010416667,,,,,,,,,3.9737866747857344,,5.1,4.5,1.8000001,,,,False,,
2018-05-25,,,,3.4300446755647065,,0.5666266249999999,19.13417166666667,2.8634180505647064,,85.4060625,,1.859525,91.28202239583332,218.7711064583333,26.14847916666667,,22.837496237850342,,,21.839,31.238000000000003,6.0,0.0,6.0,48.0,48.0,354.8726262504782,110.4161940625,,,,,,,,,3.2332574675809247,,6.0,4.9,0.0,,,,False,,
2018-05-26,,37.13958333333333,37.13958333333333,3.673761339019237,,0.7817916666666666,,2.891969672352569,,82.93581249999995,,1.7802635416666668,,225.89022708333331,26.990645833333332,,22.980967694540137,,,20.992,35.133,5.0,0.254,5.0,48.0,48.0,355.46882250403894,,,,,,,,,,,,6.5,5.4,0.0,,,,False,,
2018-05-27,,41.028125,41.028125,4.171482058438818,,1.1767780166666668,,2.9947040417721524,,76.54179166666667,,1.5333864583333332,,214.8284583333333,29.1391875,,23.513080695872397,,,21.633000000000006,35.715,7.0,0.0,7.0,48.0,48.0,356.0404031582811,,,,,,,,,,,,6.6,5.7000003,0.0,,,,False,,
2018-05-28,,44.64479166666667,44.64479166666667,3.6994038175253654,,0.7856024375000001,11.784054583333328,2.9138013800253657,,81.91660416666666,,2.1129291666666674,114.34266635416668,150.64727083333338,27.292625000000005,,23.119723657743226,,,22.153,34.16,4.0,1.778,4.0,48.0,48.0,356.58742473369574,126.1267209375,,,,,,,,,4.054567836717449,,7.0,5.6,2.0,,,,False,,
2018-05-29,,,,3.022365627835212,,0.12380708333333333,20.653446250000012,2.898558544501878,,96.724125,,2.5857577083333334,65.52678479166667,135.83726354166663,24.082812499999992,,23.021753612820646,,,21.188,29.521,0.0,2.286,0.0,48.0,48.0,357.10994459566393,86.18023104166667,,,,,,,,,2.316362031172555,,5.6,4.6,22.7,,,,False,,
2018-05-30,,,,3.7959495526595015,,0.8582546666666668,5.1878633333333335,2.937694885992836,,80.910625,,3.017301666666666,203.81516625,284.81285416666657,27.71433333333333,,23.25378057540722,,,22.062,33.047,4.0,0.254,4.0,48.0,48.0,357.60802067460594,209.00302958333333,,,,,,,,,7.230199077068173,,8.2,6.4,0.0,,,,False,,
2018-05-31,,,,4.126187234786709,,1.1074137708333336,-20.145394583333328,3.0187734639533765,,75.05762500000002,,4.510262916666668,215.19485,259.88654166666663,29.363166666666668,,23.67746630859357,,,25.217,32.786,0.0,0.0,0.0,48.0,48.0,358.08171119857667,195.04945541666663,,,,,,,,,7.646106500100544,,7.8,6.3,18.1,,,,False,,
2018-06-01,,,,3.4159922455812453,,0.38611943125,,3.0298728143312457,,91.15433333333334,,2.424953958333333,,190.33623979166663,25.70802083333332,,23.53305992164212,,,18.366,33.711,1.0,27.432,1.0,48.0,48.0,358.5310744383478,,,,,,,,,,,,5.0,4.4,1.0,,,,False,,
2018-06-02,,,,3.937794349589944,,0.7619912395833333,,3.17580311000661,,84.1336458333333,,1.528745833333333,,208.84285625,28.22995833333333,,24.40838613534412,,,21.737,34.498000000000005,4.0,8.128,4.0,48.0,48.0,358.9561684649768,,,,,,,,,,,,6.5,5.8,9.900001,,,,False,,
2018-06-03,,,,3.471906285222392,,1.1766578083333334,13.668809166666668,2.29524847688906,,68.69324999999998,,3.441104375,196.6064375,54.91682208333335,26.36852083333333,,19.113233197128512,,,21.413,30.4,0.0,0.0,0.0,48.0,48.0,359.35705091982504,210.27524666666667,,,,,,,,,6.965387404796704,,8.3,6.6,0.0,,,,False,,
2018-06-04,,,,3.3352538558213003,,1.384625289583333,,1.9506285662379668,,64.28020833333333,,1.369361875,,107.98244333333332,25.336604166666664,,16.715295905802734,,,18.01,31.766,5.0,0.0,5.0,48.0,48.0,359.73377879694925,,,,,,,,,,,,7.3,6.1,0.0,,,,False,,
2018-06-05,,,42.80208333333334,3.542854077088033,,1.4884308333333338,,2.0544232437546985,,62.6953125,42.45833333333334,0.8870191666666666,,119.72001374999996,26.32008333333333,,17.583037947899196,,,19.411,32.626,6.0,0.0,6.0,48.0,48.0,360.08640823775454,,,,,,,,,,,,5.8,5.3,0.0,,,,False,,
2018-06-06,,,39.088020833333346,3.9371041313509787,,1.5419132958333337,,2.395190835517645,,66.9125,37.386458333333344,0.9521495833333335,,180.2382202083334,27.96747916666666,,19.986843950192693,,,20.289,35.151,19.0,0.0,19.0,48.0,48.0,360.4149943377754,,,,,,,,,,,,7.0,6.1,0.0,,,,False,,
2018-06-07,,,38.00260416666668,3.959202660713701,,1.46194219375,,2.4972604669637013,,68.6055625,36.53229166666667,1.432818958333333,,224.71191250000004,28.17975,,20.62476831612864,,,20.496,34.818000000000005,14.0,0.0,14.0,48.0,48.0,360.7195909654208,,,,,,,,,,,,8.2,6.8,0.0,,,,False,,
2018-06-08,,,36.70104166666668,,,,,,,,36.70104166666668,,,,,,,,,22.972,23.879,46.0,0.0,46.0,48.0,48.0,361.0002505924993,,,,,,,,,,,,8.6,7.0,0.0,,,,False,,
2018-06-09,,,36.35104166666667,,,,,,,,36.35104166666667,,,,,,,,,,,48.0,0.0,48.0,48.0,48.0,361.2570241363247,,,,,,,,,,,,7.9,6.4,0.0,,,,False,,
2018-06-10,,,36.120833333333344,,,,,,,,36.120833333333344,,,,,,,,,,,48.0,0.0,48.0,48.0,48.0,361.4899608131925,,,,,,,,,,,,9.5,7.5,0.0,,,,False,,
2018-06-11,,,40.11614583333334,,,,,,,,39.79583333333334,,,,,,,,,,,48.0,0.0,48.0,48.0,48.0,361.69910800300283,,,,,,,,,,,,8.2,6.4,0.0,,,,False,,
2018-06-12,,,40.14999999999999,,,,,,,,40.14999999999999,,,,,,,,,22.388,33.229,23.0,7.112,23.0,48.0,48.0,361.8845111248097,,,,,,,,,,,,8.2,6.4,13.2,,,,False,,
2018-06-13,,,38.68072916666667,4.162538478816228,,0.8423067083333334,3.5131216666666654,3.320231770482895,,84.21770833333333,36.96458333333336,1.9148839583333341,176.989231875,230.2272708333333,29.137812499999995,,25.2166926489798,,,23.106,36.584,0.0,0.0,0.0,48.0,48.0,362.04621352306987,180.50235354166668,,,,,,,,,6.287243758826832,,7.3,5.9,0.0,,,,False,,
2018-06-14,,,37.886458333333344,4.098639699245009,,0.7244888916666667,-0.5000541666666689,3.374150807578342,,85.31333333333335,36.411458333333336,1.6659114583333334,176.23662645833323,232.61291666666668,29.04777083333333,,25.512603863506484,,,23.766,34.692,3.0,0.0,3.0,48.0,48.0,362.18425636437416,175.7365722916666,,,,,,,,,6.259961565913807,,7.3,6.3,0.0,,,,False,,
2018-06-15,,,37.81406250000001,4.36302610368607,,1.1082070958333337,,3.2548190078527357,,78.51104166666666,36.11979166666666,1.5088585416666664,,238.83975,30.08456249999999,,24.91010051091135,,,24.43,35.968,9.0,0.0,9.0,48.0,48.0,362.29867854444876,,,,,,,,,,,,7.2000003,6.2000003,0.0,,,,False,,
2018-06-16,,,37.431770833333346,4.171148437580514,,0.8284226874999998,,3.3427257500805143,,82.69683333333336,35.81666666666667,1.3940039583333337,,236.7690625,29.456020833333334,,25.368643595192452,,,24.898000000000003,35.775,7.0,0.0,7.0,48.0,48.0,362.3895166052273,,,,,1.0392948230381738,215.9566222968015,0.9621908796550116,,,,7.6738649372506105,8.0,6.5,0.0,,1.1805946057308632,7.6738649372506105,True,7.6738649372506105,
2018-06-17,,,37.06770833333333,4.304253189986016,,0.8666001437499999,,3.4376530462360173,,82.51299999999999,35.41666666666667,1.7495906250000004,,242.31949999999995,29.98941666666666,,25.82254048391636,,,25.391,34.66,7.0,0.0,7.0,48.0,48.0,362.4568046618089,,,,,1.0343831397329055,225.80684234281338,0.9667597639480244,,,,8.028043544150421,8.400001,6.8,0.0,,1.1805946057308632,8.028043544150421,True,8.028043544150421,
2018-06-18,,,37.136979166666656,4.021542806038015,,0.8857828541666667,-21.380072083333328,3.135759951871347,,80.57993749999997,35.032291666666666,2.072852708333333,219.80906416666664,271.99250000000006,28.82170833333333,,24.307790516037674,,,24.232,33.611999999999995,5.0,0.0,5.0,48.0,48.0,362.5005743391368,198.42899208333333,,192.74841555287074,,1.0294714564276373,213.516424175008,0.9713722452005557,,-20.76800862213722,7.80595077939993,7.582483934510738,8.900001,7.0,0.0,1.083211990644391,1.095702158997803,7.669915112984621,False,,
2018-06-19,,,36.72031250000001,3.687784104594341,,0.8159190624999999,-22.07521208333333,2.8718650420943415,,80.48664583333333,34.63333333333333,2.417108125,220.66175750000002,270.0854583333333,27.31152083333333,,22.863312988527326,,,21.752,32.183,2.0,0.0,2.0,48.0,48.0,362.5208547182508,198.58654541666667,,197.8479166801453,,1.0037333157149966,219.8410215594113,0.996280570091133,,-21.993104879266,7.824764588548829,7.795660925108337,7.7000003,6.1,0.0,1.277977220817335,1.1077732355355931,6.75741663112163,False,,
2018-06-20,,,34.22708333333333,3.0921778496060086,,0.15688394999999994,,2.9352938996060094,,95.518125,34.22708333333333,2.0377931250000003,,271.045,24.493458333333336,,23.22712026995463,,,21.786,29.516,4.0,11.175999999999998,8.0,40.0,40.0,362.5176722919934,,,,,1.0037333157149966,130.55287177331178,0.996280570091133,,,,4.616855871209308,5.4,4.4,18.7,,1.049285402532194,4.616855871209308,True,4.616855871209308,
2018-06-21,-29.06022916666667,,37.64375,3.065217763751553,34.62935416666667,0.0960444875,6.7403239583333345,2.9691732762515524,130.2625416666667,97.54375,36.361458333333346,2.665829791666667,126.17600229166668,276.4169375,24.243541666666665,195.05110416666665,23.337440042652503,0.6354999999999998,2.371664791666666,20.633000000000006,30.059,0.0,9.652,0.0,0.0,0.0,362.49105093007097,132.91632625000003,127.89087687500003,132.42195329076907,1.0392948230381738,1.0037333157149966,125.7066994949618,0.996280570091133,,6.715253795807258,4.460995410911448,4.444403051156785,6.1,4.8,6.1,0.9259172655316836,1.0376722560435179,4.9808270269291635,False,,3.464091337608206
2018-06-22,-55.115,,37.558854166666656,3.2704947402929068,55.18977083333332,0.4895941250000001,1.897834375,2.7809006152929054,199.36454166666667,86.91770833333332,36.28437499999999,2.222465833333333,194.65421791666677,296.306,25.366999999999997,306.54439583333334,22.383463183562736,-3.919833333333335,8.439333333333332,20.937,29.423,3.0,0.0,3.0,0.0,0.0,362.44101185340014,196.55205229166677,190.92520833333333,195.82099070972396,1.0294714564276373,1.0037333157149966,193.9302151966604,0.996280570091133,,1.8907755130635489,6.889543966782278,6.863918790893774,7.3,6.0,0.0,1.1439864651489624,1.0161956485005026,6.097173891003015,False,,5.081264004211867
2018-06-23,-44.94958333333334,,37.29375,3.4650904585758777,44.1204375,0.3231834145833333,2.0080745833333338,3.1419070439925436,163.91720833333338,92.61395833333331,35.73541666666667,1.7616589583333333,145.55186145833332,257.9168291666667,26.200083333333332,249.9618333333333,24.27242644244064,-3.731875,9.890592708333333,20.818,31.354,7.0,0.254,7.0,0.0,0.0,362.36757361769736,147.55993604166662,154.02661562500003,147.01109720220276,0.9580158302051026,1.0037333157149966,145.0104915115339,0.996280570091133,,2.000605690668848,5.1557813672005395,5.136604799779795,7.7000003,6.3,1.7,0.8153340705185971,0.9938484515206328,6.261245434141535,False,,4.3232752854167495
2018-06-24,-43.483125,,36.7453125,3.176060431612873,42.48654166666668,0.05332525000000001,-14.229449374999994,3.122735181612873,142.35395833333334,98.57608333333332,35.44375000000001,2.7401433333333327,147.30357802083338,253.2989375,24.904895833333335,224.3440625,24.169895598708084,-4.6543125000000005,6.2856708333333335,20.923,28.307,3.0,1.016,3.0,0.0,0.0,362.2707521062992,133.07412864583335,136.0682875,132.57916875165162,0.9779951750023558,1.0037333157149966,146.75569268705954,0.996280570091133,,-14.17652393540791,5.211297818897472,5.191914761925852,6.3,5.3,2.2,0.9796065236001388,0.9902831397562788,5.248500829589798,False,,3.3498610278904764
2018-06-25,,,37.35989583333333,3.474194034225294,,0.1444791666666667,-8.395296145833337,3.32971486755863,,96.80437499999998,35.08125,2.6193797916666672,175.76007416666667,264.86470833333334,26.303520833333334,,25.188825130799817,,,21.752,32.009,2.0,0.0,2.0,30.0,30.0,362.15056053222486,167.36477802083334,,166.74227645977174,,1.0037333157149966,175.10634689002654,0.996280570091133,,-8.364070430254728,6.226449085967322,6.203290245010938,8.1,6.5,0.0,0.954352345386298,1.001010785460378,6.506570105492457,False,,
2018-06-26,,,37.90729166666668,4.038364066972161,,0.6585343541666666,-30.69698854166666,3.3798297128054937,,86.08062500000003,37.24166666666667,3.555224791666667,238.7547414583333,256.8672708333334,28.82266666666666,,25.455043574247192,,,19.927,33.076,0.0,11.43,0.0,48.0,48.0,362.00700944952865,208.05775291666663,,202.1015265820449,,1.0294714564276373,231.91972926265942,0.9713722452005557,,-29.818202680614476,8.478765425220361,8.236037407625144,9.2,7.2000003,8.6,1.1438940389381158,0.9724156495226612,7.001392954773509,False,,
2018-06-27,,,42.7484375,3.8947795762811834,,0.4593412083333333,-18.016766875,3.4354383679478517,,90.25325000000002,42.63229166666667,3.120789375,211.0155895833333,259.09491666666673,28.084395833333332,,25.677425671558066,,,22.128,33.533,0.0,0.0,0.0,48.0,48.0,361.8401067740109,192.9988227083333,,192.28097711477585,,1.0037333157149966,210.23073188819987,0.996280570091133,,-17.949754773424047,7.488315313757227,7.460463049812215,10.0,7.7000003,0.0,0.9688912691701556,1.0116860442736773,7.789982830353013,False,,
2018-06-28,,,43.27083333333334,4.371438417537092,,0.6415393791666667,-20.34665083333334,3.7298990383704282,,87.77422916666669,42.658333333333346,2.6921929166666665,,266.3631666666666,30.183958333333337,,27.142619592071572,,,22.409,35.53800000000001,2.0,10.922,3.0,48.0,48.0,361.6498578133872,,,,,1.0037333157149966,207.00927975121448,0.996280570091133,,-20.270972891678568,,7.361130660892009,8.900001,7.2000003,14.3,,1.0223792178315234,7.361130660892009,True,7.361130660892009,
2018-06-29,,,43.29427083333332,3.6285197897166857,,0.15713822916666667,4.479828333333333,3.471381560550018,,96.116625,42.63854166666665,1.7689618749999996,,189.17556666666653,26.9699375,,25.738437423950877,,,21.282,32.044000000000004,0.0,1.016,1.0,48.0,48.0,361.4362653070369,,,,,0.9680055026037292,162.18728316647204,1.033051978847447,,4.627895524646861,,5.749330575083079,6.6,5.8,0.0,,0.9912638596576728,5.749330575083079,True,5.749330575083079,
2018-06-30,,,43.25729166666667,4.18281007753416,,0.6889558770833335,,3.493854200450828,,86.99708333333332,42.662500000000016,1.4576516666666663,,230.84354166666668,29.27816666666667,,26.05327443472207,,,23.891,35.973,11.0,0.0,11.0,48.0,48.0,361.19932947548114,,,,,0.9108018897247194,177.9214138637664,1.0979336025556994,,,,6.3212191861118,7.9,6.6,0.0,,0.9577604965834786,6.3212191861118,True,6.3212191861118,
2018-07-01,,,43.303125,3.69861457510416,,0.2431858125,,3.4554287626041598,,94.4953958333333,42.59270833333331,1.788778958333334,,242.87312499999996,27.4649375,,25.881979809133806,,,24.102,31.379,10.0,0.0,10.0,48.0,48.0,360.93904807975304,,,,,0.9030065675036492,221.07881696385638,1.1074116578847129,,,,7.840719318017094,9.5,7.7000003,0.0,,1.0182751982709382,7.840719318017094,True,7.840719318017094,
2018-07-02,,,43.28333333333333,3.613780076071549,,0.23167131250000006,4.904909166666665,3.382108763571549,,95.50952083333334,42.74166666666667,1.046535833333333,133.982200625,247.52285000000006,26.933625,,25.51059250351869,,,24.138,36.37300000000001,2.0,0.0,2.0,26.0,26.0,360.6554164908494,138.88710979166666,,161.14466182613884,,0.8618784402645235,155.45370943944116,1.1602564274529072,,5.690952386697682,4.7493296182321645,5.510440215646331,7.5,6.4,0.0,0.861006270864746,1.0182751982709382,6.516961366044295,False,,
2018-07-03,-45.59145833333334,,41.54166666666666,3.7127497193687384,50.29597916666666,0.3625139625000001,0.5097510416666665,3.35023575686874,176.65472916666667,91.08575000000002,41.31875,1.5186702083333332,172.07039916666668,196.2098479166667,27.516937499999994,265.6027916666667,24.987917132896236,-7.571166666666664,11.349247916666668,23.624,32.631,4.0,0.0,4.0,0.0,0.0,360.34842776946135,172.58015020833335,165.30548125,200.63518215029592,1.0440074273600854,0.8601689312847107,200.0425647897673,1.162562333548183,,0.5926173605286169,6.102908078417688,7.095011057075322,8.0,6.8,0.0,1.0433839497155335,0.9441124570775816,6.419964888202715,False,,4.869351083808712
2018-07-04,-59.53416666666666,,41.61145833333333,3.8872346321884512,62.45506250000002,0.4683264583333333,-2.6768013541666664,3.418908173855117,225.30245833333336,90.31000000000002,40.88125,1.189964791666667,183.4942092708333,164.7005520833334,28.16,334.79402083333343,25.69332180076013,-12.985645833333333,15.923195833333331,22.979,36.809,8.0,1.016,8.0,0.0,0.0,360.0180727561978,180.8174079166666,209.37926250000004,210.82524273250806,0.8635879492443364,0.8576648866762366,213.94627682840093,1.1659565589485232,,-3.121034095892913,6.512140870040668,7.592873360220658,7.4,6.6,1.3000001,1.1504353742325342,0.9263400683227274,6.113844362587328,False,,6.37142726838822
2018-07-05,-54.68812500000001,,38.6765625,4.364884405843078,61.08156250000001,0.8579338958333332,,3.506950510009748,227.93247916666667,84.37777083333332,37.165625,1.2202179166666662,,162.33524583333332,29.882854166666664,329.6291458333333,26.07250674162087,-14.549083333333336,15.674147291666669,22.708,36.05,3.0,0.0,3.0,0.0,0.0,359.6643401725215,,212.258331875,,,0.8551608420677627,169.3776659631996,1.1693706619938526,,,,6.021210444097727,7.3,6.5,0.0,,0.9263400683227274,6.021210444097727,True,6.021210444097727,6.164716189996498
2018-07-06,-43.48354166666667,,37.565625,3.556696774665843,41.40427083333334,0.3202437916666667,9.563865625000002,3.236452982999176,113.39564583333332,92.61254166666667,36.55,1.1232560416666668,87.32552312499998,121.423439375,26.63012500000001,191.34285416666665,24.728548067302274,-7.646187500000001,-2.5004041666666663,22.262,34.275,0.0,0.0,0.0,0.0,0.0,359.28721673262214,96.88938874999998,115.89605,112.96881830557571,0.8360025104393116,0.8576648866762366,101.81776645120466,1.1659565589485232,,11.151051854371069,3.0945588322273494,3.60812116748756,5.9,5.0,0.6,0.721624233497512,0.9581833847795012,4.790916923897506,False,,3.817003730227545
2018-07-07,-52.79833333333334,,38.01822916666666,3.0554172818484298,59.65135416666669,0.2294416666666667,20.403858541666654,2.825975615181763,188.34085416666665,93.66599999999998,35.71875,2.3894835416666664,133.17198312499997,95.98033333333336,24.21779166666667,295.0790416666667,22.594507850032514,-6.495583333333332,7.835647499999998,20.329,27.782,0.0,0.0,0.0,0.0,0.0,358.8866872664505,153.57584166666663,180.50520666666665,178.54148886462625,0.850811145576927,0.8601689312847107,154.8207314650392,1.162562333548183,,23.72075739958701,4.708223558214378,5.4736033667042365,7.8,6.4,0.0,0.8552505133033111,0.9673742913189995,6.191195556697599,False,,4.499449582172353
2018-07-08,-49.44437500000001,,37.7390625,3.082553452087572,59.02527083333334,0.0737249375,9.217060000000004,3.0088285145875724,215.2410833333333,98.01820833333332,34.77916666666666,1.9089181249999991,181.10432437499992,154.05731041666667,24.39633333333333,316.52289583333334,23.57351157984056,-7.8941041666666685,13.292549645833335,20.975,28.349,0.0,0.0,0.0,0.0,0.0,358.4627348541388,190.32138437499992,201.9485336875,221.26047274312057,0.942425185762962,0.8601689312847107,210.54506596106688,1.162562333548183,,10.71540678205362,6.403950225171803,7.444991317702142,6.2000003,5.0,0.0,1.4889982635404286,0.9618437254606108,4.8092186273030535,False,,4.886692690438516
2018-07-09,-49.38958333333334,,34.65156249999999,3.6463305526205008,48.53052083333333,0.43984729166666653,4.373118333333331,3.2064832609538345,165.35577083333337,90.96260416666668,33.778125,1.155611666666667,131.4722732291667,195.771125,26.927854166666666,254.11270833333333,24.598266731337127,-9.845770833333333,7.427035416666674,21.969,34.44,10.0,0.254,10.0,0.0,0.0,358.0153409720134,135.84539156250003,157.92873541666668,157.6154887002476,0.8601689312847107,0.8618784402645235,152.54155004598545,1.1602564274529072,,5.073938654262143,4.660332999102644,5.4071813162797255,6.2000003,5.3,0.3,1.0202228531486148,0.9805110803868771,5.196708913068095,False,,4.8025231714272065
2018-07-10,-58.50979166666666,,32.78645833333334,4.208560305574792,57.8708125,0.6695498375000001,11.920809270833335,3.539010468074794,222.40616666666668,87.71104166666667,32.78645833333334,0.7606366666666665,164.15045854166667,231.53421250000008,29.388208333333324,323.62614583333334,26.238861337438923,-15.680583333333335,16.51359166666666,23.845,36.53,11.0,0.0,11.0,0.0,0.0,357.5444856504107,176.0712678125,205.892575,203.88342376311212,0.8551608420677627,0.8635879492443364,190.0796076245655,1.1579596506355003,,13.803816138546605,5.832585702719763,6.753898902622992,7.2000003,6.2000003,0.0,1.0893384824130246,1.084785239794554,6.72566879708578,False,,6.130010932467477
2018-07-11,-64.26541666666667,,31.215625000000006,4.57207754477052,61.729791666666664,1.1706075000000002,8.196082083333332,3.4014700447705195,233.10329166666656,77.668625,31.215625000000006,0.6870987500000001,171.27813062500005,200.77848041666672,30.778625000000005,340.9754791666667,25.308729563560533,-18.606687500000003,19.309661,24.504,36.894,11.0,0.0,11.0,0.0,0.0,357.0501476434728,179.47421270833337,213.79363066666656,208.31983281442064,0.839474086055249,0.8615320504227549,198.80645245984007,1.1607229232032616,,9.513380354580542,6.094073017666083,7.073530247279497,7.4,6.3,0.0,1.1227825449405908,1.144128587493166,7.208010319432156,False,,6.456305368079093
2018-07-12,-60.20666666666668,,33.59739583333333,4.426546866656177,58.8248125,0.8199024937499998,1.7563385416666664,3.6066443729061777,205.88891666666663,85.22208333333336,31.12395833333333,0.8527554166666668,145.68771895833333,134.42422083333335,30.24214583333333,310.5989375000001,26.565149650950517,-14.972833333333329,14.453668750000006,22.61,36.6,3.0,0.0,3.0,0.0,0.0,356.5323046110938,147.4440575,191.43524791666667,171.14169743034975,0.7702032886032754,0.8615320504227549,169.10307502413187,1.1607229232032616,,2.0386224062178866,5.180864240275524,6.0135478856918505,6.3,5.6,0.0,1.0738478550182076,1.144128587493166,6.407119980849125,False,,5.8548278530941245
2018-07-13,-58.41041666666667,,37.75052083333335,4.532529161480183,60.47527083333335,0.8451153729166668,5.933572395833331,3.687413788563517,227.3010625,84.18500000000002,34.6625,0.8181995833333335,196.6487034375,239.3221458333333,30.75220833333334,331.06716666666665,26.91250292266593,-15.571624999999996,16.70353133333333,23.888,36.325,9.0,0.0,9.0,0.0,0.0,355.990933313154,202.5822758333333,210.59753116666664,230.1559307475573,0.9619404116993658,0.8801957663021612,223.41473450122544,1.1361108951945484,,6.741196246331867,6.996577871732768,7.948888349152684,6.8,5.9,0.0,1.3472691899435734,1.1739814576721728,6.926490712225416,False,,6.244264172847202
2018-07-14,-53.09562500000001,,37.356770833333336,4.4494618634848875,60.28970833333333,0.5846349062499999,-10.340095625000002,3.864826957234888,221.40608333333333,89.24208333333334,32.46562499999999,1.5964137499999993,211.08142062499996,262.39050000000003,30.545187499999994,324.03752083333336,27.75243520281549,-11.3275,12.893026875000004,26.129,35.323,8.0,0.0,8.0,0.0,0.0,355.426009816156,200.74132499999996,208.51305645833332,223.45198212348438,0.9627278426092882,0.898364485704432,234.96189351194718,1.113133940525123,,-11.509911388462836,7.508569227609803,8.35804325203498,8.400001,6.9,0.0,1.211310599494985,1.1704473655634413,8.076086934010304,False,,6.1699772062438
2018-07-15,-40.2441875,,37.4109375,4.067798552805715,49.96437499999999,0.62369941875,-6.864671875,3.444099134055714,188.82158333333328,86.76606250000002,33.509375,1.6538004166666669,,262.4049291666667,28.7854375,271.30885416666666,25.437161526769085,-8.105875,6.9134949999999975,23.032,36.499,2.0,20.066000000000006,3.0,0.0,0.0,354.8375097123426,,181.90808833333332,,,0.898364485704432,197.3135845442261,1.113133940525123,,-7.641299254630735,,7.006835336332756,7.9,6.3,18.800001,,1.1121960514600309,7.006835336332756,True,7.006835336332756,5.387604258587273
2018-07-16,-51.68187499999997,,39.75,4.113246152530657,56.09993749999998,1.1048776875,8.51024229166667,3.0083684650306552,208.25868749999992,69.611875,36.55416666666667,1.2236904166666671,187.11742291666667,251.8853270833334,29.11456249999999,306.53904166666666,17.167205927421644,-9.924083333333334,12.566979166666664,24.431,34.842,3.0,0.254,3.0,0.0,0.0,354.22540835134146,195.62766520833333,195.69170833333325,222.379781760614,0.9996727346010448,0.8797007698250257,212.70576238541287,1.1367501704004443,,9.674019375201157,6.646880636663541,7.555842696358693,7.6,6.3,0.0,1.1993400742226552,1.1436226211873433,7.204822731608968,False,,5.868670149375253
2018-07-17,-53.73145833333334,,38.20416666666666,4.080546396811571,49.30941666666667,0.99391125,10.233911562499996,3.0866351468115707,184.86739583333332,75.66141666666667,34.58854166666667,0.9182852083333334,148.15188562499995,260.4368297916667,28.967166666666675,276.0923541666666,19.59439190593185,-12.403145833333333,8.659879166666668,24.634,35.253,1.0,0.0,1.0,0.0,0.0,353.58968108434266,158.38579718749997,176.2075166666667,180.04508194190078,0.8988594821815675,0.8797007698250257,168.41168122936585,1.1367501704004443,,11.633400712534947,5.261974055994419,5.981549904794374,6.6,5.6,0.6,1.0681339297606365,1.0786715173562038,6.0405603943246104,False,,5.334958062509167
2018-07-18,-38.723541666666655,,40.61614583333333,3.7405211028230787,38.42608333333333,0.8081624791666665,1.9055326041666667,2.9323586236564125,113.32224999999998,76.82281250000003,39.55416666666667,1.155554583333333,95.89139291666665,159.4554125,27.584562500000004,185.05460416666668,18.99420944899777,-5.903062499999997,-0.19288327083333565,23.31,33.739000000000004,3.0,0.0,3.0,0.0,0.0,352.9303035207748,97.79692552083333,113.51513327083332,111.17067175044683,0.8615320504227549,0.8797007698250257,109.00455723795677,1.1367501704004443,,2.166114512490061,3.401251569849009,3.86637330160064,5.9,5.0,4.0,0.7732746603201279,1.0616580950078442,5.308290475039222,False,,3.8529379962079293
2018-07-19,-54.0275,,43.11458333333332,4.123521415131948,58.78654166666666,0.6635925416666665,3.8242668750000015,3.4599288734652807,218.13075,85.43333333333331,41.934375,1.1699700000000002,191.5544280208333,195.89336833333337,29.132270833333337,319.32422916666667,25.489889188459397,-12.118229166666667,13.020790624999998,23.618,34.398,2.0,0.0,2.0,0.0,0.0,352.24725179739715,195.37869489583332,205.109959375,217.48265654405472,0.952555865600972,0.898364485704432,213.22573528786626,1.113133940525123,,4.25692125618845,6.804611165408571,7.5744436402924915,7.4,6.0,0.0,1.262407273382082,1.0473246844504744,6.283948106702846,False,,5.856502778986848
2018-07-20,-52.46708333333333,,42.94635416666667,4.093380930047792,49.49802083333334,0.3859086520833333,-5.2283439583333315,3.7074722779644578,179.57214583333337,92.81583333333332,41.40520833333333,1.7192891666666668,171.95447083333335,246.10875979166656,29.021937500000003,272.56683333333336,26.988880599754435,-9.585958333333334,10.803970208333334,24.112,35.005,0.0,0.0,0.0,0.0,0.0,351.5405028596852,166.72612687500003,168.768175625,185.58851059686043,0.9879002736005316,0.898364485704432,191.40835770962073,1.113133940525123,,-5.819847112760303,6.107705359217827,6.798694134072553,8.5,7.1,0.0,0.9575625669567374,0.9732996218970515,6.910427222647981,False,,5.148900555993653
2018-07-21,-63.12312499999999,,43.17499999999999,4.042568910232041,60.25389583333334,0.7286139541666667,-5.108146875000002,3.3139549560653747,218.50966666666676,84.59041666666664,41.810416666666654,1.5351743749999995,190.79477312500003,198.871496875,28.9081875,329.85279166666675,25.228559654546547,-12.667812500000002,11.701629999999994,23.624,33.58,0.0,0.0,0.0,0.0,0.0,350.81003475533043,185.68662625000005,206.80803666666677,206.69408598047832,0.8978694892272964,0.898364485704432,212.38013764022816,1.113133940525123,,-5.686051659749845,6.776151891265985,7.542764656321671,8.400001,6.8,0.0,1.1092300654048273,0.9475758616983564,6.443516040284576,False,,5.965713318496748
2018-07-22,-62.07979166666669,,43.8765625,3.630697466675294,60.8651875,0.7192491666666668,5.202636770833334,2.9114483000086264,198.4231041666666,83.299375,42.223958333333336,1.5615322916666667,163.23141,115.1628722916667,26.95345833333333,311.69239583333336,23.10461436773606,-10.4918125,1.8531749999999996,21.419,32.315,4.0,0.0,4.0,0.0,0.0,350.0558269396311,168.43404677083333,196.5699291666666,187.48965420061057,0.8568657855496423,0.898364485704432,181.69842263077203,1.113133940525123,,5.791231569838611,5.7862511616620775,6.440872556448981,8.2,6.7000003,0.0,0.9613242211062558,0.9545246742529968,6.395315590586778,False,,5.493482370994175
2018-07-23,-52.11416666666667,,43.37604166666666,3.1605785699176914,46.08627083333332,0.4265187104166666,8.641108888888889,2.7340598595010235,126.86154166666668,89.15791666666668,42.33125,1.9828024999999991,98.66789819444445,74.09185416666666,24.691229166666673,219.1648125,22.081226089133068,-6.851624999999998,-7.022828458333337,20.619,30.127,1.0,0.0,1.0,0.0,0.0,349.2778605924929,107.30900708333334,133.884370125,119.38351790303213,0.8015051120839961,0.8988594821815675,109.77010328129772,1.1125209444005202,,9.613414621734396,3.4899465413322903,3.8826386220703286,7.0,5.7000003,0.0,0.6811646363486953,0.9257046952392836,5.276517027710153,False,,3.9890314789764343
2018-07-24,-69.13104166666666,,42.88489583333333,3.585727061033788,62.98056249999999,0.8414935833333331,13.792753680555556,2.7442334777004547,211.5770625,81.75874999999998,42.23854166666667,1.1694885416666667,139.6883338194445,92.22840104166666,26.42052083333333,332.17589583333324,22.11606612203852,-12.270520833333327,8.881366666666667,19.593,33.397,8.0,0.0,8.0,0.0,0.0,348.4761189467122,153.48108750000003,202.69569583333333,170.75092441311892,0.7571995392847413,0.8988594821815675,155.40619706254347,1.1125209444005202,,15.344727350575418,4.949137770109718,5.506019425970748,7.2000003,6.2000003,0.0,0.8880676083697688,0.932250133859784,5.779951096649564,False,,5.778212532230617
2018-07-25,-72.56645833333333,,42.35104166666665,3.8986442779556687,59.92975000000001,1.0155568979166667,5.100284305555553,2.8830873800390013,201.75941666666668,79.68020833333334,42.35104166666665,0.8434456249999999,139.36065548611106,115.753398125,27.860916666666665,319.37585416666667,22.9239628688362,-15.66435416666667,8.93564375,20.863000000000003,35.08,10.0,0.0,10.0,0.0,0.0,347.65058762715375,144.46093979166662,192.82377291666668,160.89302679834822,0.7491863560521597,0.8978694892272964,155.21259732975713,1.1137476125406565,,5.680429468591077,4.944423409849171,5.506839768109647,8.1,6.7000003,0.0,0.8219163482026108,0.8954923133238204,5.9997987554720025,False,,5.7446523354955294
2018-07-26,-56.20562499999999,,43.78802083333333,3.721614581060373,52.090687500000016,0.6833243125,1.7461045833333315,3.0382902685603725,177.74154166666665,85.39979166666664,42.42604166666667,1.0361987500000005,166.53300614583333,209.54210833333332,27.16804166666667,275.43825000000004,23.73023257909827,-11.34302083333334,6.326691666666669,20.134,33.429,9.0,0.0,9.0,0.0,0.0,346.80125500038787,168.27911072916663,171.41484999999994,187.4204578150741,0.9817067233624548,0.8978694892272964,185.4757380041403,1.1137476125406565,,1.944719810933796,5.904513944799222,6.576138309233144,7.3,6.2000003,1.7,1.0606674202860906,0.8948347361812008,5.547975620337716,False,,4.90050310301532
2018-07-27,-61.09708333333333,,43.8265625,3.70865084375208,58.81889583333333,0.8514746666666668,15.451984583333333,2.8571761770854134,208.31745833333332,80.91333333333334,42.52708333333332,1.1292437500000003,147.89955427083333,140.0939541666667,27.305041666666664,317.37941666666666,22.75933362773177,-11.212083333333332,8.375658749999998,22.889,33.098,6.0,0.0,6.0,0.0,0.0,345.9281125342899,163.35153885416662,199.9417995833333,190.63841923549754,0.8169954416464263,0.8568657855496423,172.6052746708309,1.1670439138359845,,18.033144564666628,5.244551399718633,6.120621791841624,7.4,6.1,0.0,1.0033806373002392,0.9024370848208352,5.504866131343987,False,,5.714068371787625
2018-07-28,-64.50562500000002,,43.03333333333333,3.4587021292527163,46.79487499999998,0.7004970833333332,0.21302458333333285,2.7582050459193823,119.61545833333332,83.49666666666668,41.02708333333333,0.8153077083333335,113.35975374999998,166.73421875,26.060666666666666,220.20625000000004,22.234035264357644,-11.48641666666667,-2.9573729166666665,20.414,32.409,10.0,0.0,10.0,0.0,0.0,345.03115516706225,113.57277833333332,122.57283125,132.54441973136002,0.9265738351241138,0.8568657855496423,132.2958106878834,1.1670439138359845,,0.2486090434766126,4.014921129823451,4.685589269091953,6.5,5.5,0.0,0.8519253216530824,0.9259163667754156,5.092540017264787,False,,4.034915627800939
2018-07-29,-54.075416666666676,,42.677083333333336,3.4923915972203914,48.7518125,0.6743356250000002,-4.7804553125,2.8180559722203897,147.01602083333339,84.09860416666666,41.63229166666667,1.217215416666666,145.79839145833338,177.42976458333337,26.2221875,238.83985416666667,22.55068835576496,-11.727770833333334,5.890161875,20.123,32.334,5.0,0.0,5.0,0.0,0.0,344.11038168507537,141.01793614583337,141.12585895833337,164.5741241207063,0.9992352725907456,0.8568657855496423,170.15312539852437,1.1670439138359845,,-5.5790012778180245,5.164624528693655,6.02734362345997,7.6,6.3,1.3000001,0.9567211811079184,0.9409809174246372,5.9281799592530815,False,,4.33784169182722
2018-07-30,-24.979145833333348,,43.540625,3.1636613674279044,30.47504166666666,0.12699712500000002,8.389227083333333,3.0366642424279044,91.05791666666669,96.10783333333332,42.58125,1.4352756250000005,76.66832979166666,155.94256291666667,24.85975,142.98022916666662,23.622331121218238,-3.989104166666667,-0.21571374999999984,21.5,28.411,0.0,0.0,0.0,0.0,0.0,343.1657951088802,85.05755687499997,91.27363041666668,94.42534564778308,0.9318962824937482,0.9007915861094544,85.1121735303939,1.1101347030993372,,9.313172117389168,2.712249546424361,3.01096234495112,4.7000003,4.1,1.0,0.7343810768261357,0.9238870608679234,3.78793686144975,False,,2.530719554175799
2018-07-31,-46.82291666666666,,44.07916666666666,3.1209172449332083,45.43704166666666,0.3310725833333334,14.521663333333333,2.7898446615998744,144.87983333333332,91.60375,42.68437499999999,0.9602256249999996,116.3643565625,140.51930416666667,24.4216875,230.07141666666664,22.36301752692927,-7.545104166666667,0.9329868749999982,19.871,29.617,2.0,5.08,2.0,0.0,0.0,342.19740308669094,130.88601989583333,143.9468464583333,143.9468464583333,0.9092663237587456,0.9092663237587456,127.9760984454702,1.0997877891992938,,15.970748012863108,4.1148095550790895,4.525417303556561,4.9,4.3,1.4,1.0524225820518336,0.9012731465936272,3.8754747022568066,False,,3.911902337650288
2018-08-01,-58.48729166666666,,40.63229166666668,3.121391203744944,58.6701875,0.4792761666666668,28.699309374999995,2.642115037078277,195.06960416666664,88.24708333333332,37.880208333333336,1.1448683333333338,119.08735541666664,111.72853958333332,24.26179166666667,304.7152083333333,21.466020730201134,-8.280562500000002,2.801530625,17.973,30.816,5.0,0.254,5.0,0.0,0.0,341.20521829459057,147.78666479166662,192.26807354166667,159.4979905426217,0.7686490121285767,0.9265738351241138,128.52440993082323,1.079244807151338,,30.973580611798454,4.210448131685667,4.5441042819018085,5.8,4.9,0.0,0.9273682027471604,0.9190840589585788,4.503511976547721,False,,4.988074225061812
2018-08-02,-74.2775,,38.98645833333333,3.4027204399771964,59.8794375,0.8659631458333333,15.992298333333332,2.5367572941438623,199.55395833333333,80.46837500000002,36.292708333333344,0.7106602083333331,143.6967679166667,107.21050708333333,25.40595833333333,321.77333333333337,20.812349462689628,-12.677750000000005,5.229847916666668,16.968,33.358000000000004,9.0,0.0,9.0,0.0,0.0,340.18925884266287,159.68906625000002,194.32411041666663,171.359269534452,0.8217666140737622,0.9318962824937482,154.1982413881243,1.073080791055424,,17.16102814632767,5.086160041661157,5.4578606409402415,6.7000003,5.8,0.0,0.9410104243890944,0.9207333035417145,5.340253336157884,False,,5.364628030273208
2018-08-03,-71.55583333333333,,39.185416666666654,3.732442566061122,57.83164583333332,1.1210376875,14.541959409722226,2.611404878561122,207.866875,76.96625,35.20104166666668,0.6084210416666668,139.17753038194448,161.60578958333338,26.85220833333333,321.13520833333337,21.301639039252134,-16.74170833333333,8.976804166666662,18.713,34.878,12.0,0.0,12.0,0.0,0.0,339.1495486862119,153.71948979166672,198.89007083333337,165.9009611156094,0.7728866963926074,0.9265738351241138,150.20662693686114,1.079244807151338,,15.694334178748248,4.933101851779694,5.324024556681884,7.7000003,6.3,0.0,0.8450832373801664,0.9641520904201972,6.07415835354466,False,,5.521622726535274
2018-08-04,-65.10583333333334,,38.411979166666654,3.85594395737732,57.465333333333334,0.7951048937499999,7.068668506944448,3.0608390636273186,200.5650208333333,83.79020833333334,34.229166666666664,1.1373825,173.4574648263889,217.37744791666668,27.713583333333343,311.55808333333334,23.831920364756414,-12.083395833333334,12.528784791666668,20.304,34.534,13.0,0.0,13.0,0.0,0.0,338.0861180411881,180.52613333333335,188.03623604166665,194.83189195511014,0.9600603433336696,0.9265738351241138,187.20306817551614,1.079244807151338,,7.628823779593997,6.15327658570186,6.6408918020846475,8.7,6.8,0.0,0.9766017082077434,0.9783329407661786,6.652664183812214,False,,5.541132840099307
2018-08-05,-46.88125,46.61979166666666,39.83541666666667,3.683373093276437,47.07818750000001,0.4029692395833333,0.6821052083333331,3.280403853693102,160.48545833333333,91.22795833333332,33.05104166666667,1.589420208333333,135.8716926041667,249.7348333333333,27.248041666666666,246.380875,24.999564597375574,-8.538624999999998,8.892348541666664,23.063,33.084,10.0,0.0,10.0,0.0,0.0,336.99900380290205,136.55379781250002,151.59310979166662,148.19914738609668,0.9007915861094544,0.921420940815148,147.45887203731866,1.085280305345932,,0.7402753487780503,4.817774624500991,5.2286359155663185,6.8,5.4,0.0,0.968265893189868,0.953243784541554,5.147516527432803,False,,4.561076853738295
2018-08-06,-56.28812499999998,,37.48958333333332,3.8120595947327303,52.43289583333333,0.4936758645833333,3.5761879166666675,3.3183837301493977,195.34802083333335,89.90979166666666,32.03333333333334,1.653784375,167.6671409375,256.63508333333334,27.70975,296.21708333333333,25.17441516459977,-8.570479166666667,12.38872875,22.41,34.483000000000004,3.0,0.0,3.0,0.0,0.0,335.88824996706626,171.24332885416666,182.95929208333337,188.33132205565158,0.9359640983753348,0.9092663237587456,184.39827425301948,1.0997877891992938,,3.9330478026320623,5.947846982507997,6.541369483388162,7.9,6.3,0.0,1.0383125849755162,0.9295978596303012,5.8564666929776195,False,,5.425430693805736
2018-08-07,-54.57291666666668,,36.55625,3.813174599265019,56.242125000000016,0.6406704687500001,-0.266904270833334,3.1725041305150192,210.99741666666668,86.84333333333336,30.64166666666667,1.8810554166666664,196.86674437500002,241.1308875,27.681604166666666,313.54291666666666,24.468478805743736,-8.795729166666666,9.48549083333334,22.768,33.928000000000004,2.0,0.0,2.0,0.0,0.0,334.75390805218245,196.59984010416676,201.51192583333332,217.23044222213002,0.9756238460386244,0.9050289549341,217.52535463280842,1.1049370238909266,,-0.2949124106783619,6.983487152328644,7.716313510474535,8.5,6.7000003,2.7,1.1516885344737018,0.9131116645541272,6.117848413755995,False,,5.718959752502799
2018-08-08,-28.890187499999996,,34.95989583333334,3.1423303951657884,30.7765,0.04943737916666666,3.769458020833332,3.0928930159991226,96.06439583333338,98.74583333333334,29.690625,1.6733110416666668,96.81759833333336,266.38972916666665,24.71950000000001,152.91091666666662,24.01616692496877,-3.2158541666666665,-2.050731520833334,21.295,29.409,6.0,2.032,6.0,0.0,0.0,333.59603752224905,100.58705635416668,98.11512735416672,110.401015104347,1.0251941679806114,0.9111062634623012,106.2637830689651,1.0975668153129503,,4.137232035381897,3.4245938319501867,3.75872054587394,5.9,5.0,1.0,0.7517441091747881,0.9116197468729657,4.558098734364828,False,,2.6977061751481637
2018-08-09,-30.491708333333325,,34.559375,3.111206387067288,27.93331249999999,0.012131064583333335,5.702112500000003,3.0990753224839547,77.27777083333334,99.67083333333336,29.642708333333346,1.6086824999999998,74.75058510416667,281.2556666666667,24.63864583333334,133.3917708333333,24.10119218778618,-2.8452708333333327,-0.6661927083333329,21.303,28.006,5.0,0.0,5.0,0.0,0.0,332.4147062087503,80.45269760416667,77.94396354166666,87.31372822175396,1.0321863804264828,0.921420940815148,81.1253378266371,1.085280305345932,,6.1883903951168575,2.643841538340464,2.8693091520163976,4.0,3.7,0.5,0.7754889500103251,0.9038791220537108,3.344352794699045,False,,2.250005657602039
2018-08-10,-51.65720833333332,,33.29791666666667,3.600721735479325,48.80685416666666,0.6456504791666666,23.82323601325757,2.95507125631266,181.43424999999996,86.36770833333333,29.30625,0.7341812499999999,100.22139138257576,223.74034666666668,26.57531250000001,270.1360416666667,23.2561070512992,-12.34466666666667,8.409931874999998,19.793,34.079,11.0,0.0,11.0,0.0,0.0,331.2099907308556,124.04462739583332,173.02431812499992,132.53139475237614,0.7169201921444266,0.9359640983753348,107.07824323234414,1.0684170490468812,,25.453151520032037,3.5513618448452187,3.794335542367216,5.9,5.2000003,0.0,0.7296798718469482,0.8849798753797143,4.601895605169288,False,,4.77651193661968
2018-08-11,-51.26862499999999,,34.823437500000004,3.7477606817422284,54.84370833333333,0.6169037291666668,9.482878882575763,3.1308569525755607,193.5587500000001,87.728875,28.6375,1.5906835416666671,158.13225736742427,244.1964729166666,27.15587499999999,291.68643750000007,24.130260381671423,-8.502104166666665,11.649343750000005,20.831,34.976,7.0,1.778,7.0,0.0,0.0,329.9819769127455,167.61513625000003,181.90940625000005,179.08286924781598,0.921420940815148,0.9359640983753348,168.95119977562538,1.0684170490468812,,10.131669472190582,5.6065949577362595,5.990181639945699,7.6,6.2000003,2.8,0.9661582844396124,0.8405284321973832,5.211276520100888,False,,5.3537894407815845
2018-08-12,-57.295000000000016,,35.56354166666667,3.7946950400477584,52.83800000000002,0.7143100625000001,21.2722940625,3.0803849775477583,181.38966666666667,85.45312500000001,27.96354166666667,1.0048058333333334,119.67988604166668,112.1786625,27.56647916666667,283.6395416666667,24.014157670938264,-8.382249999999999,9.866545833333333,22.609,34.785,6.0,0.0,6.0,0.0,0.0,328.7307601969646,140.95218010416667,171.52312083333337,151.75885719542018,0.8217678142711031,0.928790468701687,128.85563544699338,1.0766691021257502,,22.903221748426798,4.244951014431188,4.5704075972754215,5.6,5.0,0.0,0.914081519455084,0.8544571032976007,4.272285516488004,False,,5.226776386449228
2018-08-13,-60.86958333333335,,35.03750000000001,3.7283873656236404,50.25943749999999,0.7677887083333332,7.1168202083333325,2.9605986572903067,172.15075000000004,84.60937500000001,27.74687500000001,0.9934947916666668,126.55953249999996,171.975675,27.16764583333334,273.11218750000006,23.35815532452425,-10.899729166666665,10.408768750000002,20.288,34.922,10.0,0.0,10.0,0.0,0.0,327.45644605268564,133.67635270833327,161.74198125,140.35121830437842,0.8264790110473144,0.9524416982147644,132.87903368491777,1.0499330319896514,,7.472184619460639,4.487232022050953,4.711293122153012,6.3,5.2000003,0.0,0.9060178582575428,0.8702507339550559,4.525304065547023,False,,4.961828438813268
2018-08-14,-33.94562500000001,,35.07812499999999,3.5393766350941323,34.18785416666667,0.1967363125,,3.3426403225941317,106.7946875,95.3875,27.478125,1.1789612500000002,,256.07652083333335,26.649708333333322,169.24295833333332,25.27858547102896,-6.125708333333333,3.691557708333333,22.387,30.726,13.0,0.0,13.0,0.0,0.0,326.15915037776784,,103.10312979166667,,,0.9722715720464092,136.31695075401657,1.028519221121758,,,,4.830762058078015,6.5,4.9,0.0,,0.985869788583295,4.830762058078015,True,4.830762058078015,3.0192221547057296
2018-08-15,-36.16562500000001,,32.44375,3.790082811067826,46.798229166666644,0.4960110416666667,-7.005745922619046,3.29407176940116,163.86829166666666,88.97020833333335,27.264583333333334,2.130381666666666,158.01882663690472,251.02816666666644,27.81316666666666,239.82439583333328,25.123686795034413,-7.1751875,8.011058749999998,23.354,32.57,10.0,0.0,10.0,0.0,0.0,324.8389998934875,151.01308071428568,155.85723291666667,159.75688351279268,0.968919298054194,0.9452680685411164,167.168268870844,1.0579009629970408,,-7.411385358051282,5.606143383730805,5.930744484348309,9.5,7.1,43.8,0.8353161357760935,0.9905322062192048,7.032778569691841,False,,4.405076788649394
2018-08-16,-21.727375,,38.82760416666667,3.579665205369873,37.223645833333336,0.20328560416666666,3.3950314583333348,3.3763796012032063,142.6697916666666,95.16670833333336,37.428125,2.1115395833333337,,195.42085416666663,26.73735416666668,197.3203333333333,25.26610498636639,-4.4461249999999986,10.337525,22.429,34.039,0.0,103.124,14.0,0.0,0.0,323.49613253081407,,132.3322666666666,,,0.9215188899215936,108.25540561027431,1.0851649498851659,,3.684169142340856,,3.8366504879152727,4.6,3.8,99.1,,1.009644877910235,3.8366504879152727,True,3.8366504879152727,3.865341260411787
2018-08-17,-29.15583333333333,,43.02083333333332,3.0295027542991946,39.88912499999999,0.07683068958333335,9.518890729166666,2.952672064715862,133.6471875,98.07291666666669,41.58020833333333,2.484129166666666,132.95755541666668,225.0723291666667,23.97595833333333,199.4582083333333,23.166251275627328,-3.537833333333334,-1.4392783333333343,19.211,29.525,2.0,62.738000000000035,6.0,0.0,0.0,322.13069780712004,142.47644614583334,135.08646583333334,154.62688097775327,1.0547055566737351,0.921420940815148,144.2962163406487,1.085280305345932,,10.330664637104563,4.699544592350446,5.100323190172916,4.3,3.9,0.0,1.3077751449881434,1.1185060722925566,4.362173788610022,False,,3.190078331230481
2018-08-18,-47.66129166666665,,43.12083333333332,3.4833011451380664,48.28547916666666,0.2773570833333333,17.779270729166672,3.2059440618047326,155.37443750000003,93.80375,41.51562499999999,1.3766300000000002,118.40006760416668,254.75285833333328,26.28614583333332,244.5416458333334,24.584817955091825,-7.3724791666666665,7.613098333333336,21.79,32.973,6.0,1.778,7.0,0.0,0.0,320.74285719220745,136.17933833333333,147.7613391666667,147.77704485788675,0.9216168390280391,0.9215188899215936,128.48360342807584,1.0851649498851659,,19.293441429810947,4.194351854219532,4.551563619684892,5.0,4.6,2.4,0.9894703726191608,1.0761480297196702,4.950280834081008,False,,4.388880113945783
2018-08-19,-40.01547916666667,,40.42239583333333,3.7749386011253603,45.70452083333333,0.3898449916666666,,3.385093609458693,162.9163125,92.00125000000004,39.44479166666667,1.0221789583333332,,227.72524166666668,27.61483333333333,239.698125,25.493721410206838,-9.372937500000004,11.195863333333335,22.483,34.118,2.0,0.0,3.0,0.0,0.0,319.3327844625598,,151.72044916666667,,,0.9216168390280391,110.79621308934955,1.085049618944274,,,,3.9300383419664775,4.3,3.7,2.5,,1.0621725111670663,3.9300383419664775,True,3.9300383419664775,4.399260063407496
2018-08-20,-30.2723125,,37.68749999999999,3.0692423442262715,34.93422916666666,0.02919905416666667,-1.2988227083333317,3.0400432900596033,105.89537500000002,99.24374999999998,36.02395833333333,2.9573010416666667,125.52262895833331,260.4487499999999,24.302104166666666,169.20375,23.69779000947909,-2.4651875000000003,-2.5302893749999984,20.895,29.958,0.0,5.08,0.0,0.0,0.0,317.90066604273375,124.22380625,108.425664375,131.41648425903284,1.1457048196666861,0.9452680685411164,132.7905100529411,1.0579009629970408,,-1.3740257939082563,4.438146281626019,4.695119225253904,4.1,3.5,2.5,1.3414626357868296,1.0133629359141063,3.546770275699372,False,,2.9540716600770254
2018-08-21,-45.28437500000001,,36.59947916666667,3.113885596365592,42.1464375,0.2929412854166667,4.879412812499997,2.8209443109489247,118.20500000000004,92.29375,35.18333333333333,2.0416702083333327,116.76303723958334,249.61499479166665,24.47304166666667,201.39591666666664,22.577359894224077,-5.116125000000001,-1.5356454166666655,20.769,30.304,5.0,0.0,5.0,0.0,0.0,316.4467013328278,121.64245005208332,119.74064541666672,125.54445999410736,1.0158826990517618,0.968919298054194,120.5085268443611,1.0320776993586804,,5.035933149746267,4.129112373393738,4.2615647987256695,5.5,4.7000003,0.0,0.9067158594281236,0.9544804940992988,4.486058595345765,False,,3.630817937292833
2018-08-22,-55.83562500000002,,34.25625,3.0225328211057803,51.795291666666664,0.4242844312499998,13.809605104166666,2.5982483898557795,150.11675,89.04875,34.25625,1.5089337499999995,98.63689619791666,100.68422541666668,23.770125000000004,252.3275208333334,21.21667085348632,-6.3816250000000005,-0.24368854166666865,18.907,30.54,6.0,0.0,6.0,0.0,0.0,314.97110302099355,112.44650130208332,150.36043854166667,116.053526364787,0.747846324423449,0.968919298054194,101.8009408998268,1.0320776993586804,,14.25258546496022,3.4857466384465554,3.5975613711551757,5.5,4.7000003,0.0,0.7654385430130748,0.9457330244693336,4.444945485582256,False,,4.266167573044367
2018-08-23,-72.295,,33.380208333333336,2.8621414418537103,53.95045833333333,0.6853953270833334,18.230305208333334,2.176746114770377,146.7405208333334,81.6585416666667,33.380208333333336,0.9764024999999998,105.55548718750002,122.38454791666665,22.69329166666667,265.4589583333333,18.461352109320547,-8.506041666666668,-1.5050666666666708,16.105,30.12,3.0,0.0,3.0,0.0,0.0,313.47409737997214,123.78579239583335,148.24558750000003,127.7789129369433,0.8350049029002858,0.9687497690399004,108.96052888055188,1.032258310617272,,18.818384056391427,3.726368931770913,3.8465752982465315,6.0,5.0,0.0,0.7693150596493064,0.9457330244693336,4.728665122346667,False,,4.27288207791884
2018-08-24,,,,,,,,,,,,,,,,,,,,,,,,,,,311.95592454667656,,,,,0.9687497690399004,124.80893838521423,1.032258310617272,,,,4.394645109375132,6.9,5.4,0.0,,0.8138231540301679,4.394645109375132,True,4.394645109375132,
