date,rh,es,sw_in,H,vpd,vp,Rn,t_avg,G,t_dew,LE,ws,t_min,t_max,Rn_subday_gaps,G_subday_gaps,H_subday_gaps,ppt,LE_subday_gaps,ASCE_ETo,rso,flux,energy,ebc_cf,ebr_5day_clim,flux_corr,LE_corr,ebr_corr,ebr,H_corr,ET,ET_corr,gridMET_ETr,gridMET_ETo,gridMET_prcp,EToF,EToF_filtered,ET_fill,ET_gap,ET_fill_val
1998-01-01,68.96668749999999,0.9702027490776804,131.39583333333334,,0.3210416666666667,0.6491610824110141,54.61666666666665,5.8895833333333325,,0.13292475651063285,,1.5458333333333325,-0.3,14.2,0.0,48.0,48.0,0.0,48.0,1.3556323162236932,174.74263596932755,,,,,,,,,,,,2.7,1.9,0.0,,,,False,
1998-01-02,88.31254166666662,1.4458370906077775,113.10416666666669,,0.2511666666666666,1.1946704239411103,73.58541666666666,11.272916666666662,,8.875765752181076,,1.377083333333334,3.2,20.4,0.0,48.0,48.0,0.0,48.0,1.31570153199676,175.19587799108578,,,,,,,,,,,,2.6000001,1.9,0.0,,,,False,
1998-01-03,91.05625000000002,1.8207858790529463,,,0.2093541666666666,,,,,13.711037489952624,,,11.0,22.0,0.0,48.0,48.0,0.0,48.0,,175.68468726776726,,,,,,,,,,,,3.2,2.2,0.0,,,,False,
1998-01-04,87.13125000000002,2.15815800562306,106.22916666666669,,0.3493125,1.8088455056230601,80.25416666666669,18.247916666666665,,15.53425354842908,,1.5166666666666668,13.7,25.4,0.0,48.0,48.0,0.0,48.0,1.651394840360646,176.2088733031194,,,,,,,,,,,,4.2000003,2.9,0.0,,,,False,
1998-01-05,85.11874999999998,2.4753068467005908,111.16666666666669,,0.4120208333333332,2.0632860133672573,76.91666666666669,20.65833333333333,,17.606829477162933,,1.7041666666666664,17.4,26.1,0.0,48.0,29.0,0.0,29.0,1.7994621118188021,176.76823018237988,,,,,,,,,,,,4.1,2.8,0.6,,,,False,
1998-01-06,91.57708333333332,2.449204999216313,62.39583333333334,,0.2382708333333333,2.21093416588298,50.01668750000002,20.53125,,18.675713428494056,,0.7979166666666665,17.2,26.3,0.0,48.0,21.0,1.02,29.0,1.1776883453329532,177.36253653189263,,,,,,,,,,,,3.6000001000000004,2.5,2.7,,,,False,
1998-01-07,93.12083333333334,2.85979442212418,61.85416666666666,,0.2081458333333334,2.6516485887908456,42.54583333333333,23.19791666666666,,21.583449085645103,,2.6750000000000003,20.2,26.5,0.0,48.0,48.0,3.55,48.0,1.2415034739634607,177.99155548154408,,,,,,,,,,,,5.4,3.6000001000000004,5.1,,,,False,
1998-01-08,90.61458333333331,2.2983892042483918,71.8125,,0.2223333333333333,2.076055870915059,47.20208333333334,19.545833333333334,,17.610536896252345,,2.402083333333334,15.9,24.6,0.0,48.0,48.0,25.65,48.0,1.391473769782493,178.6550346308506,,,,,,,,,,,,4.0,2.7,24.0,,,,False,
1998-01-09,84.84583333333335,1.6737842977453845,94.58333333333331,,0.2683125,1.405471797745384,54.23541666666663,14.622916666666665,,11.761292698609559,,1.5229166666666671,10.9,17.5,0.0,48.0,48.0,0.0,48.0,1.1828652690801742,179.3527060195585,,,,,,,,,,,,3.9,2.7,0.0,,,,False,
1998-01-10,81.64583333333334,1.3442104853542356,138.04166666666666,,0.318625,1.0255854853542359,87.03124999999996,10.637499999999998,,7.043759103735522,,0.5687500000000001,5.2,20.5,0.0,48.0,48.0,0.0,48.0,1.3602447035922665,180.08428610363126,,,,,,,,,,,,2.9,2.0,0.0,,,,False,
1998-01-11,78.66041666666666,1.3763681664536556,137.10416666666666,,0.4092083333333333,0.967159833120322,85.44583333333328,10.539583333333336,,6.127445370141937,,0.45625,3.5,21.6,0.0,48.0,36.0,0.0,42.0,1.3304941618780977,180.8494757375169,,,,,,,,,,,,2.9,2.0,0.0,,,,False,
1998-01-12,87.96666666666668,1.5715928790581373,94.33333333333331,3.671791666666668,0.2537291666666666,1.317863712391471,58.88750000000002,12.595833333333333,,10.204964688934163,,0.8145833333333332,3.8,20.8,0.0,48.0,4.0,0.0,11.0,1.1341578510581736,181.64796016359628,,,,,,,,,,,,2.8,2.1000001,0.0,,,,False,
1998-01-13,95.10625,1.7911185668329441,42.0625,,0.0985625,1.6925560668329442,28.46875,15.389583333333333,,14.310378094933467,,0.4041666666666666,10.4,21.5,0.0,48.0,14.0,0.0,26.0,0.6890822037228646,182.47940900971557,,,,,,,,,,,,2.8,2.0,0.5,,,,False,
1998-01-14,96.0145833333333,1.923506546415146,35.333333333333336,,0.07770833333333334,1.8457982130818136,25.672916666666666,16.7979375,,15.853565213148876,,0.96875,14.5,19.8,0.0,48.0,48.0,0.25,48.0,0.593270229670698,183.3434762957082,,,,,,,,,,,,2.7,1.9,0.0,,,,False,
1998-01-15,96.28958333333333,1.990563467800968,24.125,,0.07489583333333334,1.9156676344676355,15.46041666666666,17.39375,,16.48339751787381,,1.53125,15.8,18.8,0.0,48.0,48.0,9.64,48.0,0.37864479703428977,184.23980044980144,,,,,,,,,,,,3.1000001,2.2,13.7,,,,False,
1998-01-16,81.69583333333334,1.7258582851430004,131.27083333333334,,0.32320833333333343,1.402649951809667,76.1291875,14.860437500000002,,11.206675367204227,,2.8874999999999997,6.5,18.4,0.0,48.0,48.0,0.25,48.0,1.2685287404149326,185.16800433579616,,,,,,,,,,,,3.6000001000000004,2.5,0.0,,,,False,
1998-01-17,81.83541666666669,1.2837220914443213,128.16666666666666,,0.31779166666666664,0.9659304247776545,75.87916666666669,9.866666666666667,,6.173964844968358,,1.24375,2.8,18.3,0.0,48.0,48.0,0.0,48.0,1.4320291874819395,186.12769529188725,,,,,,,,,,,,3.3,2.3,0.0,,,,False,
1998-01-18,75.86666666666666,1.3876000137739952,137.47916666666666,,0.4614166666666668,0.9261833471073286,89.31252083333332,11.104166666666664,,5.495509468896433,,0.5624999999999999,3.7,20.3,0.0,48.0,48.0,0.0,48.0,1.393426874749515,187.11846518197729,,,,,,,,,,,,3.0,2.2,0.0,,,,False,
1998-01-19,86.87916666666668,1.6214364845448463,87.4375,,0.26302083333333337,1.3584156512115129,40.87916666666664,13.629166666666668,,10.928827795994522,,2.1166666666666667,5.8,21.2,0.0,48.0,48.0,1.01,48.0,1.3854478212625045,188.13989046030557,,,,,,,,,,,,3.8,2.6000001,4.2000003,,,,False,
1998-01-20,85.30416666666666,1.189729446118834,128.9375,,0.2366458333333333,0.9530836127855008,85.98335416666656,8.647916666666664,,5.813724785075678,,0.8083333333333335,1.6,19.7,0.0,48.0,36.0,0.0,41.0,1.3935890263579795,189.19153225018897,,,,,,,,,,,,3.0,2.2,0.0,,,,False,
1998-01-21,88.56458333333332,1.6440373716179133,87.625,1.3425520833333326,0.23306249999999995,1.410974871617913,61.88127083333333,13.710416666666667,,11.483298072167564,34.57846874999999,1.4854166666666666,7.2,21.3,0.0,48.0,3.0,0.0,7.0,1.3140652869611538,190.2729364376364,35.92102083333332,,,,,,,,,1.210217835601726,,3.3,2.3,0.0,,,,False,
1998-01-22,91.10208333333334,2.1312202267930447,53.20833333333334,,0.20625,1.9249702267930453,37.891666666666666,18.085416666666667,,16.26531212940867,,1.3895833333333332,12.3,23.6,0.0,48.0,20.0,0.0,21.0,1.0035842440067397,191.38363378055917,,,,,,,,,,,,3.9,2.7,0.0,,,,False,
1998-01-23,93.18125,2.2867115720754283,61.64583333333334,,0.16506249999999995,2.121649072075426,39.98749999999999,19.49583333333334,,18.004248762406192,,1.4625,15.7,24.2,0.0,48.0,48.0,12.96,48.0,1.1673848672458205,192.52314003426247,,,,,,,,,,,,3.9,2.7,31.7,,,,False,
1998-01-24,81.04375,1.597110871901575,89.52083333333331,,0.2898333333333333,1.307277538568241,47.92083333333332,13.735437500000002,,9.985151033614109,,1.4645833333333336,6.5,17.4,0.0,48.0,48.0,2.02,48.0,1.0947709093202234,193.69095609385477,,,,,,,,,,,,3.8,2.6000001,0.0,,,,False,
1998-01-25,78.63958333333333,1.0893859432285355,148.79166666666666,,0.2975208333333333,0.7918651098952021,90.2958541666666,7.658333333333335,,3.4096757082634745,,0.7729166666666666,2.0,15.7,0.0,48.0,48.0,0.0,48.0,1.387733122651231,194.88656815416428,,,,,,,,,,,,3.1000001,2.2,0.0,,,,False,
1998-01-26,89.0145833333333,1.458619202925708,64.54166666666667,,0.17422916666666668,1.2843900362590412,44.291666666666686,11.875020833333336,,9.848154348329224,,1.3020833333333333,4.8,18.0,0.0,48.0,48.0,0.25,48.0,0.9570613928887839,196.10944788770598,,,,,,,,,,,,3.1000001,2.2,1.6,,,,False,
1998-01-27,90.19791666666664,1.7614325171890102,78.47916666666667,,0.18358333333333332,1.5778491838556767,61.18333333333339,15.304208333333335,,13.398196470215945,,1.93125,9.7,19.1,0.0,48.0,48.0,33.01,48.0,1.068513788309765,197.3590526411812,,,,,,,,,,,,2.7,1.9,24.9,,,,False,
1998-01-28,68.94166666666668,1.3734479495124814,153.125,,0.4872916666666667,0.8861562828458144,82.29374999999989,11.302104166666664,,4.995141944630722,,2.7270833333333333,7.0,18.5,0.0,48.0,48.0,0.0,48.0,2.2897352879846253,198.63482565094105,,,,,,,,,,,,4.8,3.2,0.0,,,,False,
1998-01-29,70.62502083333331,1.4236895133912828,145.4375,,0.5297083333333333,0.8939811800579491,83.00627083333326,11.333354166666664,,5.1079847340623745,,0.7958333333333333,2.9,19.7,0.0,48.0,48.0,0.0,48.0,1.5841539566512657,199.93619627778838,,,,,,,,,,,,3.4,2.4,0.0,,,,False,
1998-01-30,82.54168749999997,1.4328789545173015,133.20833333333334,,0.3171458333333333,1.115733121183969,88.0937916666666,11.69375,,8.280289224198079,,1.0312500000000002,5.8,19.3,0.0,48.0,48.0,0.0,48.0,1.5586701721971452,201.2625802614265,,,,,,,,,,,,3.9,2.7,0.0,,,,False,
1998-01-31,74.14172916666666,1.3121457059270405,156.875,,0.4633541666666668,0.8487915392603735,101.79791666666661,10.218750000000002,,4.161684647148308,,0.9729166666666668,1.9,19.3,0.0,48.0,48.0,0.0,48.0,1.6949925360497786,202.6133799948085,,,,,,,,,,,,3.7,2.6000001,0.0,,,,False,
1998-02-01,84.275,1.522268505918401,135.83333333333334,,0.3024583333333333,1.2198101725850676,96.78543749999994,12.354166666666664,,9.321994393374018,,1.6749999999999998,4.8,20.4,0.0,48.0,48.0,0.0,48.0,1.682909518947198,203.9879848185733,,,,,,,,,,,,3.4,2.5,0.0,,,,False,
1998-02-02,89.175,1.950626104091155,,,0.22210416666666674,,,,,14.867488380255274,,,13.8,20.0,0.0,48.0,48.0,48.0,48.0,,205.38577133569348,,,,,,,,,,,,4.1,2.7,26.2,,,,False,
1998-02-03,96.17916666666667,2.091013160704152,54.875,,0.09189583333333336,1.9991173273708187,38.7604375,18.0354375,,17.07033828217648,,2.7875,13.9,22.7,0.0,48.0,48.0,20.33,48.0,1.026926750015961,206.80610374639267,,,,,,,,,,,,5.3,3.5,6.1,,,,False,
1998-02-04,82.78333333333335,1.1836626039987233,24.77083333333333,,0.19399999999999995,0.9896626039987227,12.11249999999999,9.354166666666666,,6.315670372738742,,4.362499999999999,7.6,14.3,0.0,48.0,48.0,0.25,48.0,1.1570552042289453,208.24833420332718,,,,,,,,,,,,5.1,3.3,0.0,,,,False,
1998-02-05,73.24791666666665,1.1577743472657744,159.66666666666666,,0.3452083333333333,0.8125660139324412,89.67916666666662,8.704166666666666,,3.729404001073058,,2.5583333333333336,4.4,15.7,0.0,48.0,48.0,0.0,48.0,2.017456863997595,209.71180318695937,,,,,,,,,,,,3.7,2.6000001,0.0,,,,False,
1998-02-06,84.175,1.1010248919640644,111.875,,0.2104375,0.8905873919640643,74.37083333333331,7.933333333333333,,5.0067054494038805,,0.6375,2.7,14.2,0.0,48.0,48.0,0.0,48.0,1.1988240730593902,211.1958399009853,,,,,,,,,,,,2.5,1.9,0.6,,,,False,
1998-02-07,85.59999999999998,1.0957172920196891,86.1875,,0.17950000000000002,0.9162172920196888,56.341708333333365,8.102083333333335,,5.505008390012628,,1.766666666666666,3.9,12.9,0.0,48.0,48.0,0.0,48.0,1.1511699538404154,212.69976268761303,,,,,,,,,,,,3.1000001,2.1000001,0.0,,,,False,
1998-02-08,77.96458333333334,1.1475117358572071,163.95833333333334,,0.2946458333333333,0.8528659025238738,95.40416666666658,8.631250000000003,,4.469250340138743,,1.6854166666666677,3.2,15.0,0.0,48.0,48.0,0.0,48.0,1.726567634338339,214.22287946242253,,,,,,,,,,,,3.4,2.4,0.0,,,,False,
1998-02-09,79.02291666666666,1.2640396826890758,162.72916666666666,,0.35775,0.906289682689076,105.06249999999994,9.51875,,5.271689486622956,,0.90625,2.4,18.3,0.0,48.0,48.0,0.0,48.0,1.7243161997682417,215.7644881684752,,,,,,,,,,,,2.9,2.1000001,0.0,,,,False,
1998-02-10,79.1416666666667,1.458160211779549,163.3125,,0.42620833333333336,1.0319518784462152,112.96666666666658,11.208333333333336,,6.8134529508236215,,0.6916666666666668,2.1,21.4,0.0,48.0,48.0,0.0,48.0,1.7900500291540982,217.3238772492734,,,,,,,,,,,,3.6000001000000004,2.7,0.0,,,,False,
1998-02-11,87.19999999999997,1.8797807385001841,87.3125,,0.29445833333333343,1.5853224051668506,58.62710416666667,16.085416666666667,,13.471690532511596,,2.256249999999999,10.3,23.1,0.0,48.0,48.0,0.0,48.0,1.6765791200580547,218.9003261401124,,,,,,,,,,,,4.8,3.3,11.1,,,,False,
1998-02-12,73.11666666666666,1.6242800072514392,164.91666666666666,,0.5360833333333335,1.088196673918106,109.71666666666664,13.685416666666667,,7.844830554437173,,1.1229166666666666,7.3,21.4,0.0,48.0,48.0,0.25,48.0,2.0781272185113115,220.49310577730182,,,,,,,,,,,,4.4,3.2,2.1000001,,,,False,
1998-02-13,92.01041666666664,1.066290024665123,29.47916666666667,,0.0864791666666667,0.9798108579984564,12.20208333333332,7.693749999999999,,6.283786667677472,,0.2979166666666666,3.4,11.5,0.0,48.0,48.0,6.07,48.0,0.35531438117197855,222.10147912467377,,,,,,,,,,,,2.0,1.5,3.2,,,,False,
1998-02-14,79.2270833333333,1.2837168121929952,141.875,,0.3261458333333333,0.9575709788596614,97.32502083333328,10.108333333333336,,6.027436512018793,,1.0499999999999996,3.9,17.4,0.0,48.0,48.0,0.25,48.0,1.6549672564854163,223.72470171673916,,,,,,,,,,,,3.0,2.2,5.1,,,,False,
1998-02-15,86.69791666666669,1.6397023127259154,79.3125,,0.2543333333333333,1.385368979392582,54.68129166666667,13.691666666666668,,11.15003994609586,,2.660416666666667,5.8,19.9,0.0,48.0,48.0,19.320000000000004,48.0,1.3101553296352568,225.36202221779288,,,,,,,,,,,,2.9,2.0,35.0,,,,False,
1998-02-16,97.43333333333334,1.9387501326986651,24.875,,0.05149999999999988,1.887250132698665,16.516666666666662,16.99166666666667,,16.263794701326827,,2.58125,14.9,19.0,0.0,48.0,48.0,51.040000000000006,48.0,0.39074629627078283,227.01268299621537,,,,,,,,,,,,3.0,2.1000001,54.9,,,,False,
1998-02-17,76.1229375,2.2587552801926774,,,0.5956458333333332,,,,,13.63473117784585,,,13.2,23.7,0.0,48.0,48.0,32.0,48.0,,228.67592071316602,,,,,,,,,,,,6.2000003,4.3,29.4,,,,False,
1998-02-18,77.24791666666667,1.886612763337829,164.83333333333334,,0.5007916666666666,1.3858210966711624,112.3583333333333,16.18541666666667,,11.548721682818133,,2.0187500000000003,10.4,22.2,0.0,48.0,48.0,0.0,48.0,2.358452533576293,230.35096692481082,,,,,,,,,,,,5.2000003,3.7,3.0,,,,False,
1998-02-19,79.23958333333333,1.6774222032668729,114.10416666666669,,0.4353541666666668,1.2420680366002057,93.97083333333336,14.072916666666664,,9.819791660739222,,0.5687499999999999,8.1,22.8,0.0,48.0,48.0,7.369999999999999,48.0,1.6517573710820952,232.0370486971814,,,,,,,,,,,,3.4,2.8,14.400001,,,,False,
1998-02-20,78.33127083333333,1.8385406056144376,164.60416666666666,,0.4654375,1.3731031056144376,122.99583333333322,15.772937499999998,,11.411734137155536,,1.5083333333333335,11.6,22.5,0.0,48.0,48.0,1.77,48.0,2.3576028750470526,233.73338923271209,,,,,,,,,,,,5.0,3.6000001000000004,1.3000001,,,,False,
1998-02-21,69.08125,1.7191651347260748,166.6875,,0.6416874999999999,1.0774776347260748,121.41249999999992,14.441666666666672,,7.84509451489426,,0.7833333333333332,8.6,23.6,0.0,48.0,48.0,0.0,48.0,2.2172340011220113,235.43920850746468,,,,,,,,,,,,3.3,2.6000001,18.4,,,,False,
1998-02-22,94.83333333333331,1.6184318672583955,18.9375,,0.09300000000000007,1.5254318672583969,10.289583333333333,13.970854166666667,,12.851181530401199,,1.5374999999999996,9.4,20.4,0.0,48.0,48.0,91.68,48.0,0.48534384469210873,237.1537239180035,,,,,,,,,,,,2.9,2.1000001,56.8,,,,False,
1998-02-23,84.77083333333333,1.5180201146981325,82.22916666666667,,0.23639583333333344,1.2816242813647991,54.58958333333334,13.1625,,10.28875187091915,,3.141666666666666,11.0,15.1,0.0,48.0,48.0,0.25,48.0,1.3765821189774696,238.87615093685054,,,,,,,,,,,,6.1,4.1,0.0,,,,False,
1998-02-24,,1.5975406942119752,,,,,,,,,,,8.3,21.2,0.0,48.0,48.0,0.0,48.0,,240.6057037754136,,,,,,,,,,,,5.9,4.1,0.0,,,,False,
1998-02-25,,1.7244678424366888,,,,,,,,,,,4.8,24.5,0.0,48.0,48.0,0.0,48.0,,242.34159605324882,,,,,,,,,,,,4.4,3.3,0.0,,,,False,
1998-02-26,,1.960421194494628,,,,,,,,,,,6.0,25.3,0.0,48.0,48.0,0.0,48.0,,244.0830414724899,,,,,,,,,,,,5.7000003,4.1,0.0,,,,False,
1998-02-27,,2.384328536919789,,,,,,,,,,,15.7,26.4,0.0,48.0,48.0,35.55000000000001,48.0,,245.82925449625438,,,,,,,,,,,,4.3,3.1000001,16.800001,,,,False,
1998-02-28,,2.371892041167156,,,,,,,,,,,17.4,23.4,0.0,48.0,48.0,5.34,48.0,,247.5794510298076,,,,,,,,,,,,3.9,3.0,13.3,,,,False,
1998-03-01,77.73749999999998,2.048662867608887,162.64583333333334,,0.5143958333333334,1.5342670342755538,100.62812499999997,17.643749999999994,,13.033715356707766,,,14.0,23.4,0.0,48.0,48.0,0.0,48.0,,249.3328491032571,,,,,,,,,,,,5.0,3.8,1.6,,,,False,
1998-03-02,58.90625,1.4441779974763198,209.79166666666663,,0.664,0.7801779974763196,123.07770833333322,12.129187500000002,,2.092467995692838,,,5.7,17.3,0.0,48.0,48.0,0.0,48.0,,251.08866955452407,,,,,,,,,,,,5.9,4.0,0.0,,,,False,
1998-03-03,59.35416666666664,1.2147549543410052,208.27083333333331,,0.5833541666666667,0.6314007876743385,122.8585416666666,9.302083333333334,,-0.2707282987961885,,,2.1,15.8,0.0,48.0,48.0,0.0,48.0,,252.84613671133468,,,,,,,,,,,,5.3,3.7,0.0,,,,False,
1998-03-04,59.30833333333332,1.1228867496934332,,,0.5812083333333332,,,,,-1.8749499880846765,,,-0.9,16.8,0.0,48.0,48.0,0.0,48.0,,254.60447907095883,,,,,,,,,,,,3.8,2.9,0.3,,,,False,
1998-03-05,79.92291666666664,1.4811498901771636,114.08333333333331,,0.3836458333333333,1.0975040568438303,71.30666666666666,11.652083333333335,,7.63308524724104,,,1.9,19.8,0.0,48.0,48.0,0.25,48.0,,256.36292997642727,,,,,,,,,,,,3.9,2.9,0.3,,,,False,
1998-03-06,82.67291666666664,2.1384210792586456,,,0.4342291666666668,,,,,14.241093513910794,,,8.8,25.5,0.0,48.0,48.0,0.25,48.0,,258.12072828794703,,,,,,,,,,,,3.8,2.9,2.4,,,,False,
1998-03-07,91.7,2.0440847001699742,,,0.17641666666666658,,,,,16.05404733185688,,,15.3,19.9,0.0,48.0,48.0,2.03,48.0,,259.87711904824386,,,,,,,,,,,,5.5,3.8,10.1,,,,False,
1998-03-08,69.19374999999998,2.9162498630304943,,,1.0470625,,,,,15.929984233640285,,,17.5,29.1,0.0,48.0,48.0,36.82,48.0,,261.63135414056467,,,,,,,,,,,,7.4,4.9,26.4,,,,False,
1998-03-09,72.64166666666667,1.695314947320778,141.1875,,0.4662708333333334,1.2290441139874446,82.37041666666664,14.639625,,9.090776601764773,,,7.4,19.3,0.0,48.0,48.0,5.33,48.0,,263.38269293807974,,,,,,,,,,,,7.1,4.9,1.0,,,,False,
1998-03-10,70.71875,1.0804878181396855,221.58333333333331,,0.3713124999999999,0.7091753181396858,126.6396041666666,7.762500000000002,,1.770052380560281,,,2.6,13.7,0.0,48.0,48.0,0.0,48.0,,265.1304029434381,,,,,,,,,,,,4.5,3.1000001,0.0,,,,False,
1998-03-11,59.28749999999997,0.950855254394068,224.04166666666663,,0.4392499999999999,0.511605254394068,131.57020833333334,5.827083333333333,,-2.9374115945085397,,,0.5,12.3,0.0,48.0,48.0,0.0,43.0,,266.8737604172482,,,,,,,,,,,,4.3,3.1000001,0.0,,,,False,
1998-03-12,48.93749999999999,0.8780448298692476,224.79166666666663,,0.4757708333333332,0.4022739965359137,132.42666666666662,4.80625,,-5.970376418375778,,,-0.8,10.2,0.0,48.0,48.0,0.0,23.0,,268.6120509942704,,,,,,,,,,,,4.2000003,3.0,0.0,,,,False,
1998-03-13,63.07916666666667,1.0027940211588646,226.0,,0.5100416666666666,0.4927523544921977,146.67854166666663,5.756250000000001,,-3.4001759489516084,,,-2.2,15.4,0.0,48.0,48.0,0.0,25.0,,270.344570286134,,,,,,,,,,,,4.7000003,3.4,0.0,,,,False,
1998-03-14,63.60625000000001,1.274100678541656,222.9375,,0.6456041666666666,0.6284965118749892,145.776875,8.872916666666663,,-0.012028447094885784,,,-1.6,19.5,0.0,48.0,23.0,0.0,23.0,,272.0706244694168,,,,,,,,,,,,5.1,3.8,0.0,,,,False,
1998-03-15,59.95208333333331,1.6972788219207178,223.9375,61.16045833333331,0.8492291666666666,0.8480496552540511,147.57229166666676,13.393770833333333,,4.184940955137029,,,3.1,23.6,0.0,48.0,0.0,0.0,10.0,,273.789530857954,,,,,,,,,,,,5.3,4.0,0.0,,,,False,
1998-03-16,54.53125000000001,1.9835671769172631,217.04166666666663,44.34804166666668,0.9725833333333336,1.0109838435839305,148.06670833333328,16.031270833333334,,5.612608688232953,,,5.1,25.1,0.0,48.0,0.0,0.0,18.0,,275.50061845827474,,,,,,,,,,,,5.9,4.3,0.0,,,,False,
1998-03-17,80.78749999999998,2.2626645531522582,150.5,,0.5402083333333333,1.7224562198189242,99.84541666666664,18.808333333333326,,14.723564536318483,,,9.4,25.0,0.0,48.0,15.0,0.0,48.0,,277.2032285071037,,,,,,,,,,,,5.1,3.5,2.9,,,,False,
1998-03-18,92.95416666666668,2.4996368511805884,,,0.20152083333333334,,,,,19.30364984802777,,,17.4,24.3,0.0,48.0,48.0,10.669999999999998,48.0,,278.89671498989634,,,,,,,,,,,,5.8,4.1,34.3,,,,False,
1998-03-19,95.48958333333331,2.048118958063796,,,0.0973541666666666,,,,,16.775090387835007,,,15.9,19.4,0.0,48.0,48.0,40.64,48.0,,280.58044513942644,,,,,,,,,,,,4.4,3.3,30.7,,,,False,
1998-03-20,88.48958333333331,2.1266106409296825,123.35416666666669,,0.28497916666666656,1.8416314742630169,68.25833333333333,18.112500000000004,,15.754809150185892,,,12.0,23.4,0.0,48.0,48.0,0.0,48.0,,282.25379991348075,,,,,,,,,,,,6.7000003,4.7000003,0.0,,,,False,
1998-03-21,85.9541666666667,1.2535844679257604,104.72916666666669,,0.19345833333333334,1.0601261345924262,45.75500000000002,10.177083333333332,,7.588479711713629,,,6.7,13.2,0.0,48.0,48.0,0.0,48.0,,283.91617445076736,,,,,,,,,,,,4.6,3.3,0.0,,,,False,
1998-03-22,76.20624999999998,1.1801390516590096,,,0.32583333333333325,,,,,4.397615060096436,,,2.8,15.4,0.0,48.0,48.0,0.0,48.0,,285.5669785041893,,,,,,,,,,,,4.8,3.6000001000000004,0.0,,,,False,
1998-03-23,67.65624999999999,1.4187773164862143,235.66666666666663,,0.5982291666666667,0.8205481498195479,158.40062499999996,11.300000000000002,,3.8108833041493626,,,4.0,19.7,0.0,48.0,48.0,0.0,48.0,,287.205636850689,,,,,,,,,,,,5.1,3.9,0.0,,,,False,
1998-03-24,66.74166666666663,1.7483549071783928,228.39583333333331,,0.7802291666666666,0.9681257405117258,155.96520833333338,13.922916666666673,,6.113080269535217,,,3.9,23.7,0.0,48.0,48.0,0.0,48.0,,288.8315896769219,,,,,,,,,,,,5.0,3.9,0.0,,,,False,
1998-03-25,72.42916666666662,2.025584431447032,,,0.7592291666666666,,,,,9.745846833820137,,,5.7,25.4,0.0,48.0,48.0,0.0,48.0,,290.4442929400718,,,,,,,,,,,,5.5,4.1,0.0,,,,False,
1998-03-26,81.01041666666666,2.1756520521093687,,,0.5017708333333334,,,,,14.196670981465207,,,10.0,24.7,0.0,48.0,48.0,0.0,48.0,,292.04321870317915,,,,,,,,,,,,6.7000003,4.9,0.0,,,,False,
1998-03-27,80.86254166666664,2.21595333734276,204.25,,0.5051874999999999,1.7107658373427597,140.14374999999998,18.429166666666664,,14.473073798996827,,,10.6,25.6,0.0,48.0,48.0,0.0,48.0,,293.62785544441084,,,,,,,,,,,,6.9,5.1,0.0,,,,False,
1998-03-28,76.31666666666669,2.4829224858175314,,,0.7610208333333329,,,,,14.503448190162466,,,9.8,28.6,0.0,48.0,48.0,0.0,48.0,,295.1977083397633,,,,,,,,,,,,5.0,4.0,0.0,,,,False,
1998-03-29,83.20833333333333,2.7125937899564017,,,0.5492083333333334,,,,,18.318814488033336,,,16.4,28.8,0.0,48.0,48.0,0.0,48.0,,296.7522995187478,,,,,,,,,,,,5.8,4.5,0.0,,,,False,
1998-03-30,81.43127083333334,2.699066276623857,241.83333333333331,,0.6147500000000002,2.084316276623857,169.55624999999995,21.668749999999992,,17.618114180692736,,,13.3,29.0,0.0,48.0,48.0,0.0,48.0,,298.29116829267554,,,,,,,,,,,,6.8,5.1,0.0,,,,False,
1998-03-31,67.20835416666665,3.064462569461419,,,1.0751458333333332,,,,,16.067229975263647,,,18.3,30.3,0.0,48.0,48.0,0.0,48.0,,299.81387135521743,,,,,,,,,,,,6.4,4.8,1.1,,,,False,
1998-04-01,46.52291666666665,2.9309943775170946,165.83333333333334,,1.5925625000000003,1.3384318775170945,111.63333333333333,23.32708333333333,,10.059817247522151,,,18.1,29.6,0.0,48.0,37.0,0.0,37.0,,301.3199829549851,,,,,,,,,,,,6.7000003,5.1,0.0,,,,False,
1998-04-02,72.02918749999998,2.9247530732761606,184.75,,0.8863124999999997,2.03844057327616,124.67708333333331,23.15208333333333,,17.20521409998933,,,17.3,30.0,0.0,48.0,20.0,0.0,9.0,,302.80909503993723,,,,,,,,,,,,5.7000003,4.7000003,0.0,,,,False,
1998-04-03,65.90833333333333,2.874009767859338,155.54166666666666,,1.0756041666666667,1.7984056011926717,107.94583333333333,23.1125,,15.444337829260357,,,16.6,28.3,0.0,48.0,27.0,0.0,28.0,,304.28081737348754,,,,,,,,,,,,7.7000003,5.8,0.0,,,,False,
1998-04-04,63.51668750000001,2.8306580685430864,227.3125,,1.108791666666667,1.7218664018764207,153.31875,22.8125,,14.374525580072188,,,15.1,27.9,0.0,48.0,48.0,0.0,48.0,,305.7347776222516,,,,,,,,,,,,7.7000003,5.6,0.0,,,,False,
1998-04-05,72.41043750000001,1.7183444045124336,,,0.5170625000000001,,,,,9.205327883284543,,,7.4,21.0,0.0,48.0,28.0,0.0,29.0,,307.1706214154382,,,,,,,,,,,,4.2000003,3.3,0.0,,,,False,
1998-04-06,71.60625,1.9795963140071653,219.79166666666663,,0.6828541666666669,1.2967421473404983,146.01458333333323,15.977083333333333,,10.067338716990278,,,5.2,25.1,0.0,48.0,16.0,0.0,32.0,,308.588012375954,,,,,,,,,,,,4.9,4.0,0.0,,,,False,
1998-04-07,78.87499999999997,2.471494195857752,,,0.6182708333333333,,,,,15.461416973835547,,,10.3,28.0,0.0,48.0,48.0,0.0,48.0,,309.9866321233577,,,,,,,,,,,,4.7000003,3.5,0.0,,,,False,
1998-04-08,82.76460416666669,2.705509652475829,,,0.5432499999999999,,,,,18.370537807245807,,,17.9,27.0,0.0,48.0,48.0,2.03,48.0,,311.36618024886155,,,,,,,,,,,,5.8,4.2000003,6.3,,,,False,
1998-04-09,70.7041666666667,2.894204270604813,170.33333333333334,,0.912,1.9822042706048124,106.54999999999997,23.26875,,16.350934701782066,,3.10625,17.4,27.7,0.0,48.0,48.0,0.51,48.0,3.5203839323703323,312.7263742626436,,,,,,,,,,,,7.8,5.6,0.8,,,,False,
1998-04-10,63.16666666666666,2.0057807792893487,300.1666666666667,,0.8117708333333334,1.1940099459560156,188.0145833333332,17.29585416666666,,8.935475969394863,,2.4,12.4,22.4,0.0,48.0,48.0,0.0,48.0,4.34407159229804,314.0669495137958,,,,,,,,,,,,6.2000003,4.5,0.0,,,,False,
1998-04-11,60.76252083333333,1.6996301935848197,291.75,,0.744125,0.9555051935848192,193.74166666666653,14.456270833333333,,6.0836409181969096,,1.8229166666666667,7.2,21.3,0.0,48.0,48.0,0.0,48.0,3.8766281759495094,315.3876590832943,,,,,,,,,,,,6.2000003,4.6,0.0,,,,False,
1998-04-12,55.0625,1.9082218111458504,,,1.0886250000000002,,,,,3.6618246090716986,,,6.0,25.0,0.0,48.0,48.0,0.0,48.0,,316.6882736504374,,,,,,,,,,,,5.9,4.7000003,0.0,,,,False,
1998-04-13,65.44166666666666,2.0385194389507872,294.4166666666667,,0.863625,1.1748944389507874,199.76458333333323,16.652083333333334,,8.945797622576825,,1.2416666666666667,6.1,25.2,0.0,48.0,48.0,0.0,48.0,3.965349778561766,317.9685813332568,,,1.1745346393460638,0.8514010285441747,,,0.8514010285441747,,,,,6.2000003,4.8,0.0,,,,False,
1998-04-14,76.5458333333333,2.131304586158665,247.77083333333331,,0.6276666666666667,1.5036379194919989,161.72291666666663,17.795833333333334,,12.736360614393814,,1.4645833333333331,10.3,24.8,0.0,48.0,48.0,0.0,48.0,3.5916343192652076,319.2283875034631,,,1.1786199822329009,0.8484498948554184,,,0.8484498948554184,,,,,7.2000003,5.2000003,0.0,,,,False,
1998-04-15,79.15833333333335,2.4036148052789508,222.16666666666663,,0.5900000000000001,1.8136148052789516,152.36666666666662,19.78125,,15.492401345827243,,0.8083333333333337,13.0,27.1,0.0,48.0,48.0,0.0,48.0,3.4017702481048264,320.46751457654165,,,1.1772550471707248,0.8494336060850038,,,0.8494336060850038,,,,,6.7000003,5.2000003,0.0,,,,False,
1998-04-16,78.09375,2.663006570276524,,,0.7100833333333335,,,,,16.654807103785355,,,13.6,28.4,0.0,48.0,48.0,0.0,48.0,,321.68580177766535,,,1.176573764480551,0.8499254616997965,,,0.8499254616997965,,,,,8.2,6.1,0.0,,,,False,
1998-04-17,84.275,2.7886947090142162,211.47916666666663,,0.5271875,2.2615072090142143,150.76874999999995,22.43958333333333,,18.966066532392908,,1.0895833333333331,17.6,28.5,0.0,48.0,48.0,0.0,48.0,3.5310982208965873,322.88310488414743,,,1.1761653732259183,0.8502205750686722,,,0.8502205750686722,,,,,8.0,6.1,0.0,,,,False,
1998-04-18,81.61666666666666,2.956865876656453,232.1875,,0.6731041666666667,2.2837617099897862,165.75625000000005,23.172937500000003,,19.09857502910272,,0.80625,15.7,30.8,0.0,48.0,16.0,0.0,22.0,3.828361123311951,324.059295945196,,,1.1758932698569171,0.8504173173145894,,,0.8504173173145894,,,,,7.8,6.0,0.0,,,,False,
1998-04-19,84.66250000000002,2.5736097214385723,132.35416666666666,,0.4211458333333332,2.1524638881052387,83.95416666666664,21.345833333333328,,18.13378482512462,,1.7479166666666668,16.8,27.6,0.0,48.0,33.0,1.01,33.0,2.612308256259449,325.21426297978667,,,1.1745346393460638,0.8523957992554398,,,0.8514010285441747,,,,,8.0,5.8,2.5,,,,False,
1998-04-20,82.19999999999997,2.509572856707966,,,0.5315625,,,,,16.931448846123118,,,16.2,28.7,0.0,48.0,37.0,0.0,37.0,,326.3479096535077,,,1.182733844127872,0.8554878685056236,,,0.8454987611666622,,,,,4.2000003,3.5,0.0,,,,False,
1998-04-21,76.5270833333333,2.4350472176651965,238.47916666666663,,0.6797708333333334,1.7552763843318624,168.43333333333328,20.120854166666668,,15.128152279080716,,0.8270833333333337,14.8,28.5,0.0,48.0,28.0,0.0,28.0,3.7985652206606977,327.46015493527136,,,1.1745346393460638,0.8578928112557667,,81.1910469004313,0.8514010285441747,,,,2.859148852896356,4.0,3.2,0.0,,0.8934840165301111,2.859148852896356,True,2.859148852896356
1998-04-22,63.50000000000003,2.178301942302141,299.8333333333333,,0.9291875,1.249114442302141,201.53333333333322,18.44170833333333,,9.694273374221366,,1.6958333333333335,12.9,23.8,0.0,48.0,19.0,0.0,19.0,4.394276491446303,328.55093273482584,,,1.1745346393460638,0.8598167654558809,,133.27462277260904,0.8514010285441747,,,,4.685704548570731,6.8,5.2000003,0.0,,0.9010969765849306,4.685704548570731,True,4.685704548570731
1998-04-23,66.84166666666667,1.7694854501892063,272.0208333333333,68.48853124999998,0.7042083333333333,1.0652771168558728,176.2541666666666,15.129166666666668,,7.460777207405925,114.05186458333336,1.7479166666666668,9.0,20.9,0.0,27.0,5.0,0.0,5.0,3.7473926634895123,329.6201915220346,182.54039583333332,,1.1745346393460638,0.8613909098014291,214.40001798619198,133.95786563513158,0.8514010285441747,,80.44215235106034,3.997144725997483,4.694784939163474,7.0,5.2000003,0.0,0.9028432054443296,0.8489347593700621,4.4144610034047504,False,
1998-04-24,64.26877083333333,1.911273163976668,286.7083333333333,63.768260416666664,0.83225,1.0790231639766692,196.5125,15.97291666666667,-4.41875,7.745929270132543,107.30481249999998,1.03125,7.7,23.7,0.0,0.0,1.0,0.0,5.0,3.8697941549057107,330.66789392892036,171.07307291666666,200.93124999999995,1.1745346393460638,0.8637301211389505,200.93124999999992,126.0332192497845,0.8514010285441747,0.8514010285441747,74.89803075021545,3.7637239379680616,4.420624138079464,6.5,5.0,0.0,0.8841248276158927,0.8377107910478692,4.188553955239346,False,
1998-04-25,61.44791666666665,2.161907218513211,305.1875,69.51108333333333,1.0885625,1.0733447185132106,217.64374999999995,17.227083333333336,-2.132916666666667,7.48817213046224,115.01263541666668,0.4895833333333335,6.3,26.7,0.0,0.0,1.0,0.0,5.0,3.9786945091961816,331.6940163354978,184.52371875,219.7766666666666,1.1570502606759343,0.8690718734263722,213.50321688058037,133.07539978988038,0.8642666909005425,0.8395964937891498,80.42781709069995,4.0389315243853385,4.673246773142305,6.4,5.1,0.0,0.9163228966945696,0.7919027022979551,4.038703781719572,False,
1998-04-26,72.42083333333333,2.2392702562747564,213.4375,34.365145833333344,0.7605625000000003,1.478707756274756,144.8312499999999,18.247916666666665,-0.7214583333333323,12.204597194741142,93.30384374999998,0.6541666666666666,9.0,26.3,0.0,0.0,1.0,0.0,6.0,3.174802518061492,332.698548440451,127.66898958333331,145.55270833333327,1.140078799153703,0.8738770559522018,145.55270833333327,106.37373413892472,0.8771323532569104,0.8771323532569104,39.178974194408546,3.2797906464826316,3.7392197817174657,6.8,5.4,0.0,0.6924481077254566,0.7919027022979551,4.276274592408958,False,
1998-04-27,73.3895833333333,2.5553454188427445,221.14583333333331,41.20198958333333,0.8578958333333336,1.6974495855094107,152.48749999999995,20.716666666666665,2.864791666666667,14.587380149166036,100.65362499999998,0.4270833333333334,14.3,28.8,0.0,0.0,2.0,0.0,4.0,3.4755238259248333,333.68149281772116,141.85561458333333,149.62270833333332,1.140078799153703,0.8798050630458448,161.72657872737713,114.75306392046713,0.8771323532569104,0.9480888039220872,46.97351480691004,3.5465584340072294,4.0433560805714,6.4,5.1,0.0,0.792814917759098,0.7697146016686802,3.9255444685102687,False,
1998-04-28,80.75000000000003,2.412014579439384,177.64583333333337,37.18880208333332,0.5190416666666668,1.8929729127727168,128.15208333333337,20.137520833333326,2.828958333333334,16.164032386540452,64.48957291666666,1.6041666666666667,14.7,27.1,0.0,0.0,1.0,0.0,4.0,3.155415169369426,334.6428644600984,101.678375,125.32312500000003,1.140078799153703,0.8857330701394877,115.92135966989986,73.52319484876848,0.8771323532569104,0.8113297126926892,42.39816482113138,2.271041608040203,2.589166389322569,6.3,4.6,0.0,0.5628622585483846,0.7411120451818771,3.4091154078366346,False,
1998-04-29,76.29791666666664,2.470776454386689,116.66666666666669,,0.6408124999999999,1.829963954386689,76.52916666666667,20.716666666666672,4.093125,15.695827002889846,,1.2687499999999998,16.5,24.2,0.0,0.0,25.0,0.0,25.0,2.278659889069541,335.5826903109236,,72.43604166666667,1.140078799153703,0.8897998692605491,,95.40255439327778,0.8771323532569104,,,,3.3615355026638416,6.3,4.6,5.2000003,,0.7307685875356178,3.3615355026638416,True,3.3615355026638416
1998-04-30,75.05416666666666,2.729231826881374,133.45833333333334,,0.7584166666666664,1.9708151602147066,93.67708333333331,22.35,6.317083333333333,16.86700538877502,,0.8833333333333334,19.7,27.1,0.0,0.0,48.0,0.0,48.0,2.6386831027071556,336.5010087850103,,87.35999999999999,1.140078799153703,0.8926970627128494,,105.63314699846345,0.8771323532569104,,,,3.7278759551479705,6.3,4.8,1.0,,0.7766408239891606,3.7278759551479705,True,3.7278759551479705
1998-05-01,71.50833333333333,2.7989093106604823,259.5208333333333,,0.9600416666666668,1.8388676439938143,180.00416666666663,22.44375,5.247708333333335,15.349615221426484,,1.522916666666667,16.9,29.1,0.0,0.0,29.0,0.0,29.0,4.445840302968915,337.39786927991804,,174.7564583333333,1.1058790299066132,0.8939065891443024,,115.81644807968014,0.9042580363283006,,,,4.087622134815661,6.7000003,5.3,0.0,,0.7712494593991814,4.087622134815661,True,4.087622134815661
1998-05-02,74.01249999999997,2.6454926039841253,267.6041666666667,47.90317708333333,0.8124791666666669,1.833013437317459,181.31875000000005,21.44377083333333,2.9243749999999995,15.721438080096753,127.89930208333334,1.9062500000000009,14.7,27.9,0.0,0.0,1.0,0.0,7.0,4.3804004093605675,338.2733316786991,175.80247916666667,178.39437500000003,1.1058790299066132,0.8951644646918239,194.41627511601087,141.44115611364955,0.9042580363283006,0.9854709778078296,52.97511900236137,4.509724666476589,4.987209939309055,7.3,5.7000003,0.0,0.8749490661095324,0.8754430598245799,4.990025703633023,False,
1998-05-03,66.40210416666663,2.7756518549239493,290.5833333333333,56.17038541666666,1.1480833333333331,1.6275685215906155,203.18125,22.15625,3.998541666666666,13.625825553573899,138.8055416666667,1.8,15.1,29.3,0.0,0.0,1.0,0.0,8.0,4.916413703270093,339.12746584525104,194.97592708333332,199.1827083333333,1.090977596477761,0.8963739911232768,212.71436830039826,151.4337362252937,0.916609106574247,0.9788797868790904,61.280632075104464,4.8976404683674435,5.343216026591731,8.0,6.1,0.6,0.8759370535396279,0.8754430598245799,5.3402026649299374,False,
1998-05-04,78.5479166666667,2.461573530420015,124.4375,,0.572375,1.8891985304200145,69.52291666666666,20.6875,1.2516666666666671,16.270277416776732,,1.8979166666666671,17.5,25.3,0.0,0.0,28.0,0.76,28.0,2.620130063478331,339.9603511134005,,68.27125,1.090977596477761,0.8963329446589943,,139.1394966827113,0.916609106574247,,,,4.9024811350176485,7.3,5.6,1.4,,0.8754430598245799,4.9024811350176485,True,4.9024811350176485
1998-05-05,67.31250000000001,2.769874890482186,297.1041666666667,,1.1454791666666668,1.6243957238155196,213.99791666666667,21.90629166666667,3.7447916666666665,13.894074990918822,,0.6270833333333333,14.6,30.2,0.0,0.0,48.0,0.0,48.0,4.5741099056578225,340.77207577083834,,210.253125,1.1159022761242194,0.8950413252989768,,113.23250544703049,0.8961358188758479,,,,3.994354048889004,6.2000003,5.3,0.0,,0.7536517073375478,3.994354048889004,True,3.994354048889004
1998-05-06,72.82083333333338,2.877323008031585,282.9791666666667,,1.0152083333333335,1.862114674698252,201.4333333333333,22.245833333333334,4.3025,15.86014849929944,,0.7458333333333332,11.9,32.0,0.0,0.0,35.0,0.0,35.0,4.491991561815006,341.5627365390205,,197.13083333333333,1.1159022761242194,0.8912837347506507,,104.79148045918134,0.8961358188758479,,,,3.6978014248101703,6.1,5.4,0.0,,0.6847780416315129,3.6978014248101703,True,3.6978014248101703
1998-05-07,83.41460416666666,2.9821976476758163,231.60416666666663,,0.6116458333333334,2.370551814342482,165.88958333333323,23.3000625,6.591874999999997,19.638960973825434,,2.0583333333333336,15.8,30.8,0.0,0.0,23.0,0.25,23.0,4.072282378551634,342.33243805012864,,159.29770833333328,1.1230438967365803,0.8875261442023248,,94.28250111556008,0.8904371440028926,,,,3.330354137702996,7.3,5.7000003,0.4,,0.5842726249861769,3.330354137702996,True,3.330354137702996
1998-05-08,80.71458333333334,3.212983379094664,148.20833333333334,-0.7346666666666626,0.6618958333333332,2.5510875457613302,99.0145833333333,25.15208333333333,8.797291666666668,20.893426893865296,84.76158333333336,2.9625000000000004,22.5,28.0,0.0,0.0,6.0,0.0,6.0,3.1709829123458784,343.08129232218135,84.0269166666667,90.21729166666664,1.1223735255032523,0.8829797358123173,94.30958669633472,95.1341571130711,0.8909689842796475,0.9313837193996908,-0.8245704167363851,2.9994073622589545,3.3664554155989936,8.6,6.6,0.0,0.510069002363484,0.6152478197693204,4.060635610477513,False,
1998-05-09,72.07083333333334,3.2592415686745824,229.66666666666663,25.190770833333346,1.0772916666666663,2.1819499020079163,169.31041666666667,25.08333333333333,7.5858541666666675,18.405073837335628,114.36532291666664,1.425,19.8,31.4,0.0,0.0,1.0,0.0,3.0,4.315936299218922,343.80941823335417,139.55609374999997,161.72456250000005,1.1230438967365803,0.8787673341484413,156.7276193383355,128.43727789987062,0.8904371440028926,0.8629245402967156,28.29034143846487,4.046708131665927,4.544630869141709,8.6,6.8,0.0,0.6683280689914278,0.6597945227440862,4.486602754659787,False,
1998-05-10,74.97291666666666,3.1067777687630973,189.25,18.74341666666666,0.8490208333333334,2.2577569354297635,129.11666666666665,24.4625,7.2733333333333325,19.021316400922235,91.13910416666666,2.9145833333333337,20.0,29.2,0.0,0.0,2.0,0.0,2.0,3.927455264119547,344.5169409965576,109.88252083333332,121.8433333333333,1.1406659663598804,0.8760821337310154,125.33925181241385,103.95927432744459,0.8766808421498041,0.9018344937488032,21.37997748496921,3.2229357686501663,3.6762931430631656,8.3,6.4,0.0,0.5744208036036196,0.6760758389343651,4.326885369179936,False,
1998-05-11,77.62499999999999,2.908394570892933,299.5625,52.86622916666666,0.7488958333333332,2.1594987375595998,207.0208333333333,23.23333333333333,5.969999999999999,18.33447626251936,105.53849999999996,2.004166666666665,18.1,28.7,0.0,0.0,0.0,0.0,0.0,4.950834071458858,345.20399163528845,158.4047291666666,201.0508333333333,1.158849880032559,0.8721262866810359,183.56730139138162,122.30327806381618,0.8629245402967156,0.7878839721297682,61.26402332756544,3.7277112761171534,4.31985776512438,7.5,6.1,0.0,0.7081734041187508,0.6838262457789761,4.171340099251753,False,
1998-05-12,62.90833333333333,3.0570945995408487,311.5,68.18726041666667,1.4028541666666663,1.6542404328741824,221.21875000000003,23.47083333333333,4.423770833333333,14.088465387858445,124.85504166666664,1.2624999999999995,14.3,31.6,0.0,0.0,1.0,0.0,8.0,5.157962496670869,345.87070646175005,193.0423020833333,216.79497916666668,1.158849880032559,0.8670838476244573,223.70704861047986,144.68825005687683,0.8629245402967156,0.8904371440028926,79.01879855360303,4.4109994136424255,5.111686141323213,7.5,6.1,0.0,0.8379813346431497,0.7149432050970709,4.3611535510921335,False,
1998-05-13,64.13333333333333,3.2776184063394744,313.2916666666667,63.59085416666668,1.5594583333333332,1.7181600730061408,222.66041666666663,24.16877083333333,5.048333333333334,14.69692769779418,114.63399999999996,0.9583333333333331,12.6,33.8,0.0,0.0,3.0,0.0,6.0,5.150656655960348,346.51722655820174,178.22485416666663,217.61208333333332,1.158849880032559,0.8635977128104958,206.53585086986197,132.84359714765236,0.8629245402967156,0.8190025638129012,73.69225372220964,4.052631243664171,4.696391230536428,7.5,6.2000003,0.0,0.7574824198857583,0.7273865529977553,4.5097968468020495,False,
1998-05-14,73.36249999999997,3.189136995821936,293.9583333333333,62.51510416666665,1.0504791666666666,2.1386578291552696,214.71250000000006,24.08545833333332,6.777291666666668,18.031373850836328,102.05223958333336,0.8854166666666666,14.5,32.8,0.0,0.0,1.0,0.0,4.0,4.863271979431358,347.14369726247,164.56734375,207.9352083333334,1.1539367632453807,0.8585552737539174,189.90030798276496,117.76183102673383,0.8665986142841635,0.7914356835913428,72.13847695603114,3.607540609432208,4.162873734124472,6.7000003,5.7000003,0.0,0.7303286868466431,0.7528808445634446,4.291421039875888,False,
1998-05-15,66.35210416666668,3.0719077350801247,284.7916666666667,66.27557291666663,1.192,1.8799077350801259,204.82916666666665,23.72710416666667,5.820645833333334,15.515192969673006,111.14068750000004,1.0645833333333334,15.9,31.3,0.0,0.0,1.0,0.0,5.0,4.774735333248511,347.75026765851715,177.41626041666663,199.0085208333333,1.149065130362796,0.8563680609517598,203.86283840415683,127.70788857079829,0.8702726882716114,0.8915008245564026,76.15494983335853,3.9274571546700554,4.512904067425241,7.4,6.2000003,0.0,0.7278877175901494,0.7618223326523833,4.723298690991477,False,
1998-05-16,61.57708333333332,3.1905728920386847,262.3333333333333,47.96511458333333,1.463854166666667,1.726718725372019,189.31874999999997,23.79170833333333,4.903958333333333,14.748855911638277,105.58992708333332,0.6354166666666666,13.3,33.1,0.0,0.0,1.0,0.0,1.0,4.334871504008205,348.33709007292885,153.55504166666663,184.41479166666664,1.1539367632453807,0.8570360744040232,177.1928077608429,121.84409868985743,0.8665986142841635,0.8326611996732909,55.34870907098548,3.731538796812077,4.305959801117893,6.5,5.7000003,0.0,0.7554315042962176,0.7427825821546917,4.233860941116518,False,
1998-05-17,77.69166666666666,3.3108857383105885,223.6875,,0.8911875000000001,2.419698238310589,163.83333333333331,25.08960416666668,6.635000000000002,20.06188579849316,,1.2666666666666668,17.7,32.6,0.0,0.0,13.0,0.0,13.0,4.123659700533233,348.90431957814155,,157.19833333333332,1.1728533686339289,0.8577040878562863,,133.46184055991318,0.8526215013260707,,,,4.722448871963752,8.0,6.4,0.7,,0.7378826362443363,4.722448871963752,True,4.722448871963752
1998-05-18,83.58958333333338,3.406339464163091,227.16666666666663,,0.7441041666666668,2.6622352974964243,167.92916666666667,25.625041666666664,8.8935625,21.62005288887089,,1.3437500000000002,19.5,34.2,0.0,0.0,48.0,1.01,48.0,4.357796334785488,349.4521135031964,,159.03560416666667,1.1976473687473628,0.8583721013085497,,100.84701774765513,0.8349703143805299,,,,3.5702458168506332,5.9,5.1,7.0,,0.7000481993824771,3.5702458168506332,True,3.5702458168506332
1998-05-19,68.07708333333332,3.170199594087437,293.0,,1.2692291666666669,1.900970427420772,210.30833333333328,24.175,5.1675,16.226810363454216,,1.154166666666667,16.7,31.8,0.0,0.0,48.0,0.25,48.0,4.9987170296353485,349.980630952758,,205.14083333333332,1.1728533686339289,0.8587061080346813,,117.84588696439656,0.8526215013260707,,,,4.166205466706528,7.6,6.2000003,0.5,,0.6719685911477341,4.166205466706528,True,4.166205466706528
1998-05-20,59.591687500000006,3.4937867060890957,308.1666666666667,,1.7767708333333332,1.7170158727557607,219.5979166666666,25.120833333333334,4.8272916666666665,14.608367559141307,,0.8875000000000001,12.6,35.2,0.0,0.0,22.0,0.0,21.0,5.18210938395838,350.4900323351007,,214.77062499999997,1.1976473687473628,0.8587061080346813,,113.98840947582028,0.8349703143805299,,,,4.03351766127035,7.6,6.4,0.0,,0.6302371345734922,4.03351766127035,True,4.03351766127035
1998-05-21,71.15833333333333,3.6811607971231832,284.375,59.43034374999997,1.2805416666666667,2.4006191304565165,204.3895833333333,26.63958333333333,8.2025,19.848421629178567,111.30591666666665,1.5229166666666665,18.3,35.2,0.0,0.0,1.0,0.0,3.0,5.341119173259118,350.9804788997183,170.73626041666662,196.18708333333333,1.1728533686339289,0.8590401147608128,200.24859817764724,130.54551931138738,0.8526215013260707,0.8702726882716114,69.70307886625984,3.9443893377279626,4.626190321957996,9.8,7.5,0.0,0.6168253762610659,0.6095285643293548,4.571464232470161,False,
1998-05-22,70.72916666666666,3.5516293448231,295.2916666666667,65.33527083333334,1.2656041666666662,2.2860251781564327,209.90625,26.38752083333333,8.612083333333336,19.098197771162774,120.16069791666662,1.7916666666666672,21.3,34.1,0.0,0.0,1.0,0.0,1.0,5.677669146295321,351.45213228517235,185.49596875,201.29416666666665,1.149065130362796,0.8600401736398383,213.14694951349185,138.07246801609907,0.8702726882716114,0.921516861723928,75.07448149739275,4.257140397593059,4.891731585932994,10.0,7.6,0.0,0.6436488928859201,0.6095285643293548,4.632417088903097,False,
1998-05-23,74.55624999999998,3.536745460733565,284.2291666666667,64.30331249999999,1.094125,2.4426204607335653,202.65208333333325,26.252104166666676,7.754583333333333,20.226045261067366,,1.6812499999999997,20.2,33.7,0.0,0.0,1.0,0.0,22.0,5.325241466311074,351.9051540777465,,194.89749999999992,1.149065130362796,0.8620402913978896,,132.49094784534392,0.8702726882716114,,73.88869416057209,,4.693370128194601,10.1,7.7000003,0.0,,0.6095285643293548,4.693370128194601,True,4.693370128194601
1998-05-24,72.26041666666667,3.5929780349405323,299.375,69.44991666666665,1.2434166666666666,2.3495613682738656,214.50416666666663,26.385437499999995,7.648958333333335,19.6069656525583,103.26804166666668,1.5645833333333334,18.6,34.9,0.0,0.0,1.0,0.0,6.0,5.562639039660221,352.3397053814346,172.71795833333337,206.8552083333333,1.149065130362796,0.8624357557972554,198.46418330828763,118.66170576001902,0.8702726882716114,0.8349703143805299,79.80247754826863,3.658647734873522,4.204024536423991,9.5,7.4,0.0,0.5681114238410798,0.6095285643293548,4.5105113760372255,False,
1998-05-25,,,273.3125,,,2.598274258415272,204.92708333333331,25.8479375,7.849604166666666,,,,17.0,34.3,0.0,0.0,9.0,,13.0,,352.7559463997408,,197.07747916666665,1.149065130362796,0.8644358735553065,,116.35014384915868,0.8702726882716114,,,,4.119985076871794,8.400001,6.8,0.0,,0.6058801583634992,4.119985076871794,True,4.119985076871794
1998-05-26,83.48958333333337,3.3983716840261584,214.41666666666663,,0.6849791666666666,2.7133925173594924,156.03958333333333,25.354187499999995,6.6464791666666665,21.631395600195518,,,16.8,33.8,0.0,0.0,48.0,0.51,48.0,,353.1540360297318,,149.39310416666663,1.149065130362796,0.8648313379546722,,90.36649860000506,0.8702726882716114,,,,3.1983702018011613,6.6,5.4,4.9,,0.592290778111326,3.1983702018011613,True,3.1983702018011613
1998-05-27,82.26041666666669,2.7876966019038303,84.375,,0.5315,2.25619660190383,48.100000000000016,22.78125,3.875625,18.95082307708836,,,20.0,26.2,0.0,0.0,48.0,0.5,48.0,,353.5341314687336,,44.224375000000016,1.149065130362796,0.8636221489953525,,62.286831595560315,0.8702726882716114,,,,2.1990653118647807,4.6,3.8,3.5,,0.5787013978591529,2.1990653118647807,True,2.1990653118647807
1998-05-28,91.35,3.2450921916485758,154.60416666666666,,0.3154583333333333,2.929633858315242,106.39374999999994,24.95625,5.5025,22.93466210212133,,,19.2,30.5,0.0,0.0,48.0,0.0,48.0,,353.89638783402495,,100.89124999999994,1.1579137950124314,0.8624129600360326,,49.51560523592738,0.8636221489953525,,,,1.7518473110928388,3.5,3.1000001,0.0,,0.5651120176069797,1.7518473110928388,True,1.7518473110928388
1998-05-29,79.31666666666669,3.3681790962028875,210.33333333333331,,0.8213541666666666,2.546824929536221,152.64377083333324,25.3791875,6.626875000000001,20.79655578045552,,,18.0,32.4,0.0,0.0,48.0,0.0,48.0,,354.2409577958365,,146.01689583333325,1.1668998000153001,0.8612037710767131,,71.67858081285253,0.8569716097190936,,,,2.53700413183211,5.5,4.6,2.5,,0.5515226373548066,2.53700413183211,True,2.53700413183211
1998-05-30,78.54166666666664,3.1949835771639217,144.52083333333334,,0.7644166666666664,2.430566910497254,98.0229166666666,24.67083333333333,5.525416666666667,19.94836276071053,,,18.8,31.5,0.0,0.0,48.0,15.229999999999995,48.0,,354.5679912239285,,92.49749999999992,1.1668998000153001,0.859994582117393,,65.39770597677017,0.8569716097190936,,,,2.313113005541324,5.2000003,4.3,3.4,,0.5379332571026334,2.313113005541324,True,2.313113005541324
1998-05-31,83.1791666666667,3.4866889442531104,245.6875,,0.6752708333333333,2.8114181109197776,179.96041666666667,26.17916666666667,7.510000000000002,22.434207692714143,,,20.5,32.5,0.0,0.0,48.0,0.0,48.0,,354.87763484797415,,172.45041666666668,1.1668998000153001,0.8590520324282486,,56.251209066029155,0.8569716097190936,,,,1.9925067320317489,4.4,3.8,0.0,,0.5243438768504602,1.9925067320317489,True,1.9925067320317489
1998-06-01,78.33124999999995,3.6603556777969977,241.0625,,0.9512083333333332,2.7091473444636662,172.42916666666676,26.72504166666667,8.854375000000003,21.780749432724804,,1.2354166666666664,17.4,33.7,0.0,0.0,43.0,0.0,43.0,4.375348639279863,355.17003193194876,,163.57479166666675,1.1668998000153001,0.8581094827391038,,87.39863293171373,0.8569716097190936,,,,3.0974343259965864,7.7000003,6.1,0.0,,0.5077761190158339,3.0974343259965864,True,3.0974343259965864
1998-06-02,84.06458333333337,4.243888702896198,258.2083333333333,53.61108333333334,0.80475,3.4391387028961984,190.52708333333348,29.620833333333334,12.56125,25.78016064892438,98.90058333333336,2.4479166666666674,25.4,36.5,0.0,0.0,7.0,0.0,7.0,5.451005894132769,355.44532196267835,152.51166666666668,177.96583333333348,1.1668998000153001,0.8580381667997942,177.96583333333342,115.40707091306321,0.8569716097190936,0.8569716097190936,62.55876242027026,3.5149243862581088,4.101564563393489,10.6,8.1,0.0,0.5063659954806775,0.5077761190158339,4.112986564028255,False,
1998-06-03,81.33958333333334,4.064758175372205,305.6041666666667,80.77314583333337,0.9197083333333336,3.1450498420388704,217.06041666666678,28.881249999999994,10.856458333333334,24.36005106318382,105.99934375000004,2.4000000000000004,24.8,35.3,0.0,0.0,1.0,0.0,2.0,6.091774259362318,355.70364035267806,186.77248958333342,206.20395833333345,1.1668998000153001,0.8570552322652273,217.94478074315143,123.69061302362806,0.8569716097190936,0.9057657820584192,94.25416771952335,3.764510236034305,4.39280624158398,10.6,8.1,0.0,0.5423217582202444,0.5077761190158339,4.112986564028255,False,
1998-06-04,78.21874999999997,4.0252944419620444,312.7291666666667,86.10154166666666,1.0566875,2.9686069419620464,224.2729166666668,28.641666666666666,9.984374999999998,23.39409433375193,91.64672916666667,2.2749999999999995,23.3,35.3,0.0,0.0,2.0,0.0,2.0,6.123770900186253,355.9451181573768,177.74827083333332,214.2885416666668,1.1668998000153001,0.8575885108055775,207.414421688482,106.94254993663971,0.8569716097190936,0.8294809860147673,100.47187175184231,3.254028175103692,3.7971248267726496,10.6,8.0,0.0,0.4746406033465812,0.5077761190158339,4.062208952126672,False,
1998-06-05,79.38750000000003,3.923436599776079,294.4166666666667,,0.9389166666666668,2.9845199331094125,205.7708333333334,28.18333333333333,8.389583333333334,23.454993308872638,,2.65,22.2,34.2,0.0,0.0,7.0,0.0,10.0,5.654611713123891,356.1698818067911,,197.38125000000008,1.1668998000153001,0.8581217893459279,,113.02853855101542,0.8569716097190936,,,,4.011431340225088,10.5,7.9,0.6,,0.5077761190158339,4.011431340225088,True,4.011431340225088
1998-06-06,78.24583333333334,3.6212653717831267,245.83333333333331,,0.8943125,2.7269528717831264,175.82916666666677,26.98958333333333,7.377083333333332,22.024002586702927,,2.2937500000000006,21.4,32.0,0.0,0.0,48.0,5.84,48.0,4.6880792140732055,356.3780528516968,,168.4520833333334,1.1629196442450631,0.8586550678862781,,103.27582003373844,0.8599046416910203,,,,3.661064654184921,9.5,7.2000003,0.3,,0.5084811807834121,3.661064654184921,True,3.661064654184921
1998-06-07,78.03333333333335,3.388452120598461,303.3125,,0.9381458333333332,2.450306287265128,214.80000000000007,25.68541666666667,5.434166666666667,20.23221516634182,,1.7270833333333335,18.9,32.8,0.0,0.0,48.0,0.0,48.0,5.425439703969905,356.56974772430914,,209.36583333333343,1.1629196442450631,0.8591883464266284,,87.40691470948057,0.8599046416910203,,,,3.0946120844516263,7.5,6.1,0.0,,0.5073134564674797,3.0946120844516263,True,3.0946120844516263
1998-06-08,70.76877083333333,3.0789017288394174,272.6875,,1.0894583333333334,1.9894433955060835,194.43125000000015,23.783375000000003,1.3875,17.056711477000295,,1.5020833333333332,15.5,31.4,0.0,0.0,28.0,0.0,29.0,4.7829467968423005,356.74507751347704,,193.0437500000002,1.1589665478499185,0.8597216249669788,,83.06949999686536,0.862837673662947,,,,2.9356452464789746,7.3,5.8,0.0,,0.5061457321515475,2.9356452464789746,True,2.9356452464789746
1998-06-09,70.64375000000003,3.4618727289273368,239.9375,,1.222416666666667,2.2394560622606705,171.1812500000001,25.74377083333333,4.122708333333333,18.871653551120854,,1.13125,16.5,34.0,0.0,0.0,18.0,0.0,19.0,4.449590319007009,356.90414775436517,,167.05854166666677,1.1818105228366864,0.8602549035073289,,69.88494036271537,0.8461593298388571,,,,2.4743922383945147,6.1,4.9,2.3,,0.5049780078356152,2.4743922383945147,True,2.4743922383945147
1998-06-10,76.40208333333331,3.918869916611929,275.3958333333333,,1.133916666666667,2.7849532499452603,197.11875000000006,27.829166666666666,8.116062500000002,22.24095644691253,,1.1541666666666666,18.7,35.1,0.0,0.0,25.0,0.0,25.0,5.045006198639265,357.04705823259263,,189.00268750000006,1.1589665478499185,0.8607881820476794,,68.16260191333538,0.862837673662947,,,,2.418289360894478,5.9,4.8,0.4,,0.5038102835196829,2.418289360894478,True,2.418289360894478
1998-06-11,71.30416666666667,4.039076173475956,298.9583333333333,82.02920833333336,1.3653750000000002,2.673701173475956,211.32708333333343,28.581250000000008,8.9775,21.680713589986933,92.5656354166667,1.4041666666666668,21.6,35.4,0.0,0.0,1.0,0.0,4.0,5.666225102780937,357.1739028027773,174.59484375000005,202.34958333333344,1.1589665478499185,0.8608765360833452,202.34958333333344,107.28047492838832,0.862837673662947,0.862837673662947,95.06910840494513,3.286462403695336,3.808899986649328,9.7,7.6,0.5,0.5011710508749115,0.5026425592037507,3.820083449948505,False,
1998-06-12,71.52083333333333,4.089581345699183,307.4791666666667,,1.4402708333333338,2.649310512365849,218.21250000000006,28.61460416666667,9.067104166666663,21.490151613447576,,1.69375,20.1,36.0,0.0,0.0,25.0,0.0,30.0,5.873693022468482,357.2847692214319,,209.14539583333342,1.1589665478499185,0.8609845243491592,,112.99160956915422,0.862837673662947,,,,4.011798679102547,10.400001,8.0,0.0,,0.5014748348878184,4.011798679102547,True,4.011798679102547
1998-06-13,77.4229166666667,4.0202175089087735,256.6666666666667,,1.0392916666666665,2.980925842242108,179.4270833333334,28.674999999999994,8.726458333333335,23.44706704761202,,2.608333333333334,22.7,34.8,0.0,0.0,43.0,0.0,43.0,5.257128120606556,357.3797389941423,,170.70062500000006,1.1589665478499185,0.8607528806849357,,114.3973008527044,0.862837673662947,,,,4.061946162591329,10.8,8.1,0.0,,0.5014748348878184,4.061946162591329,True,4.061946162591329
1998-06-14,79.55,4.148088753977152,295.1875,,0.9943125000000004,3.1537762539771506,206.77916666666678,29.227083333333336,10.045833333333333,24.405273824351283,,2.6166666666666663,23.9,35.4,0.0,0.0,23.0,0.0,23.0,5.913329358290021,357.4588872369638,,196.73333333333343,1.1589665478499185,0.8628376736629468,,124.21691119301776,0.862837673662947,,,,4.412978547012802,11.8,8.8,0.0,,0.5014748348878184,4.412978547012802,True,4.412978547012802
1998-06-15,72.22916666666669,4.165510948937297,324.6041666666667,115.28668750000004,1.3433125000000004,2.8221984489372964,221.3708333333335,29.35210416666668,9.43479166666667,22.538540614473693,110.88654166666664,2.870833333333333,24.7,34.7,0.0,0.0,4.0,0.0,10.0,6.568871937255647,357.5222825519578,226.17322916666663,211.9360416666668,1.1589665478499185,0.862837673662947,262.12720662336017,128.51379239843277,0.862837673662947,1.0671768114004512,133.61341422492737,3.939876815657599,4.566185431996616,12.6,9.1,0.0,0.5017786189007271,0.5014748348878184,4.563420997479147,False,
1998-06-16,73.87083333333331,4.142550025481119,300.25,110.78936458333334,1.2885416666666665,2.854008358814451,219.98125,29.06041666666665,8.182729166666665,22.7628742787139,,2.0854166666666667,22.2,35.3,0.0,0.0,1.0,0.0,3.0,5.8653246711611216,357.56998691680167,,211.79852083333336,1.1589665478499185,0.862837673662947,,107.29559924693008,0.862837673662947,,128.4011674096318,,3.8112087451474204,10.1,7.6,0.0,,0.5014748348878184,3.8112087451474204,True,3.8112087451474204
1998-06-17,,,259.625,,,3.131245435475654,,29.75937500000001,,,,,23.4,35.5,18.0,18.0,27.0,,27.0,,357.602055588398,,,1.1589665478499185,0.862837673662947,,104.40115236568803,0.862837673662947,,,,3.710913778169856,9.2,7.4,2.9,,0.5014748348878184,3.710913778169856,True,3.710913778169856
1998-06-18,85.34166666666665,3.8860218666552298,154.27083333333334,,0.6220833333333332,3.2639385333218978,,28.33333333333333,,24.899627642791966,,,25.2,32.3,48.0,48.0,48.0,12.19,48.0,,357.61853702041964,,,1.1589665478499185,0.862837673662947,,103.13298080688284,0.862837673662947,,,,3.6607662946810735,8.900001,7.3,3.4,,0.5014748348878184,3.6607662946810735,True,3.6607662946810735
1998-06-19,82.59791666666669,3.5840260768239127,,,0.6910833333333336,,,,,22.953385701214298,,,22.3,32.1,48.0,48.0,48.0,0.0,48.0,,357.6194727947283,,,1.1589665478499185,0.862837673662947,,102.54241430185301,0.862837673662947,,,,3.610618961634743,8.900001,7.2000003,1.4,,0.5014748348878184,3.610618961634743,True,3.610618961634743
1998-06-20,78.28333333333332,3.666120416121062,,,0.8733958333333333,,,,,22.432981410754145,,,23.6,32.5,48.0,48.0,48.0,0.0,48.0,,357.604897566614,,,1.1589665478499185,0.862837673662947,,95.42141360537713,0.862837673662947,,,,3.3598815441908343,8.2,6.7000003,0.0,,0.5014748348878184,3.3598815441908343,True,3.3598815441908343
1998-06-21,81.26875000000003,3.9458875189689855,,,0.7824999999999999,,,,,24.097548858366928,,,23.4,34.1,48.0,48.0,48.0,0.0,48.0,,357.57483902380915,,,,,,89.72460877559601,,,,,3.1592914597932564,7.4,6.3,0.0,,0.5014748348878184,3.1592914597932564,True,3.1592914597932564
1998-06-22,80.46458333333338,4.131880302855785,,,0.9011250000000004,,,,,24.721058348227128,,,24.7,35.0,48.0,48.0,48.0,0.0,48.0,,357.5293178592423,,,,,,98.26980961136705,,,,,3.460176360725947,8.2,6.9,3.2,,0.5014748348878184,3.460176360725947,True,3.460176360725947
1998-06-23,78.67291666666667,4.159049161606675,247.16666666666663,,1.0566875,3.102361661606676,,28.856250000000006,,23.849013571431083,,,21.2,36.7,48.0,48.0,48.0,10.16,48.0,,357.4683477575055,,,,,,100.25654260376879,,,,,3.5604713277035107,8.3,7.1,4.1,,0.5014748348878184,3.5604713277035107,True,3.5604713277035107
1998-06-24,80.38333333333333,3.8368846862088413,297.0208333333333,,0.9507500000000002,2.886134686208841,,27.252083333333346,,22.677080111792275,,,19.1,38.4,48.0,48.0,48.0,0.0,48.0,,357.3919353950177,,,,,,97.58409521839123,,,,,3.460176360725947,8.1,6.9,5.8,,0.5014748348878184,3.460176360725947,True,3.460176360725947
1998-06-25,74.0958333333333,3.3366527910639565,231.27083333333331,,0.9527083333333332,2.3839444577306232,,24.79375,,19.08106323674571,,,17.0,35.7,48.0,48.0,48.0,57.13,48.0,,357.30008045388183,,,,,,75.13444436366096,,,,,2.6578166249054376,6.6,5.3,12.3,,0.5014748348878184,2.6578166249054376,True,2.6578166249054376
1998-06-26,69.32083333333335,3.4221567542566347,294.3125,,1.2781666666666671,2.143990087589968,,24.937541666666664,,17.942000166889034,,,14.9,35.7,48.0,48.0,48.0,0.0,48.0,,357.19277564943894,,,,,,85.04603885228588,,,,,3.0088490093269105,6.7000003,6.0,0.4,,0.5014748348878184,3.0088490093269105,True,3.0088490093269105
1998-06-27,74.70208333333333,3.5871916821661323,231.22916666666663,,1.0670625,2.5201291821661327,,26.4875,,20.630047163194412,,,20.1,35.6,48.0,48.0,48.0,0.0,48.0,,357.07000677153707,,,,,,77.84204978187725,,,,,2.7581115918830013,6.4,5.5,2.1000001,,0.5014748348878184,2.7581115918830013,True,2.7581115918830013
1998-06-28,82.37916666666666,4.022892889938463,,,0.9066875000000002,,,,,23.868630696672767,,,18.7,37.5,48.0,48.0,48.0,0.0,48.0,,356.9317527395355,,,,,,89.72460877559601,,,,,3.1592914597932564,7.2000003,6.3,6.2000003,,0.5014748348878184,3.1592914597932564,True,3.1592914597932564
1998-06-29,74.77708333333334,3.7348630368058817,216.91666666666663,,1.2849375000000005,2.449925536805881,,26.41666666666666,,20.106586337184538,,,17.4,38.9,48.0,48.0,48.0,17.520000000000003,48.0,,356.7779856710848,,,,,,89.17064493539922,,,,,3.1592914597932564,7.2000003,6.3,6.8,,0.5014748348878184,3.1592914597932564,True,3.1592914597932564
1998-06-30,62.29999999999999,4.014601356509123,,,1.835041666666666,,,,,18.21427472616862,,,15.6,37.2,48.0,48.0,48.0,0.0,48.0,,356.6086709647154,,,,,,113.93601114361398,,,,,4.011798679102547,10.1,8.0,2.9,,0.5014748348878184,4.011798679102547,True,4.011798679102547
1998-07-01,,,,,,,,,,,,,,,,,,,,,356.4237673962898,,,,,,121.05701184008987,,,,,4.262536096546457,11.0,8.5,0.0,,0.5014748348878184,4.262536096546457,True,4.262536096546457
1998-07-02,,,,,,,,,,,,,,,,,,,,,356.22322722936264,,,,,,125.32961225797537,,,,,4.412978547012802,11.5,8.8,0.0,,0.5014748348878184,4.412978547012802,True,4.412978547012802
1998-07-03,,,,,,,,,,,,,,,,,,,,,356.006996339506,,,,,,58.39220571110217,,,,,2.0560468230400555,5.4,4.1,2.3,,0.5014748348878184,2.0560468230400555,True,2.0560468230400555
1998-07-04,,,,,,,,,,,,,,,,,,,,,355.77501435265475,,,,,,86.87620849700565,,,,,3.0589964928156923,7.0,6.1,12.0,,0.5014748348878184,3.0589964928156923,True,3.0589964928156923
1998-07-05,,,,,,,,,,,,,,,,,,,,,355.527214797522,,,,,,81.17941221242539,,,,,2.8584067093030154,6.4,5.7000003,3.2,,0.5014748348878184,2.8584067093030154,True,2.8584067093030154
1998-07-06,,,,,,,,,,,,,,,,,,,,,355.26352527213555,,,,,,62.664806128987685,,,,,2.206489273506401,5.1,4.4,15.3,,0.5014748348878184,2.206489273506401,True,2.206489273506401
1998-07-07,,,,,,,,,,,,,,,,,,,,,354.9838676245366,,,,,,76.90680752193944,,,,,2.7079641083942194,6.1,5.4,1.6,,0.5014748348878184,2.7079641083942194,True,2.7079641083942194
1998-07-08,,,,,,,,,,,,,,,,,,,,,354.6881581476751,,,,,,88.30041290890125,,,,,3.1091441267469246,7.2000003,6.2000003,0.6,,0.5014748348878184,3.1091441267469246,True,3.1091441267469246
1998-07-09,,,,,,,,,,,,,,,,,,,,,354.3763077885219,,,,,,91.1488089148912,,,,,3.209438943282038,8.0,6.4,1.7,,0.5014748348878184,3.209438943282038,True,3.209438943282038
1998-07-10,,,,,,,,,,,,,,,,,,,,,354.0482223714093,,,,,,84.0278082184153,,,,,2.9587015258381286,7.6,5.9,0.0,,0.5014748348878184,2.9587015258381286,True,2.9587015258381286
1998-07-11,,,,,,,,,,,,,,,,,,,,,353.70380283558717,,,,,,58.39220571110217,,,,,2.0560468230400555,5.0,4.1,11.1,,0.5014748348878184,2.0560468230400555,True,2.0560468230400555
1998-07-12,,,,,,,,,,,,,,,,,,,,,353.3429454869699,,,,,,56.96800557180699,,,,,2.0058993395512736,4.7000003,4.0,36.3,,0.5014748348878184,2.0058993395512736,True,2.0058993395512736
1998-07-13,,,,,,,,,,,,,,,,,,,,,352.9655422640241,,,,,,52.69540515392147,,,,,1.855456889084928,4.5,3.7,20.300001,,0.5014748348878184,1.855456889084928,True,1.855456889084928
1998-07-14,,,,,,,,,,,,,,,,,,,,,352.57148101772185,,,,,,55.54380543251182,,,,,1.955751856062492,4.6,3.9,24.800001,,0.5014748348878184,1.955751856062492,True,1.955751856062492
1998-07-15,,,,,,,,,,,,,,,,,,,,,352.16064580546174,,,,,,54.11960529321664,,,,,1.9056043725737102,4.2000003,3.8,21.5,,0.5014748348878184,1.9056043725737102,True,1.9056043725737102
1998-07-16,,,,,,,,,,,,,,,,,,,,,351.73291719882525,,,,,,66.93741081947364,,,,,2.3569318744151966,5.7000003,4.7000003,6.9,,0.5014748348878184,2.3569318744151966,True,2.3569318744151966
1998-07-17,,,,,,,,,,,,,,,,,,,,,351.2881726050112,,,,,,84.0278082184153,,,,,2.9587015258381286,7.0,5.9,1.9,,0.5014748348878184,2.9587015258381286,True,2.9587015258381286
1998-07-18,,,,,,,,,,,,,,,,,,,,,350.82628660175413,,,,,,75.48260738264426,,,,,2.6578166249054376,6.3,5.3,7.6,,0.5014748348878184,2.6578166249054376,True,2.6578166249054376
1998-07-19,,,,,,,,,,,,,,,,,,,,,350.34713128549777,,,,,,76.90680752193944,,,,,2.7079641083942194,6.1,5.4,5.7000003,,0.5014748348878184,2.7079641083942194,True,2.7079641083942194
1998-07-20,,,,,,,,,,,,,,,,,,,,,349.85057663255975,,,,,,64.08900626828287,,,,,2.2566367569951833,5.3,4.5,2.6000001,,0.5014748348878184,2.2566367569951833,True,2.2566367569951833
1998-07-21,,,,,,,,,,,,,,,,,,,,,349.3364908729872,,,,,,84.0278082184153,,,,,2.9587015258381286,7.0,5.9,3.5,,0.5014748348878184,2.9587015258381286,True,2.9587015258381286
1998-07-22,,,,,,,,,,,,,,,,,,,,,348.80474087675896,,,,,,79.75520780052979,,,,,2.8082590753717835,6.5,5.6,4.6,,0.5014748348878184,2.8082590753717835,True,2.8082590753717835
1998-07-23,,,,,,,,,,,,,,,,,,,,,348.25519255195593,,,,,,86.87620849700565,,,,,3.0589964928156923,7.1,6.1,0.0,,0.5014748348878184,3.0589964928156923,True,3.0589964928156923
1998-07-24,,,,,,,,,,,,,,,,,,,,,347.6877112544758,,,,,,91.1488089148912,,,,,3.209438943282038,7.6,6.4,4.1,,0.5014748348878184,3.209438943282038,True,3.209438943282038
1998-07-25,,,,,,,,,,,,,,,,,,,,,347.102162208832,,,,,,78.33100766123461,,,,,2.7581115918830013,6.3,5.5,2.1000001,,0.5014748348878184,2.7581115918830013,True,2.7581115918830013
1998-07-26,,,,,,,,,,,,,,,,,,,,,346.4984109395271,,,,,,84.0278082184153,,,,,2.9587015258381286,6.6,5.9,2.5,,0.5014748348878184,2.9587015258381286,True,2.9587015258381286
1998-07-27,,,,,,,,,,,,,,,,,,,,,345.8763237124604,,,,,,84.0278082184153,,,,,2.9587015258381286,6.8,5.9,0.0,,0.5014748348878184,2.9587015258381286,True,2.9587015258381286
1998-07-28,,,,,,,,,,,,,,,,,,,,,345.2357679857775,,,,,,84.0278082184153,,,,,2.9587015258381286,7.0,5.9,0.8,,0.5014748348878184,2.9587015258381286,True,2.9587015258381286
1998-07-29,,,,,,,,,,,,,,,,,,,,,344.5766128695352,,,,,,69.78580682546357,,,,,2.4572266909503098,6.0,4.9,0.3,,0.5014748348878184,2.4572266909503098,True,2.4572266909503098
1998-07-30,,,,,,,,,,,,,,,,,,,,,343.89872959351334,,,,,,75.48260738264426,,,,,2.6578166249054376,6.3,5.3,0.0,,0.5014748348878184,2.6578166249054376,True,2.6578166249054376
1998-07-31,,,,,,,,,,,,,,,,,,,,,343.2019919824625,,,,,,76.90680752193944,,,,,2.7079641083942194,6.3,5.4,1.7,,0.5014748348878184,2.7079641083942194,True,2.7079641083942194
1998-08-01,,,,,,,,,,,,,,,,,,,,,342.48627693804514,,,,,,54.11960529321664,,,,,1.9056043725737102,4.7000003,3.8,28.9,,0.5014748348878184,1.9056043725737102,True,1.9056043725737102
1998-08-02,,,,,,,,,,,,,,,,,,,,,341.75146492668193,,,,,,66.93741081947364,,,,,2.3569318744151966,5.7000003,4.7000003,15.1,,0.5014748348878184,2.3569318744151966,True,2.3569318744151966
1998-08-03,,,,,,,,,,,,,,,,,,,,,340.99744047248845,,,,,,56.96800557180699,,,,,2.0058993395512736,4.8,4.0,2.0,,0.5014748348878184,2.0058993395512736,True,2.0058993395512736
1998-08-04,,,,,,,,,,,,,,,,,,,,,340.2240926544456,,,,,,56.96800557180699,,,,,2.0058993395512736,4.8,4.0,0.90000004,,0.5014748348878184,2.0058993395512736,True,2.0058993395512736
1998-08-05,,,,,,,,,,,,,,,,,,,,,339.43131560692126,,,,,,55.54380543251182,,,,,1.955751856062492,4.7000003,3.9,12.8,,0.5014748348878184,1.955751856062492,True,1.955751856062492
1998-08-06,,,,,,,,,,,,,,,,,,,,,338.61900902262926,,,,,,69.78580682546357,,,,,2.4572266909503098,5.7000003,4.9,4.4,,0.5014748348878184,2.4572266909503098,True,2.4572266909503098
1998-08-07,,,,,,,,,,,,,,,,,,,,,337.7870786570813,,,,,,62.664806128987685,,,,,2.206489273506401,5.4,4.4,4.0,,0.5014748348878184,2.206489273506401,True,2.206489273506401
1998-08-08,,,,,,,,,,,,,,,,,,,,,336.93543683356665,,,,,,56.96800557180699,,,,,2.0058993395512736,4.9,4.0,16.1,,0.5014748348878184,2.0058993395512736,True,2.0058993395512736
1998-08-09,,,,,,,,,,,,,,,,,,,,,336.06400294767013,,,,,,58.39220571110217,,,,,2.0560468230400555,4.7000003,4.1,11.7,,0.5014748348878184,2.0560468230400555,True,2.0560468230400555
1998-08-10,,,,,,,,,,,,,,,,,,,,,335.1727039703171,,,,,,65.51320640757804,,,,,2.3067842404839647,5.3,4.6,4.9,,0.5014748348878184,2.3067842404839647,True,2.3067842404839647
1998-08-11,,,,,,,,,,,,,,,,,,,,,334.26147494832037,,,,,,81.17941221242539,,,,,2.8584067093030154,6.7000003,5.7000003,0.0,,0.5014748348878184,2.8584067093030154,True,2.8584067093030154
1998-08-12,,,,,,,,,,,,,,,,,,,,,333.33025950138693,,,,,,75.48260738264426,,,,,2.6578166249054376,6.2000003,5.3,9.7,,0.5014748348878184,2.6578166249054376,True,2.6578166249054376
1998-08-13,,,,,,,,,,,,,,,,,,,,,332.3790103145328,,,,,,66.93741081947364,,,,,2.3569318744151966,5.5,4.7000003,6.1,,0.5014748348878184,2.3569318744151966,True,2.3569318744151966
1998-08-14,,,,,,,,,,,,,,,,,,,,,331.40768962484435,,,,,,69.78580682546357,,,,,2.4572266909503098,5.5,4.9,3.3,,0.5014748348878184,2.4572266909503098,True,2.4572266909503098
1998-08-15,,,,,,,,,,,,,,,,,,,,,330.41626970152214,,,,,,76.90680752193944,,,,,2.7079641083942194,6.3,5.4,6.5,,0.5014748348878184,2.7079641083942194,True,2.7079641083942194
1998-08-16,,,,,,,,,,,,,,,,,,,,,329.40473331813394,,,,,,79.75520780052979,,,,,2.8082590753717835,6.4,5.6,17.7,,0.5014748348878184,2.8082590753717835,True,2.8082590753717835
1998-08-17,,,,,,,,,,,,,,,,,,,,,328.37307421601867,,,,,,74.0584115159495,,,,,2.6076692918591062,6.0,5.2000003,11.3,,0.5014748348878184,2.6076692918591062,True,2.6076692918591062
1998-08-18,,,,,,,,,,,,,,,,,,,,,327.32129755776737,,,,,,71.21000696475875,,,,,2.5073741744390916,5.8,5.0,3.1000001,,0.5014748348878184,2.5073741744390916,True,2.5073741744390916
1998-08-19,,,,,,,,,,,,,,,,,,,,,326.24942036973624,,,,,,69.78580682546357,,,,,2.4572266909503098,5.8,4.9,1.0,,0.5014748348878184,2.4572266909503098,True,2.4572266909503098
1998-08-20,,,,,,,,,,,,,,,,,,,,,325.1574719725378,,,,,,66.93741081947364,,,,,2.3569318744151966,5.9,4.7000003,7.1,,0.5014748348878184,2.3569318744151966,True,2.3569318744151966
1998-08-21,,,,,,,,,,,,,,,,,,,,,324.04549439848495,,,,,,71.21000696475875,,,,,2.5073741744390916,6.4,5.0,2.9,,0.5014748348878184,2.5073741744390916,True,2.5073741744390916
1998-08-22,,,,,,,,,,,,,,,,,,,,,322.9135427949708,,,,,,64.08900626828287,,,,,2.2566367569951833,5.6,4.5,1.5,,0.5014748348878184,2.2566367569951833,True,2.2566367569951833
1998-08-23,,,,,,,,,,,,,,,,,,,,,321.76168581279063,,,,,,84.0278082184153,,,,,2.9587015258381286,7.0,5.9,0.0,,0.5014748348878184,2.9587015258381286,True,2.9587015258381286
1998-08-24,,,,,,,,,,,,,,,,,,,,,320.5900059784323,,,,,,86.87620849700565,,,,,3.0589964928156923,7.0,6.1,0.0,,0.5014748348878184,3.0589964928156923,True,3.0589964928156923
1998-08-25,,,,,,,,,,,,,,,,,,,,,319.3986000493947,,,,,,93.99720919348154,,,,,3.309733910259601,7.9,6.6,0.0,,0.5014748348878184,3.309733910259601,True,3.309733910259601
1998-08-26,,,,,,,,,,,,,,,,,,,,,318.1875793516112,,,,,,96.84560947207187,,,,,3.410028877237165,8.7,6.8,0.0,,0.5014748348878184,3.410028877237165,True,3.410028877237165
1998-08-27,,,,,,,,,,,,,,,,,,,,,316.9570700980985,,,,,,99.69400975066223,,,,,3.5103238442147284,8.6,7.0,0.0,,0.5014748348878184,3.5103238442147284,True,3.5103238442147284
1998-08-28,,,,,,,,,,,,,,,,,,,,,315.70721368797786,,,,,,88.30041290890125,,,,,3.1091441267469246,7.3,6.2000003,0.0,,0.5014748348878184,3.1091441267469246,True,3.1091441267469246
1998-08-29,,,,,,,,,,,,,,,,,,,,,314.4381669850564,,,,,,76.90680752193944,,,,,2.7079641083942194,6.2000003,5.4,8.0,,0.5014748348878184,2.7079641083942194,True,2.7079641083942194
1998-08-30,,,,,,,,,,,,,,,,,,,,,313.1501025751956,,,,,,74.0584115159495,,,,,2.6076692918591062,5.9,5.2000003,2.7,,0.5014748348878184,2.6076692918591062,True,2.6076692918591062
1998-08-31,,,,,,,,,,,,,,,,,,,,,311.84320900173344,,,,,,88.30041290890125,,,,,3.1091441267469246,7.7000003,6.2000003,1.5,,0.5014748348878184,3.1091441267469246,True,3.1091441267469246
1998-09-01,,,,,,,,,,,,,,,,,,,,,310.51769097827736,,,,,,61.240605989692504,,,,,2.156341790017619,5.3,4.3,2.7,,0.5014748348878184,2.156341790017619,True,2.156341790017619
1998-09-02,,,,,,,,,,,,,,,,,,,,,309.17376957822444,,,,,,59.81641012299776,,,,,2.106194456971288,5.3,4.2000003,19.9,,0.5014748348878184,2.106194456971288,True,2.106194456971288
1998-09-03,,,,,,,,,,,,,,,,,,,,,307.8116824004177,,,,,,41.30180403956007,,,,,1.4542770211746734,3.8,2.9,9.1,,0.5014748348878184,1.4542770211746734,True,1.4542770211746734
1998-09-04,,,,,,,,,,,,,,,,,,,,,306.4316837104008,,,,,,68.3616066861684,,,,,2.4070792074615284,5.4,4.8,1.3000001,,0.5014748348878184,2.4070792074615284,True,2.4070792074615284
1998-09-05,,,,,,,,,,,,,,,,,,,,,305.03404455677924,,,,,,62.664806128987685,,,,,2.206489273506401,5.2000003,4.4,2.9,,0.5014748348878184,2.206489273506401,True,2.206489273506401
1998-09-06,,,,,,,,,,,,,,,,,,,,,303.6190528622545,,,,,,45.5744044574456,,,,,1.604719471641019,3.8,3.2,14.5,,0.5014748348878184,1.604719471641019,True,1.604719471641019
1998-09-07,,,,,,,,,,,,,,,,,,,,,302.18701348895365,,,,,,54.11960529321664,,,,,1.9056043725737102,4.6,3.8,6.4,,0.5014748348878184,1.9056043725737102,True,1.9056043725737102
1998-09-08,,,,,,,,,,,,,,,,,,,,,300.73824827773035,,,,,,65.51320640757804,,,,,2.3067842404839647,5.7000003,4.6,1.0,,0.5014748348878184,2.3067842404839647,True,2.3067842404839647
1998-09-09,,,,,,,,,,,,,,,,,,,,,299.2730960611738,,,,,,66.93741081947364,,,,,2.3569318744151966,5.8,4.7000003,0.0,,0.5014748348878184,2.3569318744151966,True,2.3569318744151966
1998-09-10,,,,,,,,,,,,,,,,,,,,,297.7919126501198,,,,,,56.96800557180699,,,,,2.0058993395512736,4.9,4.0,0.0,,0.5014748348878184,2.0058993395512736,True,2.0058993395512736
1998-09-11,,,,,,,,,,,,,,,,,,,,,296.29507079351697,,,,,,64.08900626828287,,,,,2.2566367569951833,5.3,4.5,0.0,,0.5014748348878184,2.2566367569951833,True,2.2566367569951833
1998-09-12,,,,,,,,,,,,,,,,,,,,,294.7829601115638,,,,,,58.39220571110217,,,,,2.0560468230400555,4.6,4.1,0.0,,0.5014748348878184,2.0560468230400555,True,2.0560468230400555
1998-09-13,,,,,,,,,,,,,,,,,,,,,293.25598700209014,,,,,,66.93741081947364,,,,,2.3569318744151966,5.6,4.7000003,0.0,,0.5014748348878184,2.3569318744151966,True,2.3569318744151966
1998-09-14,,,,,,,,,,,,,,,,,,,,,291.7145745202183,,,,,,52.69540515392147,,,,,1.855456889084928,4.6,3.7,0.6,,0.5014748348878184,1.855456889084928,True,1.855456889084928
1998-09-15,,,,,,,,,,,,,,,,,,,,,290.15916223140243,,,,,,66.93741081947364,,,,,2.3569318744151966,6.0,4.7000003,0.0,,0.5014748348878184,2.3569318744151966,True,2.3569318744151966
1998-09-16,,,,,,,,,,,,,,,,,,,,,288.5902060379987,,,,,,46.99860459674077,,,,,1.6548669551298008,4.2000003,3.3,6.1,,0.5014748348878184,1.6548669551298008,True,1.6548669551298008
1998-09-17,,,,,,,,,,,,,,,,,,,,,287.00817797959115,,,,,,39.877603900264894,,,,,1.4041295376858915,3.3,2.8,11.1,,0.5014748348878184,1.4041295376858915,True,1.4041295376858915
1998-09-18,,,,,,,,,,,,,,,,,,,,,285.413566007343,,,,,,41.30180403956007,,,,,1.4542770211746734,3.4,2.9,12.1,,0.5014748348878184,1.4542770211746734,True,1.4542770211746734
1998-09-19,,,,,,,,,,,,,,,,,,,,,283.80687373271735,,,,,,42.726004178855256,,,,,1.5044245046634552,3.6000001000000004,3.0,15.900001,,0.5014748348878184,1.5044245046634552,True,1.5044245046634552
1998-09-20,,,,,,,,,,,,,,,,,,,,,282.18862015095914,,,,,,45.5744044574456,,,,,1.604719471641019,3.9,3.2,20.7,,0.5014748348878184,1.604719471641019,True,1.604719471641019
1998-09-21,,,,,,,,,,,,,,,,,,,,,280.5593393397923,,,,,,45.5744044574456,,,,,1.604719471641019,4.0,3.2,19.9,,0.5014748348878184,1.604719471641019,True,1.604719471641019
1998-09-22,,,,,,,,,,,,,,,,,,,,,278.91958013384425,,,,,,46.99860459674077,,,,,1.6548669551298008,4.0,3.3,2.4,,0.5014748348878184,1.6548669551298008,True,1.6548669551298008
1998-09-23,,,,,,,,,,,,,,,,,,,,,277.26990577535855,,,,,,44.15020574235056,,,,,1.5545720382997206,3.9,3.1000001,6.1,,0.5014748348878184,1.5545720382997206,True,1.5545720382997206
1998-09-24,,,,,,,,,,,,,,,,,,,,,275.61089354181905,,,,,,44.15020574235056,,,,,1.5545720382997206,3.9,3.1000001,11.0,,0.5014748348878184,1.5545720382997206,True,1.5545720382997206
1998-09-25,,,,,,,,,,,,,,,,,,,,,273.9431343511518,,,,,,52.69540515392147,,,,,1.855456889084928,4.8,3.7,5.2000003,,0.5014748348878184,1.855456889084928,True,1.855456889084928
1998-09-26,,,,,,,,,,,,,,,,,,,,,272.2672323452284,,,,,,61.240605989692504,,,,,2.156341790017619,5.5,4.3,1.4,,0.5014748348878184,2.156341790017619,True,2.156341790017619
1998-09-27,,,,,,,,,,,,,,,,,,,,,270.5838044524388,,,,,,69.78580682546357,,,,,2.4572266909503098,5.9,4.9,0.0,,0.5014748348878184,2.4572266909503098,True,2.4572266909503098
1998-09-28,,,,,,,,,,,,,,,,,,,,,268.8934799301485,,,,,,59.81641012299776,,,,,2.106194456971288,5.2000003,4.2000003,0.0,,0.5014748348878184,2.106194456971288,True,2.106194456971288
1998-09-29,,,,,,,,,,,,,,,,,,,,,267.1968998879014,,,,,,51.271206438826425,,,,,1.80530945574363,4.7000003,3.6000001000000004,0.8,,0.5014748348878184,1.80530945574363,True,1.80530945574363
1998-09-30,,,,,,,,,,,,,,,,,,,,,265.49471679226554,,,,,,34.1808033430842,,,,,1.2035396037307642,3.3,2.4,74.3,,0.5014748348878184,1.2035396037307642,True,1.2035396037307642
1998-10-01,,,,,,,,,,,,,,,,,,,,,263.78759395426584,,,,,,31.332403064493853,,,,,1.1032446367532005,2.8,2.2,3.8,,0.5014748348878184,1.1032446367532005,True,1.1032446367532005
1998-10-02,,,,,,,,,,,,,,,,,,,,,262.0762050003795,,,,,,39.877603900264894,,,,,1.4041295376858915,3.6000001000000004,2.8,4.6,,0.5014748348878184,1.4041295376858915,True,1.4041295376858915
1998-10-03,,,,,,,,,,,,,,,,,,,,,260.3612333281033,,,,,,39.877603900264894,,,,,1.4041295376858915,3.7,2.8,46.600002,,0.5014748348878184,1.4041295376858915,True,1.4041295376858915
1998-10-04,,,,,,,,,,,,,,,,,,,,,258.6433715471381,,,,,,51.271206438826425,,,,,1.80530945574363,4.5,3.6000001000000004,3.1000001,,0.5014748348878184,1.80530945574363,True,1.80530945574363
1998-10-05,,,,,,,,,,,,,,,,,,,,,256.92332090725745,,,,,,65.51320640757804,,,,,2.3067842404839647,6.0,4.6,0.0,,0.5014748348878184,2.3067842404839647,True,2.3067842404839647
1998-10-06,,,,,,,,,,,,,,,,,,,,,255.20179071396103,,,,,,65.51320640757804,,,,,2.3067842404839647,5.9,4.6,0.4,,0.5014748348878184,2.3067842404839647,True,2.3067842404839647
1998-10-07,,,,,,,,,,,,,,,,,,,,,253.47949773302685,,,,,,62.664806128987685,,,,,2.206489273506401,5.8,4.4,0.0,,0.5014748348878184,2.206489273506401,True,2.206489273506401
1998-10-08,,,,,,,,,,,,,,,,,,,,,251.75716558510342,,,,,,48.422804736035935,,,,,1.7050144386185826,3.9,3.4,0.0,,0.5014748348878184,1.7050144386185826,True,1.7050144386185826
1998-10-09,,,,,,,,,,,,,,,,,,,,,250.03552413149558,,,,,,37.02920504587468,,,,,1.3038346208558114,3.0,2.6000001,0.4,,0.5014748348878184,1.3038346208558114,True,1.3038346208558114
1998-10-10,,,,,,,,,,,,,,,,,,,,,248.31530885231118,,,,,,51.271206438826425,,,,,1.80530945574363,4.3,3.6000001000000004,0.0,,0.5014748348878184,1.80530945574363,True,1.80530945574363
1998-10-11,,,,,,,,,,,,,,,,,,,,,246.59726021814566,,,,,,52.69540515392147,,,,,1.855456889084928,4.4,3.7,0.0,,0.5014748348878184,1.855456889084928,True,1.855456889084928
1998-10-12,,,,,,,,,,,,,,,,,,,,,244.8821230564916,,,,,,32.75660320378902,,,,,1.1533921202419823,3.1000001,2.3,0.0,,0.5014748348878184,1.1533921202419823,True,1.1533921202419823
1998-10-13,,,,,,,,,,,,,,,,,,,,,243.17064591405702,,,,,,55.54380543251182,,,,,1.955751856062492,5.2000003,3.9,0.0,,0.5014748348878184,1.955751856062492,True,1.955751856062492
1998-10-14,,,,,,,,,,,,,,,,,,,,,241.46358041618453,,,,,,51.271206438826425,,,,,1.80530945574363,4.2000003,3.6000001000000004,0.0,,0.5014748348878184,1.80530945574363,True,1.80530945574363
1998-10-15,,,,,,,,,,,,,,,,,,,,,239.7616806245549,,,,,,58.39220571110217,,,,,2.0560468230400555,5.2000003,4.1,0.0,,0.5014748348878184,2.0560468230400555,True,2.0560468230400555
1998-10-16,,,,,,,,,,,,,,,,,,,,,238.0657023943531,,,,,,62.664806128987685,,,,,2.206489273506401,6.0,4.4,0.3,,0.5014748348878184,2.206489273506401,True,2.206489273506401
1998-10-17,,,,,,,,,,,,,,,,,,,,,236.37640273206833,,,,,,56.96800557180699,,,,,2.0058993395512736,5.4,4.0,0.8,,0.5014748348878184,2.0058993395512736,True,2.0058993395512736
1998-10-18,,,,,,,,,,,,,,,,,,,,,234.69453915508439,,,,,,35.60500348237937,,,,,1.2536870872195458,3.3,2.5,0.0,,0.5014748348878184,1.2536870872195458,True,1.2536870872195458
1998-10-19,,,,,,,,,,,,,,,,,,,,,233.02086905420123,,,,,,58.39220571110217,,,,,2.0560468230400555,5.3,4.1,0.0,,0.5014748348878184,2.0560468230400555,True,2.0560468230400555
1998-10-20,,,,,,,,,,,,,,,,,,,,,231.35614906021027,,,,,,54.11960529321664,,,,,1.9056043725737102,4.9,3.8,1.5,,0.5014748348878184,1.9056043725737102,True,1.9056043725737102
1998-10-21,,,,,,,,,,,,,,,,,,,,,229.70113441562282,,,,,,46.99860459674077,,,,,1.6548669551298008,4.2000003,3.3,0.0,,0.5014748348878184,1.6548669551298008,True,1.6548669551298008
1998-10-22,,,,,,,,,,,,,,,,,,,,,228.05657835262897,,,,,,54.11960529321664,,,,,1.9056043725737102,5.4,3.8,0.0,,0.5014748348878184,1.9056043725737102,True,1.9056043725737102
1998-10-23,,,,,,,,,,,,,,,,,,,,,226.42323147833127,,,,,,41.30180403956007,,,,,1.4542770211746734,4.2000003,2.9,0.0,,0.5014748348878184,1.4542770211746734,True,1.4542770211746734
1998-10-24,,,,,,,,,,,,,,,,,,,,,224.80184116827144,,,,,,51.271206438826425,,,,,1.80530945574363,5.1,3.6000001000000004,0.0,,0.5014748348878184,1.80530945574363,True,1.80530945574363
1998-10-25,,,,,,,,,,,,,,,,,,,,,223.1931509692312,,,,,,54.11960529321664,,,,,1.9056043725737102,5.3,3.8,0.0,,0.5014748348878184,1.9056043725737102,True,1.9056043725737102
1998-10-26,,,,,,,,,,,,,,,,,,,,,221.59790001225446,,,,,,55.54380543251182,,,,,1.955751856062492,5.3,3.9,0.0,,0.5014748348878184,1.955751856062492,True,1.955751856062492
1998-10-27,,,,,,,,,,,,,,,,,,,,,220.01682243679562,,,,,,49.847004875331116,,,,,1.7551619221073644,4.7000003,3.5,0.0,,0.5014748348878184,1.7551619221073644,True,1.7551619221073644
1998-10-28,,,,,,,,,,,,,,,,,,,,,218.4506468268618,,,,,,45.5744044574456,,,,,1.604719471641019,4.0,3.2,0.0,,0.5014748348878184,1.604719471641019,True,1.604719471641019
1998-10-29,,,,,,,,,,,,,,,,,,,,,216.90009565996644,,,,,,51.271206438826425,,,,,1.80530945574363,4.9,3.6000001000000004,0.0,,0.5014748348878184,1.80530945574363,True,1.80530945574363
1998-10-30,,,,,,,,,,,,,,,,,,,,,215.36588476967285,,,,,,51.271206438826425,,,,,1.80530945574363,5.0,3.6000001000000004,0.0,,0.5014748348878184,1.80530945574363,True,1.80530945574363
1998-10-31,,,,,,,,,,,,,,,,,,,,,213.84872282244916,,,,,,48.422804736035935,,,,,1.7050144386185826,4.4,3.4,0.0,,0.5014748348878184,1.7050144386185826,True,1.7050144386185826
1998-11-01,,,,,,,,,,,,,,,,,,,,,212.34931080951398,,,,,,41.30180403956007,,,,,1.4542770211746734,3.5,2.9,0.0,,0.5014748348878184,1.4542770211746734,True,1.4542770211746734
1998-11-02,,,,,,,,,,,,,,,,,,,,,210.86834155429167,,,,,,46.99860459674077,,,,,1.6548669551298008,4.2000003,3.3,0.0,,0.5014748348878184,1.6548669551298008,True,1.6548669551298008
1998-11-03,,,,,,,,,,,,,,,,,,,,,209.4064992360484,,,,,,44.15020574235056,,,,,1.5545720382997206,4.2000003,3.1000001,4.1,,0.5014748348878184,1.5545720382997206,True,1.5545720382997206
1998-11-04,,,,,,,,,,,,,,,,,,,,,207.96445893021846,,,,,,28.48400278590349,,,,,1.0029496697756368,2.7,2.0,6.1,,0.5014748348878184,1.0029496697756368,True,1.0029496697756368
1998-11-05,,,,,,,,,,,,,,,,,,,,,206.5428861658774,,,,,,34.1808033430842,,,,,1.2035396037307642,3.4,2.4,0.0,,0.5014748348878184,1.2035396037307642,True,1.2035396037307642
1998-11-06,,,,,,,,,,,,,,,,,,,,,205.14243650075684,,,,,,34.1808033430842,,,,,1.2035396037307642,3.3,2.4,0.0,,0.5014748348878184,1.2035396037307642,True,1.2035396037307642
1998-11-07,,,,,,,,,,,,,,,,,,,,,203.76375511413696,,,,,,37.02920504587468,,,,,1.3038346208558114,3.5,2.6000001,0.0,,0.5014748348878184,1.3038346208558114,True,1.3038346208558114
1998-11-08,,,,,,,,,,,,,,,,,,,,,202.4074764178928,,,,,,31.332403064493853,,,,,1.1032446367532005,2.6000001,2.2,0.0,,0.5014748348878184,1.1032446367532005,True,1.1032446367532005
1998-11-09,,,,,,,,,,,,,,,,,,,,,201.07422368590656,,,,,,44.15020574235056,,,,,1.5545720382997206,4.2000003,3.1000001,0.0,,0.5014748348878184,1.5545720382997206,True,1.5545720382997206
1998-11-10,,,,,,,,,,,,,,,,,,,,,199.7646087019993,,,,,,41.30180403956007,,,,,1.4542770211746734,4.0,2.9,0.0,,0.5014748348878184,1.4542770211746734,True,1.4542770211746734
1998-11-11,,,,,,,,,,,,,,,,,,,,,198.4792314264706,,,,,,41.30180403956007,,,,,1.4542770211746734,3.9,2.9,0.0,,0.5014748348878184,1.4542770211746734,True,1.4542770211746734
1998-11-12,,,,,,,,,,,,,,,,,,,,,197.21867968127307,,,,,,32.75660320378902,,,,,1.1533921202419823,3.0,2.3,0.0,,0.5014748348878184,1.1533921202419823,True,1.1533921202419823
1998-11-13,,,,,,,,,,,,,,,,,,,,,195.9835288537882,,,,,,28.48400278590349,,,,,1.0029496697756368,2.6000001,2.0,0.0,,0.5014748348878184,1.0029496697756368,True,1.0029496697756368
1998-11-14,,,,,,,,,,,,,,,,,,,,,194.77434161910443,,,,,,37.02920504587468,,,,,1.3038346208558114,3.3,2.6000001,0.0,,0.5014748348878184,1.3038346208558114,True,1.3038346208558114
1998-11-15,,,,,,,,,,,,,,,,,,,,,193.59166768064125,,,,,,35.60500348237937,,,,,1.2536870872195458,3.3,2.5,0.0,,0.5014748348878184,1.2536870872195458,True,1.2536870872195458
1998-11-16,,,,,,,,,,,,,,,,,,,,,192.43604352890125,,,,,,37.02920504587468,,,,,1.3038346208558114,3.4,2.6000001,0.0,,0.5014748348878184,1.3038346208558114,True,1.3038346208558114
1998-11-17,,,,,,,,,,,,,,,,,,,,,191.30799221807104,,,,,,35.60500348237937,,,,,1.2536870872195458,3.2,2.5,0.0,,0.5014748348878184,1.2536870872195458,True,1.2536870872195458
1998-11-18,,,,,,,,,,,,,,,,,,,,,190.20802316013797,,,,,,34.1808033430842,,,,,1.2035396037307642,3.4,2.4,0.0,,0.5014748348878184,1.2035396037307642,True,1.2035396037307642
1998-11-19,,,,,,,,,,,,,,,,,,,,,189.13663193613053,,,,,,34.1808033430842,,,,,1.2035396037307642,3.0,2.4,0.0,,0.5014748348878184,1.2035396037307642,True,1.2035396037307642
1998-11-20,,,,,,,,,,,,,,,,,,,,,188.09430012403772,,,,,,44.15020574235056,,,,,1.5545720382997206,4.3,3.1000001,0.0,,0.5014748348878184,1.5545720382997206,True,1.5545720382997206
1998-11-21,,,,,,,,,,,,,,,,,,,,,187.0814951429111,,,,,,28.48400278590349,,,,,1.0029496697756368,2.8,2.0,0.0,,0.5014748348878184,1.0029496697756368,True,1.0029496697756368
1998-11-22,,,,,,,,,,,,,,,,,,,,,186.09867011260133,,,,,,24.211402368017968,,,,,0.8525072193092913,2.4,1.7,0.6,,0.5014748348878184,0.8525072193092913,True,0.8525072193092913
1998-11-23,,,,,,,,,,,,,,,,,,,,,185.14626372853883,,,,,,28.48400278590349,,,,,1.0029496697756368,2.7,2.0,2.7,,0.5014748348878184,1.0029496697756368,True,1.0029496697756368
1998-11-24,,,,,,,,,,,,,,,,,,,,,184.22470015091906,,,,,,31.332403064493853,,,,,1.1032446367532005,2.7,2.2,0.3,,0.5014748348878184,1.1032446367532005,True,1.1032446367532005
1998-11-25,,,,,,,,,,,,,,,,,,,,,183.33438890761903,,,,,,28.48400278590349,,,,,1.0029496697756368,2.5,2.0,0.0,,0.5014748348878184,1.0029496697756368,True,1.0029496697756368
1998-11-26,,,,,,,,,,,,,,,,,,,,,182.47572481012585,,,,,,34.1808033430842,,,,,1.2035396037307642,3.2,2.4,0.0,,0.5014748348878184,1.2035396037307642,True,1.2035396037307642
1998-11-27,,,,,,,,,,,,,,,,,,,,,181.64908788173636,,,,,,38.45340376096972,,,,,1.3539820541971097,3.9,2.7,0.0,,0.5014748348878184,1.3539820541971097,True,1.3539820541971097
1998-11-28,,,,,,,,,,,,,,,,,,,,,180.8548432972456,,,,,,34.1808033430842,,,,,1.2035396037307642,3.4,2.4,0.0,,0.5014748348878184,1.2035396037307642,True,1.2035396037307642
1998-11-29,,,,,,,,,,,,,,,,,,,,,180.09334133332734,,,,,,32.75660320378902,,,,,1.1533921202419823,3.0,2.3,0.0,,0.5014748348878184,1.1533921202419823,True,1.1533921202419823
1998-11-30,,,,,,,,,,,,,,,,,,,,,179.36491732878068,,,,,,28.48400278590349,,,,,1.0029496697756368,2.4,2.0,0.0,,0.5014748348878184,1.0029496697756368,True,1.0029496697756368
1998-12-01,,,,,,,,,,,,,,,,,,,,,178.66989165380764,,,,,,37.02920504587468,,,,,1.3038346208558114,3.6000001000000004,2.6000001,0.0,,0.5014748348878184,1.3038346208558114,True,1.3038346208558114
1998-12-02,,,,,,,,,,,,,,,,,,,,,178.0085696874692,,,,,,35.60500348237937,,,,,1.2536870872195458,3.5,2.5,0.0,,0.5014748348878184,1.2536870872195458,True,1.2536870872195458
1998-12-03,,,,,,,,,,,,,,,,,,,,,177.38124180246385,,,,,,32.75660320378902,,,,,1.1533921202419823,3.0,2.3,0.0,,0.5014748348878184,1.1533921202419823,True,1.1533921202419823
1998-12-04,,,,,,,,,,,,,,,,,,,,,176.7881833563717,,,,,,34.1808033430842,,,,,1.2035396037307642,3.1000001,2.4,0.0,,0.5014748348878184,1.2035396037307642,True,1.2035396037307642
1998-12-05,,,,,,,,,,,,,,,,,,,,,176.22965468850632,,,,,,34.1808033430842,,,,,1.2035396037307642,3.2,2.4,1.2,,0.5014748348878184,1.2035396037307642,True,1.2035396037307642
1998-12-06,,,,,,,,,,,,,,,,,,,,,175.70590112152928,,,,,,35.60500348237937,,,,,1.2536870872195458,3.4,2.5,0.0,,0.5014748348878184,1.2536870872195458,True,1.2536870872195458
1998-12-07,,,,,,,,,,,,,,,,,,,,,175.21715296699222,,,,,,41.30180403956007,,,,,1.4542770211746734,4.0,2.9,0.0,,0.5014748348878184,1.4542770211746734,True,1.4542770211746734
1998-12-08,,,,,,,,,,,,,,,,,,,,,174.76362553399122,,,,,,39.877603900264894,,,,,1.4041295376858915,4.0,2.8,0.0,,0.5014748348878184,1.4041295376858915,True,1.4041295376858915
1998-12-09,,,,,,,,,,,,,,,,,,,,,174.34551914014114,,,,,,34.1808033430842,,,,,1.2035396037307642,3.3,2.4,0.0,,0.5014748348878184,1.2035396037307642,True,1.2035396037307642
1998-12-10,,,,,,,,,,,,,,,,,,,,,173.96301912410576,,,,,,35.60500348237937,,,,,1.2536870872195458,3.6000001000000004,2.5,0.0,,0.5014748348878184,1.2536870872195458,True,1.2536870872195458
1998-12-11,,,,,,,,,,,,,,,,,,,,,173.6162958589508,,,,,,42.726004178855256,,,,,1.5044245046634552,4.5,3.0,0.0,,0.5014748348878184,1.5044245046634552,True,1.5044245046634552
1998-12-12,,,,,,,,,,,,,,,,,,,,,173.3055047656287,,,,,,19.938801950132447,,,,,0.7020647688429458,2.1000001,1.4,3.2,,0.5014748348878184,0.7020647688429458,True,0.7020647688429458
1998-12-13,,,,,,,,,,,,,,,,,,,,,173.03078632593892,,,,,,18.514603235037416,,,,,0.6519173355016474,1.7,1.3000001,4.9,,0.5014748348878184,0.6519173355016474,True,0.6519173355016474
1998-12-14,,,,,,,,,,,,,,,,,,,,,172.79226609436176,,,,,,28.48400278590349,,,,,1.0029496697756368,2.8,2.0,0.4,,0.5014748348878184,1.0029496697756368,True,1.0029496697756368
1998-12-15,,,,,,,,,,,,,,,,,,,,,172.5900547082071,,,,,,19.938801950132447,,,,,0.7020647688429458,2.0,1.4,0.0,,0.5014748348878184,0.7020647688429458,True,0.7020647688429458
1998-12-16,,,,,,,,,,,,,,,,,,,,,172.4242478955761,,,,,,32.75660320378902,,,,,1.1533921202419823,3.6000001000000004,2.3,0.0,,0.5014748348878184,1.1533921202419823,True,1.1533921202419823
1998-12-17,,,,,,,,,,,,,,,,,,,,,172.29492648069126,,,,,,37.02920504587468,,,,,1.3038346208558114,3.9,2.6000001,0.0,,0.5014748348878184,1.3038346208558114,True,1.3038346208558114
1998-12-18,,,,,,,,,,,,,,,,,,,,,172.20215638620812,,,,,,25.63560393151329,,,,,0.9026547529455566,2.5,1.8000001,0.0,,0.5014748348878184,0.9026547529455566,True,0.9026547529455566
1998-12-19,,,,,,,,,,,,,,,,,,,,,172.14598863218723,,,,,,31.332403064493853,,,,,1.1032446367532005,3.1000001,2.2,0.0,,0.5014748348878184,1.1032446367532005,True,1.1032446367532005
1998-12-20,,,,,,,,,,,,,,,,,,,,,172.12645933146732,,,,,,27.05980264660832,,,,,0.9528021862868551,2.5,1.9,0.0,,0.5014748348878184,0.9528021862868551,True,0.9528021862868551
1998-12-21,,,,,,,,,,,,,,,,,,,,,172.14358968124836,,,,,,25.63560393151329,,,,,0.9026547529455566,2.4,1.8000001,0.0,,0.5014748348878184,0.9026547529455566,True,0.9026547529455566
1998-12-22,,,,,,,,,,,,,,,,,,,,,172.19738595076285,,,,,,35.60500348237937,,,,,1.2536870872195458,3.5,2.5,0.0,,0.5014748348878184,1.2536870872195458,True,1.2536870872195458
1998-12-23,,,,,,,,,,,,,,,,,,,,,172.2878394649789,,,,,,29.908204349398808,,,,,1.0530972034119022,2.8,2.1000001,0.0,,0.5014748348878184,1.0530972034119022,True,1.0530972034119022
1998-12-24,,,,,,,,,,,,,,,,,,,,,172.41492658435143,,,,,,37.02920504587468,,,,,1.3038346208558114,3.7,2.6000001,0.0,,0.5014748348878184,1.3038346208558114,True,1.3038346208558114
1998-12-25,,,,,,,,,,,,,,,,,,,,,172.57860868070716,,,,,,21.363002089427628,,,,,0.7522122523317276,2.0,1.5,0.0,,0.5014748348878184,0.7522122523317276,True,0.7522122523317276
1998-12-26,,,,,,,,,,,,,,,,,,,,,172.77883210941658,,,,,,12.817801823336627,,,,,0.45132737145803004,1.2,0.90000004,9.7,,0.5014748348878184,0.45132737145803004,True,0.45132737145803004
1998-12-27,,,,,,,,,,,,,,,,,,,,,173.0155281780751,,,,,,25.63560393151329,,,,,0.9026547529455566,2.5,1.8000001,0.0,,0.5014748348878184,0.9026547529455566,True,0.9026547529455566
1998-12-28,,,,,,,,,,,,,,,,,,,,,173.28861311198384,,,,,,28.48400278590349,,,,,1.0029496697756368,2.8,2.0,0.3,,0.5014748348878184,1.0029496697756368,True,1.0029496697756368
1998-12-29,,,,,,,,,,,,,,,,,,,,,173.59798801678485,,,,,,48.422804736035935,,,,,1.7050144386185826,5.3,3.4,2.4,,0.5014748348878184,1.7050144386185826,True,1.7050144386185826
1998-12-30,,,,,,,,,,,,,,,,,,,,,173.9435388386686,,,,,,31.332403064493853,,,,,1.1032446367532005,3.3,2.2,0.0,,0.5014748348878184,1.1032446367532005,True,1.1032446367532005
1998-12-31,,,,,,,,,,,,,,,,,,,,,174.32513632263237,,,,,,21.363002089427628,,,,,0.7522122523317276,2.1000001,1.5,0.0,,0.5014748348878184,0.7522122523317276,True,0.7522122523317276
